#{"t_start": 1763544255.1246347, "env_id": "None"}
r,l,t
-394.4271,29,1.682664
-383.57855,49,1.860251
151.6172,51,1.881414
132.25696,56,1.933878
152.3131,75,2.10738
-414.10037,77,2.12694
149.83604,83,2.182904
-552.54333,85,2.198751
148.93187,40,2.233973
-412.91586,32,2.525301
-413.46765,48,2.564608
113.26317,72,2.593744
126.517166,47,2.611443
81.732735,143,2.719714
-571.3632,150,2.786016
161.18398,69,2.819201
124.08993,155,2.827386
49.81891,82,2.842772
-20.832294,178,3.030613
-414.36426,59,3.121698
141.326,46,3.181252
-381.13367,44,3.495702
-474.16763,92,3.817092
-33.47815,347,4.481639
85.08442,113,4.798144
-93.26988,268,4.884175
-640.0772,170,4.999232
-713.33923,267,5.149098
-372.60895,45,5.524265
-126.79418,451,5.784262
-850.1376,512,6.500151
117.172356,121,6.55062
-831.8846,483,6.925585
164.09966,71,8.611689
-392.52335,34,8.722518
147.19023,69,9.303104
-998.57367,713,9.39534
-467.4211,118,9.882811
101.67021,134,10.566689
132.81488,120,11.009944
66.78816,83,11.364213
-3.6327136,88,11.846105
140.2334,95,12.262292
186.81091,29,12.530651
-152.59116,584,12.707384
141.27838,66,13.270031
-62.734585,288,16.296724
-2366.2175,1268,18.150652
-512.79175,345,18.243942
-617.8723,1106,18.365393
-785.8319,1174,19.443434
-3889.0928,1600,19.499905
-1764.5332,1600,19.499961
-743.00903,152,19.665456
198.35768,45,20.125047
129.26468,95,20.437035
-1673.0209,1600,20.686507
-1036.8226,1600,20.897151
-1892.664,1600,21.017651
-1725.3855,1600,21.036793
-451.8253,76,21.166843
-500.80853,68,21.334955
142.85513,60,21.594306
-420.13754,56,21.868573
90.97633,231,23.850366
76.213425,191,24.226557
-2907.2798,1600,24.348153
189.69133,58,24.374975
-424.0055,50,24.670432
-1939.7938,1600,24.743907
119.75432,63,24.897254
-1469.91,1600,26.284115
-95.36055,374,26.720927
155.0733,54,26.757356
-516.3904,441,27.064613
122.91696,49,27.169848
-1748.7054,1225,27.179158
-421.21283,47,27.497613
-4022.2754,1600,27.587116
-404.99478,44,27.877926
39.48587,204,28.564029
19.569527,250,29.764005
-1257.5071,1373,30.820835
139.96487,43,31.181505
-46.486996,388,31.406686
-1137.0322,1119,31.55546
150.81749,40,31.76322
110.83345,81,31.896698
-2331.1501,1277,31.993599
117.282555,49,32.43869
-406.71967,32,32.725318
93.74424,138,32.811838
43.530643,110,32.890487
95.91833,164,34.351172
-1987.315,1600,34.743618
38.9518,243,34.882107
-1979.4556,1600,37.844915
91.83061,163,38.218427
14.940259,156,38.295505
-700.4219,510,38.340266
-2109.6812,1600,39.27727
-1072.3661,1600,39.411196
152.10239,67,39.989046
74.04811,235,40.050816
-1671.4446,1600,41.177966
-2576.428,1600,41.495835
-1043.1826,1600,41.586668
-378.56735,44,41.595385
-2700.7512,1600,41.744827
-104.88231,634,42.256065
-411.97614,58,42.299064
-904.1649,475,42.791291
-398.66452,73,42.980082
-921.9009,330,43.915582
14.048852,214,44.267761
-145.30466,584,44.487827
130.55472,84,44.512827
-414.71484,93,44.759623
103.16768,45,44.887136
-1912.2183,1600,44.896408
163.68932,37,45.088295
-793.2323,1600,45.579054
116.585724,81,45.588795
31.334875,109,45.833126
-467.37292,198,46.008331
-1397.8429,1600,46.282362
193.48764,32,46.292595
111.30938,40,46.638052
-1182.4514,1600,47.092794
126.573845,89,47.871722
-1538.4077,642,48.115348
72.903984,176,48.190274
-162.721,465,48.583228
169.70322,74,48.756099
142.7948,71,48.802295
-966.65985,376,48.88365
-781.528,972,49.050902
-396.31372,45,49.200042
-397.03897,39,49.23022
4.0210795,416,50.57049
160.52274,44,50.678591
185.67467,27,50.832211
-413.9924,43,51.101063
72.71556,88,51.141939
-1627.2019,1600,51.201945
51.536316,321,52.662733
-167.44028,671,52.730828
-70.39775,311,52.758199
50.44984,189,52.936128
-734.3121,986,53.037256
-418.45157,41,53.317858
130.9981,39,53.383571
-749.907,1476,53.721452
-87.01481,141,53.948588
-48.022675,336,53.989969
-94.928,329,54.173215
-456.38733,260,55.083996
-414.9197,1189,55.379436
-257.62634,593,55.604559
-453.20612,212,56.054635
-2582.2085,1600,57.930696
-398.7203,38,57.947063
132.86066,60,58.454377
-234.01457,388,58.93365
-1100.9377,1600,59.402028
-371.44897,48,59.882492
-433.11148,50,60.356375
-105.15139,576,60.462206
80.57713,180,60.615631
-106.74445,586,60.812893
150.55392,45,61.011203
124.44602,63,61.01983
-196.86159,573,61.785129
-2179.8896,1600,62.095883
-810.59766,483,62.258497
-385.0599,26,62.316821
180.84845,43,62.685696
-379.33414,28,62.933589
167.9988,33,63.227652
-1328.6057,1600,64.345614
-442.43222,949,64.38112
7.303933,177,64.392312
113.50967,82,65.128757
105.53535,93,65.128834
-1191.6797,630,65.137222
57.724277,101,65.256929
-1128.7489,1600,66.005514
158.44571,101,66.062869
136.59387,102,66.062933
-1117.041,1249,66.520407
-195.41046,581,66.566349
-431.03912,56,67.035047
-533.0632,1056,67.362371
-1140.9097,1288,67.465049
-396.1759,48,67.881278
-193.32971,687,68.131079
-2379.2747,1600,68.169705
-260.03903,251,68.247396
164.09244,80,68.588398
111.23982,158,69.495763
-391.6499,25,69.785851
48.78437,186,70.880856
178.37917,53,71.263195
-1109.4967,375,71.395985
-385.7425,31,71.56369
-415.8496,828,71.722168
-1536.619,1432,72.019351
104.3995,64,72.176713
-81.57337,528,72.286967
-377.9295,28,72.551176
-1145.6317,379,73.115551
-927.501,858,73.148871
-102.298996,467,73.46335
136.07573,38,73.477379
126.79062,38,73.799387
108.542786,143,73.81641
-374.60437,32,74.069711
103.84605,112,74.069766
-1466.9553,910,74.298208
154.0933,38,74.392211
112.417564,81,74.4993
175.56215,53,74.516401
-21.12847,335,74.718711
-714.8913,403,75.021668
-256.99527,990,75.130816
11.916541,350,75.276584
176.79219,56,75.618988
-873.55566,543,75.797955
-472.05984,1022,76.153401
92.112686,103,76.15346
-470.3099,110,77.971081
99.59117,192,78.105833
-290.16568,267,78.476319
-50.906696,316,78.476367
-2557.6472,1600,78.50392
-2472.1208,1600,78.70847
-387.39972,26,78.732462
136.25082,48,78.903001
-793.82904,393,79.380801
111.3034,117,79.809787
144.19499,94,80.307972
177.05453,50,80.795102
-93.004234,266,80.997418
-376.54883,68,81.438758
90.31245,101,81.960358
-101.88723,665,82.036069
-504.58624,65,82.658099
-1640.6788,1600,82.934272
-377.75677,31,83.22021
76.97656,167,83.527232
82.78655,89,84.436499
-1915.4142,1600,84.784863
-19.568628,509,85.034446
-356.50552,55,85.262387
-39.668026,417,85.681195
15.246847,328,85.995295
88.70878,248,86.117192
79.823685,195,86.742861
140.86755,135,86.875047
136.41252,85,87.601971
145.62843,57,88.107692
-1651.1775,1125,88.246434
-2024.3477,1600,88.303997
-39.45485,247,88.888628
87.19667,135,89.411451
-2710.6665,1262,89.428329
97.00984,65,89.447502
127.42966,140,89.511162
-1108.1163,1600,89.64602
-1376.793,1600,91.410547
-16.171982,182,91.847492
-95.73284,199,92.192348
131.99298,157,92.786353
-3436.3044,1600,92.821712
83.43252,69,93.373933
-1550.7239,1600,93.581886
-3124.1426,1600,93.705406
-89.111946,559,93.766355
193.27675,26,93.990462
-765.399,211,94.020635
-26.615479,449,94.142868
-3271.8423,1600,94.290134
-2089.814,1600,94.487789
72.22504,70,94.608497
-284.9736,570,95.342193
-684.4989,960,95.371103
165.99457,39,95.711172
83.90105,73,98.830609
152.24277,41,99.201602
30.450647,209,99.357209
-434.88632,42,99.572176
-192.4059,746,99.648164
-410.1653,53,99.843351
-21.44831,328,99.968332
160.2694,35,99.988444
-818.3085,426,100.881588
136.77249,107,101.110488
-402.81442,47,101.337872
35.219196,140,101.450951
-489.6676,497,101.870754
-80.42784,291,102.481561
-1275.113,1600,102.510191
-448.41235,37,102.876646
-496.74487,151,102.913812
-2678.6602,1600,103.419554
89.10649,114,104.010891
64.61504,169,104.110757
-3338.3762,1600,104.225452
138.0549,35,104.415363
-325.80606,643,104.721305
-421.74112,885,104.778704
-416.70572,41,106.146106
125.15874,102,106.39717
-173.19275,401,106.667252
-57.11576,249,106.734465
-250.703,673,107.295521
96.690216,170,107.323808
-138.23799,592,107.857039
34.558712,368,108.327058
124.687096,59,108.828228
-170.47351,634,109.602043
-1079.1462,1401,110.173152
-3213.379,1600,110.393805
-1191.0391,489,111.167496
-1916.1978,1600,111.522285
114.239746,143,113.956871
-826.94025,1600,114.787715
-458.99805,793,114.808232
-156.90167,583,114.971445
-200.60027,737,115.164007
-918.68866,731,115.348493
-401.28088,71,115.409297
-418.41165,56,115.463027
177.33676,40,115.514599
-1390.9869,1600,115.571728
97.06007,188,115.615138
128.7631,102,115.70548
112.12749,74,115.995589
-182.84384,450,116.113162
109.1816,100,116.441241
70.32701,133,116.570926
-439.49326,40,116.799341
24.856796,496,117.249354
-356.33353,55,117.276557
158.17786,76,117.953444
58.236477,298,118.093493
-9.254036,523,118.183717
-382.92786,318,118.452655
-318.10626,974,119.028363
-1869.2299,1600,119.123502
91.86896,59,121.054643
-26.412663,411,121.189277
-655.2385,198,121.266476
127.55169,85,122.000096
-42.97227,306,122.440729
58.896954,93,123.250926
-1592.4767,1428,123.346258
137.84892,34,123.565184
-583.6451,114,124.39237
-38.520817,514,124.558053
-203.4051,479,125.461547
-2406.6401,1600,125.592797
39.601738,146,125.703191
-424.21884,133,125.75752
-2549.636,1503,126.257396
-547.264,683,128.356953
-1218.6743,843,129.36903
-33.72701,300,129.369084
-399.71976,60,129.900599
-490.65848,1317,130.002111
-407.6932,763,130.057037
-2313.626,1305,130.083916
-60.397274,304,130.181096
-1749.8239,1600,130.941457
-520.6045,1220,130.986055
13.553673,460,131.096864
-113.38948,498,131.341805
-454.4854,166,131.676823
-385.999,39,132.038161
79.30151,211,132.188872
188.68161,32,132.347597
144.09387,43,132.759171
-1801.8298,1600,133.341296
129.70326,32,134.702834
-1447.4318,1600,134.888263
133.60886,131,135.017668
-495.07986,521,135.275456
-97.37661,473,135.379057
-473.19794,44,135.404679
-636.71185,378,135.504627
-384.191,41,135.77317
-457.0016,55,135.867797
-1471.8269,1600,136.368628
122.145706,84,136.489043
-268.97058,612,136.696817
-40.0698,215,136.75807
114.76964,68,137.099301
-32.28586,237,137.590935
76.54062,161,137.806143
-263.61276,249,138.070694
116.54217,101,138.496542
-366.02875,54,138.553784
-42.81928,258,139.048567
147.27492,37,139.382636
9.010503,172,139.392136
-482.7966,109,139.523785
-284.69427,482,139.618274
137.75777,63,139.984063
-154.58765,331,140.129533
-888.50616,774,142.546528
-3276.0762,1600,142.675428
137.14932,31,142.97781
-333.57584,743,143.753132
103.77995,224,143.978177
-1727.3113,1600,144.980384
147.82257,129,145.117971
-8.118912,295,145.191144
-246.85704,412,145.494597
119.79961,54,145.589057
-452.36557,73,145.61743
-559.90814,404,145.646517
-575.0872,539,145.842576
155.17717,67,146.090987
129.94014,72,146.219113
80.998795,68,146.236277
-72.62315,444,146.337932
-1969.915,1600,146.357468
-733.52655,1334,146.843518
119.10134,89,147.008482
105.61578,113,147.329346
106.07066,125,147.420686
1.7572129,422,147.494281
163.80235,59,147.520591
-2049.4514,1451,147.623761
19.727869,177,147.741934
-1596.0734,1600,147.991648
-144.20656,631,149.269402
85.336624,61,149.304803
140.21991,52,149.488603
178.2299,28,149.536513
-21.823969,194,149.56853
-383.79385,33,149.78391
-1807.3131,1600,149.86978
-654.02466,175,149.997529
-435.53293,1134,150.34868
-434.39618,130,150.500736
126.542786,103,150.512744
112.77307,85,150.575557
-193.7809,552,151.129308
118.944466,174,151.957036
-686.70276,377,151.967347
-384.16934,29,152.237803
134.13515,45,152.400243
179.51318,27,152.491609
94.25881,219,152.604665
-111.23708,463,152.739076
-393.57712,657,152.772454
-501.59116,188,152.838533
140.77898,43,152.868926
-138.93857,507,152.97871
10.680499,273,153.024706
155.12283,35,153.285453
-126.55506,426,153.436172
106.772125,64,153.445231
154.15329,77,153.528704
191.38585,32,153.716402
130.67354,108,153.727318
182.48045,53,153.897731
-150.64023,433,153.950325
134.5052,41,154.088076
124.25506,74,154.18042
51.589863,220,155.766595
-189.73694,563,156.386173
-523.4255,341,156.415192
3.4128656,378,156.549785
-383.97906,75,157.054739
-156.73895,279,157.217183
-1773.3455,1394,157.356478
-185.25148,494,157.931963
-428.45605,118,158.122045
-102.52003,412,158.368987
-131.37076,490,158.436322
50.360756,217,158.496557
106.4337,51,158.578387
-853.12,1252,159.095197
104.30842,104,159.279489
86.96257,105,159.416942
41.621925,106,159.504733
-11.516332,243,159.522554
103.01119,58,159.620767
-705.6604,527,159.667383
-372.11066,30,159.807554
-373.03745,57,159.99893
26.242449,206,160.404064
-393.29526,79,160.5058
-379.58862,35,160.822696
130.87599,68,161.36837
95.32491,191,164.147355
-1653.5299,1347,164.200103
-1696.2705,1600,164.396038
175.14352,33,164.522623
192.68465,35,164.749626
198.84602,29,164.814842
-718.9249,700,165.505691
73.68872,102,166.671903
-112.121346,493,167.432037
114.187195,95,167.505565
-555.43414,592,167.643206
170.84543,41,167.832127
-1331.2917,1600,168.04847
151.83224,34,168.107698
84.21131,110,168.509519
65.430016,182,169.589963
-794.1172,548,171.419953
-287.00024,834,171.560527
-169.77023,645,171.719774
7.0909114,257,171.786215
-1191.5205,756,171.796505
-559.45984,1072,171.976116
-558.2056,908,172.113973
-178.92896,750,172.131312
173.11983,55,172.248265
181.73108,49,172.268309
126.164986,118,172.268358
44.685547,69,172.443872
182.86838,27,172.513341
-495.12454,51,172.743008
170.85292,45,172.86837
-218.35684,469,173.060303
-414.87885,38,173.106355
173.94292,34,173.196202
-3315.8792,1600,173.356784
76.532845,90,173.383316
183.6381,51,173.685338
-1721.2627,1600,173.754035
8.505548,209,173.972588
58.672447,150,174.524258
-1040.2042,1600,174.655109
-69.90318,293,174.848135
52.459743,130,174.856667
-406.26233,28,175.091856
176.27858,40,175.460413
17.458624,238,175.509273
137.16203,46,175.846714
118.04188,146,175.911229
-2841.053,1600,176.068458
162.33598,72,176.442268
164.87059,65,176.59242
-208.71396,573,176.716192
197.20425,23,176.771722
143.02989,68,179.71164
146.8841,91,180.602284
-307.49927,933,180.843767
138.67192,92,181.75064
-1195.1069,787,182.73241
-1389.7809,1600,183.750038
101.524666,73,184.416628
178.7059,29,184.660298
-431.5149,912,184.721604
-1804.298,719,184.744772
-1202.8296,1192,185.137745
172.9421,49,185.252243
167.93413,30,185.435166
-373.70343,38,187.305264
100.593094,190,188.165156
47.97459,196,188.659069
28.745214,179,189.048775
79.45592,97,189.102633
123.50964,49,189.134016
108.00006,152,190.82329
-465.39587,50,191.408505
-1244.9615,1600,191.658999
-1119.6217,726,191.811613
-2287.3955,1600,191.819879
167.75539,53,191.976934
153.81047,51,192.246873
91.85865,68,192.270015
-406.12064,50,192.410028
197.58987,37,192.571267
-1259.8143,1600,192.842806
-2634.233,1600,196.913986
-377.05347,27,197.152673
-1597.6259,1343,197.172459
178.87186,26,197.38326
-2090.3633,1600,197.457336
-243.63956,512,197.699177
-1524.3397,1600,197.828207
169.29124,50,197.864163
198.69762,30,198.107426
141.48132,44,198.522643
-2242.45,1600,198.862159
174.88115,56,199.325835
-181.13812,735,199.610751
-1479.5498,1600,199.718172
29.092009,412,200.675999
-1171.8456,1600,201.045075
-83.16858,442,201.456412
-1149.5137,505,201.795016
-1175.9613,1600,202.097751
182.79738,48,205.611338
207.73909,25,205.877841
73.434074,176,206.241681
-669.0249,614,206.377063
-155.73251,501,206.958236
-407.45,45,207.350432
-295.22186,910,207.565613
-1704.794,1600,207.883571
-2280.5186,579,209.052868
-50.42102,308,209.097763
-550.57935,904,209.618261
130.95168,77,209.719956
-752.3763,1216,209.949699
-381.28796,48,210.105314
186.95998,50,210.363108
192.66275,30,210.363159
119.41546,65,210.917512
-108.538895,765,212.440505
-5.9493184,454,212.99894
-816.49896,485,213.048266
128.75752,67,213.08085
167.27832,33,213.301837
184.91951,27,213.356192
199.76941,25,213.59942
-1149.9146,1498,213.653757
58.220802,199,213.662974
-1442.8274,1600,214.083588
76.43197,51,214.102399
171.93744,64,214.164845
-400.2377,36,214.432678
-518.40875,150,214.688133
-1107.347,1600,214.719242
162.87135,55,214.932217
-393.81744,44,215.090121
206.86452,28,215.323871
90.26596,144,215.373483
151.1326,62,215.470241
-731.7526,1294,215.812528
105.51403,89,216.162173
-403.48837,39,216.175305
141.30353,38,216.494712
-411.48624,49,216.580453
-209.98592,475,216.717844
-380.20718,45,217.082019
-903.3469,388,217.097526
-46.821377,288,217.23563
145.2123,78,217.722473
111.17292,140,220.501733
-1700.8912,1600,220.592574
75.14308,150,221.028655
-17.191763,308,221.672937
-1147.6848,1600,222.457093
173.34154,89,223.169645
-2396.313,1600,223.299633
173.38676,32,223.421371
-2208.3464,1600,223.568789
-409.56845,44,223.663673
115.57638,32,223.915338
-409.12393,45,223.923659
-270.55344,673,224.072385
-496.4731,82,224.072443
140.5077,68,224.617902
166.87865,115,224.826299
-1261.0425,1600,224.969409
79.87942,123,227.035604
-890.94666,1600,227.512348
-679.485,1086,227.70883
-199.40178,584,227.723741
177.9085,52,227.889293
-1231.4502,1600,227.953529
60.064167,172,228.329786
-380.8261,45,228.677031
123.00344,112,228.813954
-381.66608,29,229.046746
97.80706,193,229.19283
209.65987,31,229.44327
-1965.8273,1327,229.680217
-1286.9329,1600,229.73964
87.79547,53,230.123767
-721.69275,1326,230.561031
-937.4089,1600,230.689951
-410.34894,44,231.050167
5.127438,445,232.43623
5.8257265,309,232.543381
177.54965,30,232.80512
157.69948,46,232.829183
-967.7661,1307,233.299828
158.72003,130,233.975082
-469.75244,287,234.026917
131.27881,36,234.284129
-764.1668,1420,234.446601
-106.9164,498,234.641386
166.66562,42,235.007737
-35.908714,281,235.731036
-151.59859,795,236.255026
-1125.8317,1600,236.371813
188.8455,31,236.505272
189.56847,30,236.607027
-1790.8479,1253,236.654446
-190.44524,554,236.696238
191.82515,37,236.908486
-484.3822,333,237.132436
151.36984,51,237.305187
-17.258072,281,239.71524
-590.7797,220,240.231815
-422.28818,45,240.677676
83.65241,192,240.725444
-1365.1422,1600,241.256929
81.68445,58,241.314562
-1161.231,676,241.534419
-711.0853,1086,241.727898
192.56583,50,241.84013
-167.02365,590,241.840187
-4.923548,339,242.001781
79.65499,98,242.270082
-428.72348,47,242.318961
14.392588,269,242.365015
-1699.3374,1600,242.484025
-2223.934,1600,242.758327
125.396,42,242.942071
75.05672,136,243.235238
-405.19083,50,243.25283
169.97649,39,243.278771
-287.78986,529,243.399179
-171.61705,550,243.414587
143.71834,51,243.661698
-436.5427,68,244.048341
108.1445,84,244.060738
-1305.7682,1600,244.424537
-402.64716,115,244.622869
37.713226,167,244.986533
-426.98053,86,245.034985
-447.9071,128,245.082475
-420.411,52,245.182098
109.98478,95,248.114768
-31.818123,361,248.210571
-8.276546,352,248.285161
70.17422,69,248.769414
-213.76085,602,248.911412
-733.3139,206,249.110059
-745.9898,1600,249.444407
142.94327,64,249.467216
-694.96204,1401,249.545013
146.17477,118,250.419035
45.595966,230,250.654238
176.89258,34,250.932097
-161.66982,529,251.004203
87.6028,89,251.134099
-194.93192,773,251.234663
69.12315,105,251.866294
141.89394,104,252.066544
-26.140656,328,252.226223
-981.99023,1600,252.718285
-738.5226,246,257.061959
-351.05762,568,257.109943
-129.20448,386,257.109997
21.905132,298,257.176671
-726.6899,965,257.763648
-64.5271,388,258.731996
-176.79018,491,259.078175
119.59895,167,259.288695
97.32963,85,260.203897
-80.87216,391,260.858005
-1155.171,1153,261.357625
-1622.0144,1600,261.430972
-1677.9512,1568,261.576884
-1472.873,1600,263.773673
89.50282,74,264.444263
-467.07422,618,264.678939
-356.3201,496,265.346893
138.03926,78,265.468799
-489.66565,279,265.875694
-16.867655,356,266.014824
-983.24927,1600,266.236566
-67.14946,332,266.256029
159.8241,42,266.289621
-1275.1543,1600,266.381844
104.72847,134,266.640542
124.73142,160,267.007145
147.68591,104,267.019928
-1319.9419,1600,267.10526
111.26525,99,267.193628
131.46536,61,267.230576
204.87207,27,267.454917
-422.223,45,267.454967
160.92056,46,267.546587
-93.56087,356,267.884238
131.9878,59,267.959573
105.56974,69,268.048079
-1994.4666,1600,268.18211
-37.57851,201,268.223449
-395.88254,143,268.285273
123.74541,123,268.309238
-1236.1107,789,270.886816
10.330549,228,271.362002
-1903.482,1600,271.84459
135.59332,67,271.90626
201.2598,32,272.112832
-111.36707,369,272.121195
-2.7907808,360,272.388437
-1164.8097,1299,272.395204
-171.06981,534,272.410074
146.43694,61,272.619374
151.7032,40,272.730171
75.20252,119,272.892509
-534.6351,412,272.95583
184.07391,36,273.17748
-732.27625,667,273.460561
111.513916,136,273.499425
-257.52197,483,273.707944
-19.9438,350,273.737024
83.71884,177,273.81473
130.1299,112,273.855214
-110.37788,501,273.921945
-1409.481,533,274.069329
120.3893,45,274.06938
175.33232,42,274.079177
-439.69327,170,274.118686
164.17729,41,274.15903
157.35655,63,274.461298
-384.85742,64,274.754605
183.03636,46,274.951729
-1102.7988,1600,274.975657
-200.5528,623,275.127596
178.53181,102,275.239842
102.74351,126,275.391372
16.26371,154,275.492724
185.78853,32,275.795033
34.0712,248,275.834529
57.65906,93,275.874889
-633.25586,373,276.042052
-16.629126,267,276.061704
113.24336,74,276.110417
-588.42816,218,279.111689
172.2448,108,279.133685
-428.22473,58,279.19936
100.41313,154,279.319082
185.2043,40,279.32797
155.17169,50,279.548599
85.502464,80,279.613836
139.28052,82,279.613891
140.84377,56,279.66952
-1274.5525,1600,279.896919
-28.144308,326,280.066989
145.56969,64,280.143169
39.694763,101,280.458616
-748.1905,191,280.754573
2.7277193,264,281.026587
172.57205,34,281.059736
85.33671,209,281.096204
-271.4532,398,281.194618
59.36011,195,281.333633
115.02377,42,281.408849
-2341.8372,1600,281.666306
148.49344,43,281.994494
105.44918,164,282.480526
-64.73706,315,282.480579
-624.5251,417,282.739134
-406.5405,650,283.527812
89.72922,145,283.697296
-5.9510536,278,284.277615
70.61166,110,285.599651
-119.925835,657,286.755584
-975.2002,625,287.614007
-297.1989,777,287.654528
-178.8308,496,288.045456
180.3376,32,288.298
108.30137,85,288.372038
182.271,36,288.597327
170.0827,32,288.63204
-569.7986,387,288.660235
109.80486,73,289.211291
147.76492,70,289.220782
177.90727,29,289.458287
211.93385,29,289.685381
-1400.0249,1600,289.754389
-109.07557,312,290.197463
-350.99625,1091,291.118253
34.987133,249,291.199676
144.32812,127,291.228575
-2023.422,1600,291.323704
58.271576,199,291.338309
105.055695,70,291.918549
115.356384,143,292.369225
111.995384,155,292.488305
-438.9237,1198,292.524797
-0.24121478,227,293.165154
-2590.063,1600,293.611778
-2580.7412,1600,294.418087
-519.54065,110,294.564491
-564.5303,1168,295.172687
-137.61707,523,295.674011
-3144.3635,1600,296.26691
95.63233,68,296.355335
-1644.8406,1600,296.646547
-476.80643,772,298.025364
69.395355,58,298.137616
-1492.0039,1600,298.831201
-246.82458,530,299.009593
113.66657,125,299.191025
178.28462,44,299.373227
-76.42544,515,300.092408
93.145424,122,300.166644
-2093.2231,1600,300.7474
-240.34291,621,301.573884
90.80511,170,301.590563
43.54696,204,301.803203
-2701.905,1600,301.898205
-1367.3154,1045,302.586016
171.74881,43,304.188014
-573.9664,1486,305.994433
-33.80341,362,306.20236
-696.63196,801,306.323507
-3098.9226,1322,306.410326
-114.34602,482,306.431973
-164.83995,499,307.980827
179.35815,36,308.299403
-1159.4038,1600,308.559626
167.19795,43,308.90952
-405.43347,665,309.082791
-1481.871,1600,309.167301
-313.87698,666,309.280672
190.16754,32,309.331197
-389.16443,27,309.502262
118.37309,47,309.557758
123.09827,60,309.814797
-251.68993,445,311.245588
180.81387,35,311.545419
129.04114,147,311.807878
-283.54846,543,311.892936
157.67438,39,312.147445
-1358.7588,1600,312.239169
113.04619,65,312.454614
-877.15314,1480,312.696775
-472.54694,687,313.424928
-2611.486,1600,313.588626
-33.4614,315,314.141552
170.27158,62,314.730295
-1350.5507,1600,315.20904
137.9277,60,315.336032
-1258.9011,1600,315.788407
98.96296,71,315.83768
-543.53375,992,316.078932
147.13223,38,316.38647
-673.1961,867,318.470234
-71.9225,391,318.811685
146.22646,79,318.827585
-65.00037,215,319.347381
-215.37662,631,319.402778
-61.58626,298,319.594067
200.78398,31,319.601568
182.05011,33,319.679123
47.154102,108,319.693659
-370.7377,24,319.87606
179.7114,48,320.102819
150.24326,76,320.248216
134.9042,42,320.458323
162.80415,36,320.769705
-971.31494,1336,320.793787
8.414464,273,321.1064
-794.8981,1600,321.163154
21.018261,325,321.171101
197.90846,45,321.534467
43.4758,170,321.661718
158.00685,37,321.840432
12.055988,271,322.157568
-612.9133,332,322.3899
-2222.9084,1321,322.886211
125.39503,107,323.064882
-846.5115,1021,323.158369
-706.28125,384,324.859078
82.3566,151,325.04736
181.62904,29,325.151668
54.01897,239,326.233152
-21.073175,254,326.483993
-85.12299,504,326.544646
64.64368,199,327.100749
-2007.2085,1600,327.135036
-80.13769,524,327.416549
-1534.4124,1600,327.52899
140.10127,44,327.548349
115.208046,70,328.116841
118.61739,92,328.438345
-483.16986,642,328.76516
-1119.5057,726,328.790118
-560.1219,780,328.85694
-1318.7653,1600,328.975617
-1561.983,1600,329.282381
140.79587,71,329.384058
131.6219,99,329.596003
93.72951,81,329.650505
-185.39981,706,329.835824
146.57578,63,329.910086
-1624.6044,1600,331.970202
105.025764,165,332.332496
-120.17703,472,332.434429
-199.4699,530,332.702493
-657.5072,268,332.769068
116.583694,146,332.804992
109.07936,120,332.994254
164.10597,52,333.221158
181.47581,29,333.45532
106.22385,149,333.949086
-375.56564,490,333.959279
-1317.1947,1600,334.202565
-400.22403,46,334.329939
123.93508,258,334.478651
-368.8477,383,334.710726
-50.427277,414,334.791768
-88.13997,466,335.219384
-876.8122,704,335.359251
-771.31354,787,335.76903
-386.79416,691,336.106203
118.91534,76,336.507688
72.77681,249,336.695624
-250.39162,469,337.072422
136.27489,62,337.129576
116.90114,68,337.381497
-378.78583,27,337.401417
-366.7215,28,339.324667
98.169716,84,339.520504
-379.8828,54,339.528851
112.84902,68,339.9061
-28.594715,328,340.01049
-677.81976,1183,340.558507
-399.72238,555,340.724031
-523.8573,590,341.283341
158.38292,65,341.838212
-548.53204,463,341.94688
-214.1363,868,342.395508
93.87779,81,342.616215
-164.37843,634,342.73628
-1022.05414,1600,342.978539
-340.76544,737,343.043066
-297.48514,558,344.271392
-952.6175,583,344.467559
-172.59555,246,346.068257
139.11316,83,346.446738
-430.30795,78,346.737924
-191.68817,673,346.889143
-209.95958,439,347.370646
-1423.1173,1384,347.473018
-453.00516,131,347.555751
177.67035,45,347.744151
-182.02803,436,347.910339
-427.2818,1235,348.277878
-404.65805,111,348.395644
116.19875,105,348.431206
176.7948,38,348.58801
184.7156,28,348.818493
155.07611,66,348.923539
-3338.7092,1475,349.219908
163.22792,32,349.48161
8.796966,205,349.605136
160.4985,32,349.735874
-73.62777,381,350.023405
-393.15533,983,350.054577
-485.57016,214,350.159577
72.24652,86,350.290211
143.4508,51,350.436586
114.104355,62,350.553296
138.47722,69,350.71551
-28.329435,377,350.81432
126.9504,62,353.090388
206.16792,24,353.17164
-68.297455,268,353.271314
91.27824,60,353.695036
-1315.1573,1600,353.724243
-758.2823,1038,353.933401
184.22546,29,353.984965
-698.7129,340,354.745071
108.83102,107,354.901007
40.60275,193,354.94701
52.554893,220,355.011667
-102.08537,353,355.919693
136.59543,118,356.169158
93.242035,78,356.708421
-1087.5397,678,357.032513
-216.48347,453,357.133859
-790.4548,1244,357.315706
-1154.2858,1600,357.324833
27.633852,262,357.401172
196.65875,36,357.655344
46.357113,118,357.86999
-1307.3292,1600,358.116815
-1064.5933,1079,358.499091
88.41311,109,358.888168
-1414.7839,424,360.804674
-1064.3402,336,361.099607
104.88998,194,361.156065
124.61526,94,361.406574
20.816137,273,361.577846
-344.8276,507,361.584885
-1318.2605,1600,361.784396
173.06865,36,361.887423
187.73181,45,362.256905
111.14847,153,362.359289
-483.9123,775,362.559369
136.567,67,362.804407
-1320.9884,1600,363.371586
123.90777,118,363.496668
162.10486,88,363.50567
172.40897,30,363.617322
-189.3125,623,364.128199
-381.5781,600,364.180687
-1189.2407,628,364.261048
-191.98303,245,364.355364
-361.43704,366,364.407008
194.56091,50,364.680823
167.63815,61,364.914864
107.77361,72,364.955349
-147.2652,572,364.974817
120.945755,35,364.974871
95.80932,168,365.033553
-273.61023,630,365.151414
-71.88978,423,365.313648
153.24796,69,365.645121
128.72186,50,365.645177
-934.5403,1305,365.826715
150.43541,118,368.095773
-91.61835,316,368.31019
-32.23311,181,368.705966
47.155262,213,368.997929
205.69905,26,369.235808
-118.85639,401,369.844164
84.75918,135,370.35334
15.655539,204,370.49355
-82.87106,287,370.684617
-926.2188,592,370.775079
-80.73345,424,371.405814
-2732.2354,1600,371.913824
-791.2039,1066,371.940143
97.357735,73,371.997037
136.57079,122,372.909256
-261.68295,599,372.941726
-2313.6047,868,376.130951
-537.3667,841,376.15097
-817.7238,371,376.575927
-111.557365,268,376.757368
-577.01105,272,376.829076
-1141.6693,768,377.776023
-357.95007,54,378.207372
-855.4118,717,378.236919
-2044.0698,1600,378.254158
-1301.1431,1600,378.674917
-150.80037,331,378.822739
36.059963,269,378.997987
-597.9293,1098,379.091753
140.21596,48,379.232529
-602.8441,123,379.281786
-529.5648,1027,382.580939
83.68976,143,382.59917
58.896034,294,382.852376
-2136.2483,1600,383.446659
-1230.3718,1127,383.532834
30.131649,259,383.58731
199.88617,28,383.767272
-265.68674,351,383.767326
-144.24162,413,383.799799
40.3304,235,384.535122
205.56679,30,384.803103
-1836.1567,1600,384.891745
55.947624,175,385.283767
170.21524,33,385.596909
-213.83586,395,386.138414
-124.66287,358,387.18327
-1485.5236,1600,389.074162
-765.66345,1168,389.396665
-46.546265,329,390.018506
145.44572,152,390.322068
-1656.951,1600,390.403201
-275.0528,303,390.681864
-217.34396,265,392.19041
-119.76812,289,392.768796
-1391.9565,1600,393.365927
-2486.4133,1600,393.561617
-422.3092,101,393.623035
179.35507,35,393.67173
-1220.6815,1139,393.704575
-65.71475,409,394.061295
111.41547,49,395.440142
81.38966,140,396.195113
-3204.4868,1484,396.507614
-82.038445,588,396.739477
203.34956,24,396.739527
199.88441,41,397.136928
-55.482754,423,397.348955
-1581.791,1600,397.523136
-365.49655,57,397.680671
146.67606,101,397.708249
-871.4639,242,397.74762
-794.7529,1186,397.796051
74.43991,186,397.985924
127.23844,92,398.564233
194.95903,26,398.814935
104.03514,111,398.863581
-246.5003,418,398.941993
-408.41547,944,399.082591
-123.563545,141,399.112308
184.79845,36,399.220972
152.33992,41,399.484632
-152.20956,493,399.698755
-2906.622,1600,400.051703
113.69201,121,400.134182
-900.4731,1600,400.210715
-21.778019,292,400.219472
131.10045,66,400.281136
88.750725,123,400.281182
-1273.9364,1600,400.422733
28.76211,321,400.643227
117.74846,89,401.040562
110.72827,107,402.297268
-2172.6785,1600,402.386769
32.365917,288,402.41013
167.27733,61,402.522986
177.77502,31,402.682405
-646.9854,379,403.10377
-1442.6393,1600,403.152603
138.05962,110,404.039317
35.57685,191,404.3063
2.3615968,345,404.557261
20.055616,219,404.951215
-207.67976,492,405.31144
171.85071,64,405.479547
-40.586838,197,407.06688
-464.06854,536,407.093997
-251.96878,526,410.744448
-448.9092,355,410.818185
151.69827,57,411.253587
20.092237,275,411.64387
114.21366,55,411.691374
-1716.4059,1315,411.97727
141.40327,46,412.016508
-508.1452,60,412.473627
-1343.4325,1600,412.709028
-599.1594,1120,412.913715
-672.4571,413,414.201243
38.049137,201,414.326324
153.9371,37,414.624498
-354.4917,52,414.62455
-1461.9194,1600,414.856064
-1327.0756,1023,416.12135
136.7684,34,416.462241
-993.9187,1458,416.658246
142.13441,125,417.072154
95.15068,156,417.125193
202.88313,25,417.368737
-1149.0784,1600,417.390011
-1163.6099,517,418.042703
-1227.5415,1600,418.127036
-1546.0875,1600,418.284303
-436.67758,136,418.688731
99.56928,66,418.68878
-1006.52637,1507,418.717815
189.82742,39,419.064472
-2042.9121,1600,419.466331
67.101715,233,419.611398
-642.91003,1055,419.620468
93.78909,145,419.660806
163.98383,145,420.007376
-123.89162,458,420.604979
85.494064,293,420.657322
-606.83374,247,420.746537
-485.7213,809,421.00265
-165.26636,479,421.26316
-2582.7563,1600,422.480021
122.01356,82,422.62233
-5.0342946,281,423.172098
96.45938,125,423.251488
-42.072628,372,423.3786
-257.77243,437,423.562591
-376.52078,50,423.699851
146.2163,39,423.74491
179.45422,66,423.75253
41.80936,141,423.815598
201.54941,27,423.971803
54.929585,163,425.102743
-499.0484,886,425.197788
0.28565606,222,425.461036
121.43937,63,425.729861
97.9299,81,425.785715
-891.6009,665,425.955299
27.347939,247,425.983287
-394.22296,45,426.238453
165.38034,92,426.362594
-366.10022,679,427.411389
-2485.8828,1600,427.535441
-1407.9727,1600,427.921268
128.03937,65,430.19206
-490.45444,786,430.688647
-903.3128,811,430.803693
-29.86298,306,431.006005
-318.18655,41,431.143498
98.155045,171,431.187806
64.09798,141,431.265969
-78.33994,314,431.370583
88.44734,151,431.436937
153.26581,76,431.627696
-436.05017,68,431.727178
134.579,91,431.975804
110.55544,83,431.992545
-338.5712,698,432.059216
-429.9774,736,432.298056
-2725.5415,1532,432.334891
-1101.3888,1195,433.064414
147.95085,82,433.064464
-410.13242,55,433.655867
8.2005415,191,434.028249
-428.81427,628,434.245142
-112.40177,364,434.253135
-433.4467,62,434.79847
-394.86288,669,434.817266
105.212875,98,435.10093
-488.9561,755,435.118062
-481.38864,197,438.632736
-469.60645,543,438.642109
-1309.4974,1600,438.995802
66.91831,234,439.217078
196.03114,47,439.636883
-687.1116,307,439.832123
-109.71455,642,440.033801
-1672.3029,1600,440.990635
28.622976,218,441.367087
-175.31544,343,441.42046
-135.96075,348,441.467731
-290.95593,815,441.649844
142.13484,84,442.327713
54.8535,135,442.511776
-281.3636,858,445.426981
-1344.9602,1171,449.579357
-388.76218,26,449.795807
-204.23119,570,450.263914
-1127.6079,1600,450.456136
-1455.4922,1600,450.668379
-822.0994,1600,450.752821
-367.64987,35,450.809253
-2360.346,1600,451.34131
21.558956,224,453.829207
-473.28555,773,453.891014
-1062.5076,1600,453.957262
141.96892,40,454.301336
-1372.3527,1600,454.431262
-1119.9407,1127,454.468462
127.20871,73,454.468512
-46.857525,199,454.485576
207.9734,27,454.537335
134.1893,43,454.831917
179.50806,36,455.182442
67.357834,97,455.418274
-889.8117,1394,455.793317
64.18886,226,456.499774
142.11543,46,456.954463
-1040.0052,507,457.639915
-2380.746,1327,457.838671
142.40392,37,458.322544
-1744.3384,1600,458.733167
76.10609,126,458.9896
-4.729697,358,459.354137
-447.98047,516,459.490821
-46.927364,241,459.502192
112.46725,44,461.643653
-2038.4504,1600,462.537544
-167.1227,515,462.575624
138.38356,126,463.140399
176.11906,49,463.164712
-1284.1337,1600,463.249167
-421.92355,964,464.442857
91.59855,123,464.507738
18.981024,192,464.586406
118.54326,75,465.383594
-357.53207,741,465.383673
146.78542,82,465.57639
-1076.7474,1121,465.744233
184.3427,29,465.756756
-531.1681,377,465.822699
-1256.4016,1600,465.850107
165.37953,31,466.170533
156.00826,38,466.259373
-415.88812,46,466.691846
-48.7582,472,466.865735
148.78065,81,466.935195
-82.24938,358,467.048909
141.13574,30,467.230258
184.28795,41,467.260213
68.30509,184,467.308941
173.13808,36,467.38869
-75.383415,396,467.38875
62.81969,206,467.631233
-30.15726,282,467.650683
-593.1008,560,467.698463
-381.89508,45,468.016812
88.11071,281,470.606112
98.13712,121,470.900776
-655.7749,1199,471.001776
33.310303,197,471.276076
38.703922,96,471.507423
103.18404,75,472.241364
179.1899,113,472.361662
-830.0359,325,472.445668
48.060078,192,472.762789
-1413.7441,1600,472.891762
163.23622,121,473.620021
-100.14535,509,473.651595
177.02194,41,473.962922
-135.28067,402,473.962974
-2642.6318,1600,474.142427
-14.903769,211,474.279464
92.67254,93,474.421179
71.72163,124,475.701208
-872.12976,1270,475.932534
-198.86505,709,476.253615
101.070755,110,479.367985
120.53178,126,479.749973
-68.74624,363,480.036643
138.78856,59,480.284042
-381.14847,838,480.369595
104.44061,187,480.680965
7.802555,412,480.942075
-17.28334,445,481.08666
119.11937,89,481.269358
-1277.9434,1600,481.323578
-433.0847,140,481.406461
195.2194,38,481.422146
21.246552,237,481.618725
113.41105,141,481.661214
160.55219,52,481.733756
144.96877,61,481.946755
-431.26892,48,482.036908
157.81345,38,482.280516
157.73497,41,482.398144
-124.41418,743,482.471927
190.82314,29,482.520582
123.13496,137,482.901582
61.72292,184,482.987935
105.31267,69,483.211873
164.67776,34,483.55321
130.27017,64,483.624156
-46.615395,295,483.661276
215.20854,22,483.751639
-37.313614,269,483.919022
104.88495,241,483.998813
148.1631,50,484.196822
5.9991775,189,484.330555
114.80096,80,484.657672
-379.89108,52,484.76052
20.721046,179,484.760574
-439.30676,76,484.77696
176.93607,52,484.845454
164.54428,49,485.702477
100.31362,107,486.267058
-3277.2798,1600,486.345885
147.43404,83,486.494065
111.03229,180,486.806669
163.53436,72,486.896877
-324.3093,615,486.989189
-469.54132,183,487.006848
-2215.8357,1600,487.707132
-1166.3859,1600,487.873557
-433.65326,1146,488.045015
108.03886,111,488.091421
-47.19176,411,488.11036
6.134135,188,488.249159
51.243046,200,488.773327
-409.31952,74,488.831753
79.3629,207,489.026912
-395.85895,40,489.414746
156.98184,66,489.516568
-1839.7074,1600,489.528096
-20.236994,182,489.578738
193.31972,26,489.771985
-54.812534,360,489.906173
7.85243,183,490.009335
113.06924,77,490.154238
124.74073,78,490.281843
-269.87347,224,490.383131
-232.11844,773,490.561494
88.76208,188,490.620861
167.17377,84,490.655039
-1620.3779,1600,490.724989
156.00146,65,490.899101
-360.957,403,491.013575
152.679,33,491.071054
-1346.1575,1600,491.272543
103.12359,72,493.710961
-410.29486,96,494.121253
68.51029,235,494.17627
81.59012,223,495.197606
-83.208954,285,495.318566
-41.228977,314,495.701198
74.063324,161,495.765807
-256.1623,327,495.84618
169.92899,64,495.960295
-73.07263,469,496.088132
-402.7832,28,496.40386
-1598.1342,696,496.711547
-1091.2556,358,497.264507
-597.5907,88,497.315902
-146.01129,463,497.465754
104.7587,74,497.977116
-778.82465,334,498.495923
-726.2128,260,498.521891
161.07849,65,498.549588
-257.66824,712,498.672461
-159.18631,308,498.747941
186.66345,30,499.029918
162.90047,40,499.374044
143.099,48,502.584191
92.2289,154,502.846026
102.40511,46,503.005918
-383.8252,34,503.136829
138.79518,68,503.603017
-197.91475,492,504.448374
-1560.435,1600,504.54654
-163.78369,412,504.871303
-2130.6045,1600,505.150933
-175.65338,461,505.352539
109.07459,67,505.562313
116.74183,74,506.253617
-549.92444,938,507.139943
-384.79257,517,507.822661
-672.0801,290,507.905473
-1021.9706,1600,508.582654
-62.89228,303,508.605599
99.67051,83,508.948214
-935.08405,1600,510.25017
-1272.1943,707,510.448595
-245.97137,410,510.45742
-1283.7566,1600,510.49184
-133.54033,322,510.499891
168.43422,64,511.014729
-1574.6667,1600,512.539699
138.64403,40,513.037223
39.119503,223,513.581676
-900.6952,532,513.929865
159.33691,39,513.961755
-1974.8248,1600,514.281762
-60.059467,414,516.996389
-2531.167,1518,517.220472
154.84999,112,517.229379
-1088.7195,1600,517.331043
169.11256,48,517.430724
173.58482,40,517.591251
116.89588,46,517.740348
-158.23407,500,517.816552
-555.26807,673,517.874375
193.43282,42,517.950673
-356.1074,109,518.757168
-1016.79675,1600,518.837164
-1564.727,1305,519.406719
-205.84389,482,519.549339
-593.5714,411,519.979561
-46.914597,325,520.09761
-466.77588,867,520.576045
88.48447,152,520.669179
-203.79878,283,521.172936
97.24107,197,521.182344
-155.62663,491,521.297812
168.1157,54,521.602362
77.88474,56,521.628306
-185.03784,495,521.877827
202.83447,34,521.892002
-1950.9514,1600,521.940723
-541.1926,212,523.778497
86.76694,83,524.018154
119.048996,33,524.057795
55.438133,130,524.149947
89.977585,186,524.264248
-343.91,80,524.8052
-346.74496,698,524.906261
151.15765,32,525.182225
-69.52823,478,525.380035
-2.1446242,246,525.414579
166.03311,32,525.442431
181.56024,32,525.62915
-161.8246,526,525.867097
-1635.582,1338,526.07136
23.816254,260,526.169028
92.83306,105,526.269445
-1574.0127,1600,526.301406
-13.908941,379,526.398941
-159.89612,541,526.516713
-817.8522,1600,526.549342
-324.2244,50,526.565989
-359.81277,795,526.69712
62.719616,254,526.849149
162.33789,47,526.929588
143.18146,168,527.764702
-58.472733,324,528.025198
90.062706,46,528.412495
-54.456917,355,530.788337
-375.32343,55,530.885655
131.43753,141,530.961369
-363.22598,50,531.353603
12.26994,332,531.428855
174.50473,47,531.803627
-585.8735,446,532.218754
-437.23587,579,532.447226
148.42896,53,532.834922
144.29324,31,533.216992
-1498.3115,1600,533.284006
192.96582,30,533.590031
144.55501,37,533.599877
-12.631697,353,534.856161
-934.89526,1600,535.139753
-251.46638,693,535.210497
-85.68264,456,535.278281
-408.41855,788,535.43348
-250.83589,827,535.569534
-522.75104,769,535.6081
73.954,210,535.628248
35.19243,223,535.740353
148.04333,35,535.888771
-390.95178,38,535.951517
174.76956,34,536.033229
153.87653,37,536.200937
177.64755,56,536.490752
61.736362,139,537.734183
176.95929,33,537.863568
164.25313,44,538.22386
51.23533,206,538.446187
191.52103,52,538.649379
46.796635,119,538.704679
-333.25317,550,538.721191
12.353244,236,538.993605
145.82181,77,539.33581
125.84134,129,539.680906
-420.11697,504,540.173667
-1261.2731,968,540.517418
119.50432,63,540.719487
-1316.2101,1600,540.93796
153.16612,42,541.063057
-998.3788,1600,541.188662
148.69478,55,541.388271
181.49464,46,541.552622
-436.30588,77,541.991841
-412.47986,537,544.84839
-1339.1108,1600,545.026577
-42.227642,285,545.197326
134.7808,38,545.207092
75.834816,51,545.524484
122.594604,55,545.740992
-1235.6775,1600,545.793465
154.68002,43,545.926408
-479.5525,70,546.517941
-835.56494,1008,546.610968
-632.20807,917,546.695924
203.85493,25,546.806466
-1341.0164,801,546.890849
-403.60965,1063,546.941425
111.33092,141,546.958034
167.75824,38,547.265076
107.64703,55,547.427349
23.7281,221,547.59444
117.688614,120,547.898472
3.0386398,203,548.193878
123.18813,97,548.226172
98.7797,82,548.267075
-1349.0991,1600,548.719589
-260.99698,782,548.887165
210.88287,22,548.887216
33.109386,224,549.143534
152.67003,67,549.704289
-1016.9748,543,549.84133
-378.96625,34,551.385005
-104.365105,253,551.701078
185.8719,65,551.757121
-723.1403,1240,552.498731
-260.2861,867,552.507963
-1400.807,1600,553.02755
-57.300365,411,553.279841
125.34016,143,554.023628
-198.73314,448,554.343415
-45.29384,293,554.518354
-353.45126,52,554.753497
135.62,68,555.069396
-432.79086,820,555.331199
-54.253723,382,555.950878
-1409.2843,1600,556.111104
177.86908,54,556.371794
-1294.8298,1600,556.469694
-540.83795,238,556.892813
140.9473,44,556.964534
178.27376,32,556.964585
-381.37625,28,557.192991
141.88556,31,557.452143
170.75928,33,557.720119
-2139.129,1498,557.750752
-224.79286,680,557.819526
-312.52313,442,557.834337
-254.55287,933,557.889451
-1508.6826,1000,558.061626
-57.785927,328,558.209424
149.60994,31,558.317039
-467.26694,86,558.44835
-1154.1322,634,558.588542
167.74358,51,559.00175
-33.284286,262,559.102069
168.96219,87,559.171427
124.27427,157,559.179955
-2203.7065,1429,560.573382
-575.1064,339,560.662852
-1124.3263,645,560.708938
-19.714245,313,561.038193
167.60034,87,561.344406
156.70981,99,561.35315
79.17816,268,561.429325
-169.61754,426,561.79489
-561.5554,111,561.880927
-86.00357,340,562.029119
18.677294,214,566.306889
83.67542,84,566.393236
-71.86243,420,566.446576
-2.7329674,226,566.999897
-16.067738,217,567.024747
98.23804,92,567.089685
132.72694,145,567.408789
-431.95157,81,567.78866
-372.09412,844,567.924833
-1238.4067,739,568.000775
-971.6131,1600,568.125357
-1338.273,1269,568.139494
122.67656,60,568.150159
128.24078,30,568.173441
143.32214,50,568.468488
147.37077,38,568.589929
120.67674,73,568.917336
108.90668,127,569.260225
91.70332,87,569.370973
-1291.4323,1600,569.38085
-1410.032,732,569.520672
1.9056317,284,569.717494
199.31445,27,569.72649
161.65034,150,569.780434
52.146526,185,569.811349
183.1797,58,569.81949
69.870964,203,569.981866
97.63231,92,570.116471
86.68593,51,570.194776
73.675255,196,570.466887
126.80509,102,570.532675
211.83049,25,570.665704
155.06346,97,570.726507
-114.608315,637,570.726559
91.78091,49,570.910799
124.95219,65,571.224599
51.39867,191,571.301167
-1208.6565,1201,572.57114
190.86192,40,573.009224
160.44049,47,573.547805
-637.48224,332,573.675573
-185.4441,741,573.705066
2.4492962,281,573.877803
-20.163605,265,574.024619
122.71158,60,574.107797
12.165186,310,574.230732
-369.66934,27,574.2899
-119.176346,439,574.368541
172.86041,52,574.378036
145.59976,85,574.485134
160.24004,40,574.61121
-1494.1143,1600,574.775798
66.09594,113,574.78499
-161.83694,783,574.908521
203.31027,26,575.018752
45.31236,112,575.425116
138.92749,76,575.642743
-429.60458,170,575.745588
173.8154,39,576.021741
19.947542,137,576.0914
-1120.6676,1080,576.188561
114.45744,34,576.402298
124.46236,102,576.402365
207.17268,24,576.402386
-983.9562,714,576.782577
-1190.3811,834,577.22863
82.48002,162,577.593606
126.05741,205,578.972753
-676.94666,389,579.27657
66.26276,113,579.514992
47.66406,187,579.659841
-449.205,782,579.851112
126.26062,87,579.961531
113.20685,42,580.019209
-366.5514,816,580.056412
201.49736,27,580.198853
41.65196,327,580.335503
187.66405,31,580.465299
171.54591,62,580.551601
159.66339,136,580.636761
165.9989,37,580.645192
-58.362103,490,580.707378
-411.40964,41,580.804401
-1270.2725,1600,581.457841
77.419754,197,581.656556
196.55186,29,581.688267
-548.6508,182,581.967741
-230.33624,636,582.059715
41.69142,282,582.106029
-1333.1556,1237,582.327259
141.51141,39,582.353574
116.56924,82,582.581525
14.532909,138,582.721019
-725.3056,537,583.238945
160.55191,54,583.657469
-28.754978,178,585.735196
-44.552975,409,585.97667
131.40349,55,586.334306
-1174.2684,456,586.383278
180.8836,39,586.756047
127.72228,96,586.922622
-1026.0283,400,587.083035
-43.088375,285,587.380608
-183.27142,345,587.48408
56.113476,355,587.853076
48.09175,211,588.658919
-1077.5426,1323,588.79462
5.012866,173,588.909897
-1021.52905,1406,589.321361
83.62152,118,589.70128
63.836834,164,589.932093
124.0503,132,589.951531
116.11412,119,590.258232
-234.32022,915,590.442438
211.75279,24,590.629834
95.46542,90,590.645756
-1457.9144,1600,590.688839
-1400.6007,1600,590.76238
-21.941393,390,590.948998
143.44931,47,591.003898
-387.0676,833,592.599618
-432.73328,84,592.772032
190.73317,31,592.851484
163.7703,62,592.918287
41.533524,240,593.172342
-69.01326,191,594.101461
-2814.3528,1600,594.319903
88.927864,129,595.347019
38.152466,334,595.397293
144.60493,50,595.833932
-316.39523,816,596.090057
170.32822,70,596.749933
-162.57825,388,596.749987
-464.8232,916,596.775938
-1011.3278,932,596.785545
132.30554,150,596.829324
162.49399,37,597.067755
-1714.8413,666,597.846275
142.72829,106,597.891507
-2997.0808,1600,598.007247
-1310.7681,527,598.07246
-193.87396,567,598.094596
172.94238,44,598.189458
6.760699,201,600.469548
180.62384,46,600.583196
-388.11133,55,600.583243
147.86296,52,600.755132
-188.73395,808,600.806046
161.05684,74,601.107036
168.48683,42,601.107091
24.529028,178,601.511767
143.31606,52,601.554898
-61.341625,460,601.85316
-40.72393,386,602.050921
-401.18488,50,602.417451
47.129036,242,603.025991
132.1268,156,603.04913
-960.6165,1600,603.24188
-1577.378,993,603.360722
189.19992,47,603.45028
156.17422,63,603.821321
-1402.421,1600,603.860034
-152.9156,612,603.966759
-87.47604,432,604.188131
160.31177,90,604.204966
110.8572,48,604.282931
118.66365,92,604.746762
-387.59613,543,605.517903
-1055.94,466,605.571948
-51.598675,523,607.841465
41.93685,239,608.126281
181.73936,38,608.159511
-9.776813,400,609.171136
-55.42459,251,609.257015
-349.9282,52,609.661275
95.31535,205,609.721244
-98.246826,346,610.017081
109.467255,129,610.146775
-1840.4197,1542,610.231807
151.88048,38,610.5232
-171.62607,501,610.553808
76.19666,106,610.833235
81.80667,235,611.579923
91.91405,133,611.643756
-1293.1051,1600,611.735177
48.662724,210,611.837347
164.16042,66,612.267385
103.11973,56,612.289479
175.40433,46,612.907172
92.618904,192,613.567037
-517.1033,682,614.002924
-2860.1936,1600,614.307613
-378.7139,50,614.41188
138.29161,68,614.842251
156.69312,75,615.000073
121.20278,42,615.174513
11.78774,219,615.463589
-1062.9836,1600,615.641263
172.1678,31,615.706609
-2424.4429,1600,615.966234
-64.48532,454,616.395926
-1678.288,1229,616.4845
-883.0816,435,616.571363
-393.8086,84,616.595149
-2141.9888,1338,616.657475
-376.51706,672,617.4021
-430.0757,766,617.441309
-1573.5879,1600,617.702324
167.67526,35,620.693973
174.85841,36,620.990818
-2933.8855,1600,621.038406
7.3435388,287,621.340851
83.54768,156,621.371469
89.048584,81,621.665508
-863.24066,438,621.819124
-1310.751,1600,622.062765
133.05458,71,622.239528
-751.24036,399,622.438361
-1015.611,453,622.964957
78.602745,204,623.021329
-389.04922,714,623.354189
42.383293,181,623.537879
13.551519,220,623.602957
205.1357,37,623.65051
82.25745,85,623.70924
84.04551,205,623.910215
118.804375,40,623.99027
150.89287,104,624.897409
57.789978,212,625.555162
-267.61246,355,625.555216
-745.1896,952,625.7132
-2039.9791,1600,625.905357
-107.92606,240,627.106664
-386.24615,33,627.382573
-1639.5327,1581,627.581193
154.89052,37,627.664551
-28.018826,150,627.847444
172.68591,77,628.234978
-497.3602,226,628.274225
117.92907,77,628.421721
-957.64734,1024,628.643568
-386.01337,32,628.667028
111.33557,88,628.958835
-411.375,49,629.048851
124.12204,41,629.343985
-740.58344,1156,629.536277
68.77427,184,629.643502
126.83941,124,629.900535
151.1212,96,630.087875
-427.25214,793,630.397186
-1595.8967,1424,630.740719
-729.1001,1117,631.009628
49.192608,173,631.263633
34.360428,338,631.263705
64.027214,110,631.281008
-396.46527,829,631.425095
146.29042,53,631.441419
128.55788,36,631.731872
-382.52792,136,633.164065
-1585.7607,594,633.623429
-971.7816,947,633.633787
133.81715,48,633.666203
75.477516,153,634.073274
14.223115,184,634.347963
-450.19623,810,634.488926
106.881996,108,635.08438
140.3808,92,635.352645
-462.6822,995,635.568452
14.058337,196,635.578419
-736.9797,204,635.617522
-1132.8378,1600,635.818274
190.68112,32,635.910205
186.56413,39,635.937231
-379.25684,56,636.096051
-182.53575,382,636.74197
123.71638,56,637.253745
-981.9246,1600,637.271177
-45.78167,320,637.330306
167.16016,39,637.665815
-393.38168,49,637.685651
11.744261,261,638.228331
-1288.3153,838,638.379061
148.15016,41,638.683747
-700.5045,363,640.719877
-383.14395,956,640.740712
164.86679,65,640.753961
33.30877,127,640.761841
141.4461,56,641.178014
24.653902,253,641.201272
-343.4868,43,641.535909
64.64434,173,642.071301
-430.96945,732,643.056266
-1338.9576,1600,643.077428
159.85248,47,643.459404
157.37625,85,643.819679
-116.88415,429,644.258894
-27.550404,269,644.393673
-1416.9265,1104,644.700109
84.94649,161,644.789505
118.79462,54,644.815488
-378.6999,38,645.088442
-2289.5144,1440,645.257398
-298.09964,842,647.19671
-383.1397,68,647.339884
-321.25452,830,647.448953
100.46075,159,647.607476
185.0824,64,647.843009
125.70825,88,648.133484
35.71318,245,648.165005
142.16528,67,648.350301
65.224014,224,648.374929
-196.29282,726,648.589062
-886.49207,1188,648.647334
-769.28796,397,648.902945
161.62395,103,648.920203
-427.94376,246,649.090397
133.13432,33,649.158339
-1509.4286,1600,649.197485
-1401.3513,1600,649.344562
155.01361,46,649.496249
6.671598,173,649.965105
163.77728,95,650.068502
168.05513,155,650.100931
-387.05484,31,650.310178
60.624733,195,650.985705
3.731095,352,651.02467
195.8776,27,651.175652
-1357.2721,1600,651.175721
136.13017,123,651.221179
-711.57385,1172,651.488875
139.5816,52,651.557682
-606.0971,332,651.576926
28.200802,329,651.660581
154.9387,31,651.993482
-169.47351,415,651.993532
191.05475,29,652.081825
-977.65094,1600,652.135858
187.79285,38,652.236812
64.31559,104,652.281348
-407.53094,46,652.353119
-344.44705,50,652.382407
133.89357,90,652.536361
-1118.4839,895,652.546528
-67.010796,288,652.555534
98.11139,78,652.844156
-573.6074,93,652.859754
144.80809,59,653.01467
-712.99274,249,653.207786
-233.82219,640,653.314821
-1.261997,430,653.523807
102.51736,161,653.542139
39.256355,95,653.61784
56.0489,186,654.232559
135.0188,64,654.275077
78.21282,97,654.633977
-359.22833,48,654.72809
-1571.8804,1411,654.82983
28.931904,231,655.477755
180.5432,33,655.783432
99.88178,147,656.192284
-6.704119,446,656.503147
2.829157,492,656.572976
-79.229164,444,656.675617
17.62815,426,657.386557
-44.779385,123,657.574266
151.48494,37,658.503708
-504.78943,281,659.023709
-12.480657,246,659.084726
126.48253,63,659.627308
76.26586,111,659.987768
-283.9147,363,660.657295
107.35403,102,660.960329
-36.65994,372,661.679082
-1241.1025,736,662.1204
-890.5915,1600,662.286638
-417.85162,929,662.286719
-156.96622,558,662.330806
188.48083,28,662.51522
188.94682,30,662.565861
139.01309,34,662.565912
122.87868,78,662.794434
190.85919,29,662.804109
168.64915,36,662.867093
-1259.429,1600,663.094362
172.0966,75,663.446564
157.12158,27,663.718179
-936.69684,1055,665.335213
58.837704,105,666.465101
-574.4178,399,666.772169
-445.34665,40,666.928044
178.58057,29,667.115011
-101.49525,368,667.226449
-1155.667,1600,667.245583
179.13704,33,667.438208
-804.8509,449,667.646949
-1054.9027,464,667.777412
167.88136,93,668.061351
-624.1613,416,668.282045
-1346.5933,1600,668.29448
165.55434,48,668.532504
-2072.9841,1600,668.895265
-874.4927,814,669.098287
-425.82156,975,669.37234
89.61782,190,669.650576
119.40102,117,669.817545
-1201.7723,1600,670.101781
4.049955,318,670.185281
144.16495,42,670.216967
151.90973,31,670.440996
57.41675,132,670.485809
-570.48083,276,670.517797
38.248703,213,670.675549
-1178.3802,1600,670.697922
-982.9412,1241,670.838763
-362.50748,46,672.600091
163.66206,36,672.69717
179.44844,34,672.867591
194.9036,25,672.896999
-1321.766,1078,673.162614
85.457695,118,673.191653
119.7349,147,673.198684
46.945183,114,673.401409
122.728485,64,673.762179
112.30349,152,674.914786
-294.92038,583,675.117049
-218.12524,423,675.573308
68.553635,185,675.589738
99.09908,60,675.589784
-37.08551,251,675.589793
173.9741,35,675.865475
-7.102901,255,675.948461
-61.77451,392,676.287435
182.71837,72,676.375169
151.96788,87,676.557531
75.5432,115,676.855861
139.14594,140,677.592478
147.2645,42,678.023997
-689.7558,416,678.477407
-594.9011,319,678.657142
169.26173,34,679.149064
-113.79048,208,679.361058
-29.035072,245,681.34863
164.5709,53,681.749009
-240.66925,740,682.049546
130.15381,68,682.135841
-2076.4756,1600,682.509953
-225.73627,680,682.595408
188.09534,36,683.016235
127.73243,71,683.026698
-61.80662,239,683.036333
-384.31406,29,683.386118
-140.25879,483,683.97495
160.80305,112,684.22224
104.95932,126,684.348299
144.79008,57,684.89915
-594.2655,953,684.990022
54.17692,105,685.148733
130.4648,35,685.349401
137.08743,33,685.549627
121.19328,124,686.424613
120.78009,202,686.713496
115.03346,104,686.715092
143.40398,50,687.086531
162.94151,41,687.272411
152.18318,50,687.381638
168.48378,86,688.332189
-1439.8752,1600,691.694821
-401.18817,38,695.67345
163.0925,45,696.151428
97.726814,56,696.345625
-587.07794,1552,696.432538
144.91266,36,696.541267
71.191216,136,697.823508
-1395.7985,1600,697.824312
-2268.093,1600,698.453579
-922.614,733,698.623859
108.38782,223,699.038106
110.082115,120,701.729323
-328.83426,908,706.58198
-729.1383,978,706.798759
98.73509,187,706.811963
132.90295,68,706.825278
-924.0737,547,707.05595
76.56694,165,712.100812
164.9839,73,713.466644
-171.4838,518,714.259249
-75.8539,332,714.43548
173.51237,30,721.831176
37.663845,253,738.590781
167.18768,46,738.910359
-704.5839,1589,738.989563
12.238011,273,739.108362
-1057.5228,1600,739.646231
-520.07007,189,739.881235
-268.35648,878,740.226482
99.84201,155,741.155605
146.58917,47,741.77147
36.71233,144,741.820281
14.0054655,226,742.047123
-2452.2021,1600,742.30627
-872.50256,338,742.792864
-879.7245,1230,742.835544
164.5256,37,743.34868
-1146.6755,1600,743.359049
21.261621,227,743.396027
-1150.8766,1559,743.495912
217.80254,24,743.632824
73.39581,98,743.706601
-995.9716,669,744.276423
158.75264,55,744.276496
-518.8817,801,744.30072
103.013,185,744.335123
145.86214,38,744.721398
158.39957,44,744.785853
191.21745,34,745.118302
175.6354,41,745.270707
-8.777426,223,745.554989
144.3131,39,745.726245
126.827736,74,745.985137
-117.07783,539,746.169403
-739.24475,579,746.204986
141.09735,35,746.392601
116.02112,126,749.428538
-373.3882,620,749.756553
38.288143,379,750.012143
171.99635,63,750.092082
149.2057,43,750.225472
-466.78528,167,750.33179
142.82759,34,750.739305
59.580536,141,751.887523
-626.46106,312,752.152011
91.59902,75,752.79205
-112.470764,439,753.118406
99.8104,241,753.850348
-973.16974,1302,754.832779
-133.54793,620,754.871667
85.88604,111,756.454021
85.48538,106,757.01733
-680.3226,1416,757.553845
-685.77515,957,757.816999
185.50371,85,757.975031
135.05988,133,758.012791
140.31367,190,758.18996
164.48128,65,758.238545
171.62569,37,759.98135
164.03125,79,760.060103
149.29805,72,760.207652
177.10056,30,760.422545
172.82365,31,760.488356
-1134.374,1039,761.367065
125.49222,90,761.488827
143.30002,44,761.791104
-411.87,50,762.268603
-362.91595,760,762.343699
-406.97772,45,762.715003
-105.78527,334,763.198509
-715.44824,714,763.632166
-597.99854,1262,763.697096
-59.39327,349,763.83528
100.85679,85,764.486063
-92.18492,409,764.552079
177.31454,38,764.876139
-167.77669,305,765.586418
-503.9762,889,765.698021
-1178.3966,1600,765.845701
-1594.6937,1450,766.456894
139.93163,46,766.683292
168.64156,31,766.712615
73.96822,113,767.05855
109.89419,54,767.132486
-91.093834,339,767.205826
-1032.2726,1600,767.221747
170.5362,70,767.229616
152.32555,43,767.395663
103.725136,71,767.778569
-838.3192,657,768.513315
-411.25372,1109,768.595964
196.94429,31,768.831049
-409.54,797,768.901387
-1590.3829,1600,768.989076
-195.01071,470,769.04298
122.95163,66,769.400792
129.0025,86,769.642816
-13.181138,253,769.709721
-358.38022,47,770.000912
-1141.3009,1600,770.129446
136.22403,64,770.46876
-63.151062,444,770.602115
-440.92255,242,770.680585
136.77188,39,770.790562
92.62714,89,770.823878
200.99907,29,770.916147
-444.11612,893,770.969028
145.36368,42,771.43205
155.36165,36,771.439879
93.01884,200,771.439927
111.11712,46,771.804964
-1338.2251,845,771.866483
188.56119,28,772.084072
-1526.2902,648,772.5807
160.62302,32,772.816545
78.16957,200,772.988918
-1039.9958,753,773.152937
-21.697407,179,773.225512
-520.5161,303,773.389824
208.6184,32,773.500132
109.75643,61,773.525394
-1128.8246,1572,773.776281
-469.9589,208,773.783808
108.05083,48,773.909089
133.10765,58,774.028979
-292.21796,869,774.235346
170.38011,34,774.322615
-29.676609,184,774.412102
-39.09965,451,774.700145
147.98373,149,775.053564
136.62616,47,775.086948
136.45198,40,775.418095
97.11911,50,775.462906
-1215.2839,846,775.483336
45.829884,224,775.654864
207.9496,30,775.723502
195.2254,39,775.995247
130.1677,42,776.080801
158.51826,47,776.434844
105.81181,71,778.213681
66.22965,162,778.376352
162.5028,32,778.451395
-422.52258,48,778.471606
-120.14177,449,778.533016
207.90178,30,778.758916
-1270.7391,1600,778.878333
-93.63375,472,778.914887
125.95902,65,779.266177
182.83649,90,779.644422
-2483.4487,1479,779.658834
-311.821,827,779.826871
132.07542,67,779.837694
160.64801,38,780.010679
143.28754,32,780.120802
157.37108,41,780.351776
145.5985,67,780.41582
-279.94153,548,780.458452
-847.0567,438,780.69067
-477.01123,135,780.813161
-1099.9414,618,781.151353
-572.67883,1248,781.377232
-414.78827,138,781.516543
172.34981,47,781.532146
164.81769,45,781.88695
-1139.3959,446,782.192008
129.1133,76,782.216212
-860.08545,446,782.22517
-890.61914,252,782.281388
-400.02896,812,782.334589
8.327215,112,782.35788
38.492123,215,782.554633
181.087,29,782.631788
143.30096,72,782.877608
133.4731,37,782.968747
188.1793,30,783.132049
186.01933,35,783.251562
108.347946,143,785.086166
173.82654,81,785.687286
-1229.3613,1600,785.77922
-141.58887,245,785.808784
95.09475,96,786.825363
182.29462,35,787.187001
-163.42323,577,787.454051
-331.76407,583,787.588585
182.75378,46,787.916371
-909.6563,1600,787.925128
154.85573,43,788.339958
119.885345,66,788.604926
178.5632,33,788.908266
131.00787,71,789.030635
-114.461006,520,789.067095
-108.38304,533,789.134625
188.48734,26,789.290825
81.995186,185,789.401284
-34.78587,380,789.549096
-672.255,1353,789.665498
-722.15845,495,789.731021
164.30087,98,789.873362
131.82234,75,790.087826
-17.278158,93,790.142042
-144.73364,639,790.361872
101.0102,158,790.848213
138.69466,70,790.95606
5.7443624,246,792.202825
136.7149,102,793.233288
111.96239,168,793.504769
-539.52734,930,793.610983
-150.86696,288,793.6551
191.88747,63,793.726769
195.39166,29,794.009285
-142.82266,499,794.576333
-454.5402,112,794.6516
68.97321,141,794.742649
-34.75999,349,795.005308
107.4287,98,795.504017
-1500.177,1600,795.53331
145.28838,44,795.873133
-1577.4774,1600,796.107966
56.944,71,796.57792
166.94077,49,796.590431
-5.711458,228,796.816753
-60.949883,330,796.985355
-399.2826,29,797.073687
95.35759,67,797.1934
-708.6989,425,797.482258
116.62323,222,797.528538
135.11346,82,797.748074
154.3258,71,798.612812
-849.83093,1600,799.055446
-563.8163,1266,799.369798
-80.50398,462,799.89901
56.360252,291,800.315306
164.94553,75,800.446252
113.5886,150,800.460496
-50.853344,278,800.523861
101.82484,70,801.004525
-511.80447,318,801.150477
-507.18173,330,801.175894
147.15875,45,801.346934
-1340.8127,1600,801.354737
160.54283,42,801.463321
-365.9632,56,801.589061
-259.6853,725,801.595979
-1974.0231,1438,801.647356
146.58894,46,801.69642
61.923344,79,801.944297
114.843704,53,802.055231
164.13472,57,802.561765
101.050316,137,802.570524
35.729965,288,802.730147
151.25005,41,802.910328
192.4939,28,802.985818
-33.669518,210,806.600523
-129.35143,513,806.633845
-176.5821,383,806.815338
-1346.478,1600,806.982287
-1814.7485,1600,807.03345
-1230.3141,1600,807.148208
-2068.034,1600,807.357922
103.316124,73,807.377612
176.03433,52,807.741637
-429.96854,88,807.811954
-343.96686,870,807.866804
55.938908,176,807.951679
127.871544,38,808.1692
-327.39877,45,808.169254
128.92223,65,808.448627
39.25337,218,808.699557
131.01091,42,808.770344
-315.8896,822,808.78622
71.44148,98,808.921215
88.265854,109,809.009992
-1.1188501,284,809.171931
154.26505,52,809.193928
182.0771,66,809.215247
-164.92238,735,809.402252
165.23189,87,809.58724
66.84316,107,809.596041
-378.4668,56,810.042297
-286.7114,832,810.16715
205.09229,25,810.23849
168.14146,33,810.423367
132.33855,46,810.963249
-210.87093,386,811.109834
-233.52502,782,811.436143
-3.1559188,248,811.463692
122.83457,93,811.507569
86.10547,56,811.539633
-0.4265941,225,811.711648
175.8452,35,811.980209
-575.58765,349,812.084014
-398.24234,82,812.098206
-2159.2034,1600,812.506913
-207.09656,757,812.841722
91.57534,121,813.005946
-631.5641,194,813.028016
89.200485,233,813.220879
-3594.0083,1600,813.267085
-305.25986,484,813.315817
-440.99734,104,813.825864
-287.62622,323,813.98275
91.91747,96,814.050796
5.513909,270,814.157114
44.08488,246,814.367682
176.76773,33,814.614881
85.910515,86,814.807979
46.37512,214,814.85142
-1240.6418,674,814.951293
118.200676,130,815.030495
-22.221153,401,815.030547
100.693665,239,815.085913
51.27183,168,815.094164
-1526.6228,1318,815.176649
144.05829,41,815.393106
-388.25253,52,815.416462
-418.81897,53,815.42485
-380.52338,27,818.361485
-609.1684,242,818.576303
16.564878,182,819.012751
104.911446,241,819.230592
-605.1262,112,819.269533
-1544.8488,1600,819.562539
5.316498,125,820.00959
-186.622,235,820.047058
-377.783,29,820.30656
0.31171355,335,820.597735
170.75775,49,820.690887
-386.14215,635,820.704699
115.3259,181,820.734666
-711.2832,291,820.902502
126.22635,71,821.24397
-1183.8883,981,821.312258
149.3204,59,821.6849
-409.1798,199,822.248907
159.88329,67,822.764512
-1454.6715,1600,822.868052
-977.8459,663,824.043986
-364.3128,1431,824.094801
35.77839,231,824.180712
-874.10944,1028,824.262983
-357.81134,48,824.55494
-13.877862,442,824.690107
-124.63149,440,824.781245
88.55202,125,825.067761
-502.05283,623,825.117975
190.06583,34,825.324246
81.08325,202,826.246362
81.592735,155,826.313333
-31.402163,295,826.33246
173.36981,35,826.535533
-130.69304,405,826.7434
-222.16814,802,826.988629
110.063736,85,827.045245
-80.33568,459,827.083858
-6.9046583,374,827.210833
185.28467,39,827.290935
64.25197,153,827.551148
-847.2141,1193,827.591543
133.03047,61,827.762573
126.30246,73,827.770082
161.36653,39,828.092947
134.05762,141,828.659626
125.78489,139,828.682793
-1006.17346,1320,829.716988
-60.56089,462,829.816369
71.277885,95,830.550227
-606.5748,237,830.758904
-1222.4459,697,830.848172
61.73634,188,830.974537
-332.24734,40,831.068422
146.52042,49,831.340279
-0.38142645,354,831.340328
121.917046,79,831.453359
-1696.2955,1600,831.730654
137.78242,53,831.745281
152.30287,65,831.835436
87.692406,168,832.329988
50.667103,123,832.378407
95.42496,109,832.551914
-1799.1179,1600,833.220296
-365.06848,513,833.411073
-215.9181,412,833.677134
191.53458,48,833.786576
163.92613,75,833.794675
-414.06476,843,833.906526
-12.032506,272,833.914339
-26.775688,292,836.83154
-584.4461,107,836.993802
-904.8169,1600,837.091711
-111.41329,431,837.312852
145.02773,46,837.445689
-1104.498,1600,837.508429
-646.68146,402,837.752126
158.92143,60,837.793007
75.46673,115,837.906033
156.364,65,838.035518
136.66083,32,838.052449
157.68965,83,838.416806
122.03035,124,838.438043
193.97684,70,838.461096
-87.989426,327,838.621625
-59.616573,333,838.675889
-571.57587,879,838.767913
178.99564,30,838.988723
134.1451,43,839.319252
89.112114,98,839.409464
141.21695,42,839.642078
44.82068,213,839.699388
57.71273,178,840.006263
172.413,62,840.154819
-1876.6241,1600,840.335425
156.2557,121,841.092902
127.84563,66,841.59689
-40.899612,323,843.770652
-1666.0936,1600,843.812978
-212.73163,496,843.821477
-750.7956,698,843.846378
-1173.2407,1600,844.107078
-1640.9186,1600,844.149046
169.38515,43,844.168371
142.32616,67,844.337796
-481.05035,1020,844.346879
184.68436,61,844.36526
93.44006,159,844.43449
181.48659,70,844.705838
126.37289,72,845.007158
112.53307,89,845.057384
180.50789,70,845.250251
-692.45746,446,845.402481
139.35202,100,845.809351
182.54308,69,845.91091
-71.33784,314,846.579469
-928.9928,293,846.603835
18.56964,316,846.615154
34.420315,218,846.642454
-682.9538,912,846.688771
175.84364,30,846.874389
28.034775,252,847.116504
-1.2945979,142,847.65678
148.19385,150,847.725215
-903.3334,475,847.960975
46.04716,191,848.839806
-1267.1882,614,849.352881
-18.680624,247,849.359796
-148.85988,464,850.113452
-1073.2228,1600,850.68289
1.6876519,314,850.86528
-2226.1716,1600,850.91221
178.76495,55,851.260844
107.4231,253,851.260925
184.81863,31,851.484619
-58.834064,120,851.783192
-407.76556,72,852.031089
-1302.6434,1474,852.125307
160.29631,51,852.175352
95.79627,49,852.402765
149.24667,47,852.490868
14.191734,167,852.520117
-124.37356,555,852.725115
-425.97867,60,852.933886
-892.42566,1600,853.050073
-379.51453,29,853.148234
17.151278,334,853.169524
52.699024,150,853.29418
197.2686,30,853.376176
166.60461,44,855.104701
-104.32044,471,855.111244
155.92795,45,855.187878
-796.5085,1491,855.224105
-1421.5693,1572,855.288339
140.85606,46,855.467155
76.80861,168,855.475013
124.52023,77,855.730814
-23.736229,253,855.817521
166.87532,40,856.105551
-334.97797,705,856.151521
62.37889,72,856.670378
-7.2832503,173,856.806617
167.9851,41,856.983778
-916.49176,286,857.440509
54.71578,294,857.556249
179.76306,48,857.914217
-4.0675206,324,858.180238
140.05219,44,858.232813
120.271385,46,858.596477
-258.52014,689,862.634695
-1473.2948,771,862.717201
-949.8334,1600,863.219574
-287.79718,773,863.489434
59.136944,104,863.520482
-44.856407,262,863.52794
205.92836,35,863.783324
185.52489,37,863.836877
96.81663,154,864.020183
144.87761,45,864.140055
-1138.0303,1600,864.256052
-1760.7051,1600,864.521011
64.979866,62,864.979585
-1432.0902,1600,865.332977
-1325.2908,1600,865.393741
-232.46208,977,865.599979
-1.1339941,250,865.714714
-16.289822,363,866.016303
115.64502,263,866.21524
155.69518,55,866.635279
-562.70935,209,866.917857
-355.3475,1131,867.042792
156.96292,67,867.162646
152.43451,36,867.200139
-49.134,215,867.35341
140.1751,45,867.392469
-285.45773,320,867.408085
178.34332,40,868.523569
133.12488,71,868.80847
155.28656,33,869.062691
105.819214,108,869.249471
-169.65897,614,869.290793
61.32241,101,869.316178
-27.560667,375,869.538165
158.50687,38,869.609014
-205.82234,599,869.756712
125.79465,65,869.797352
-114.70089,440,869.83607
125.42645,55,870.034913
127.65925,72,870.098841
112.68683,73,870.351664
155.87206,73,870.392064
22.495724,439,870.454105
171.80656,57,870.823159
-479.69528,766,870.90659
-155.75206,321,870.932901
171.0216,67,871.439081
78.06296,90,871.503392
-297.7615,253,871.679612
104.37211,217,871.679665
-1522.709,1442,871.815297
46.39063,207,871.939146
-39.974167,399,872.307358
-1612.5284,1599,872.376838
-1120.7083,1481,872.74948
5.390116,178,872.821482
29.301632,148,872.828512
75.347755,179,872.88266
164.16907,40,873.041491
-815.64355,1600,873.184745
88.9621,61,873.257749
134.8119,71,874.356995
132.64705,45,874.388909
88.6636,213,874.562316
140.74712,31,874.600544
137.56499,62,875.020961
60.65844,156,875.053921
-16.215574,340,875.362145
-2058.5195,1600,875.370311
-349.09506,783,875.400158
-455.53992,472,875.462159
58.75606,177,876.30334
-1399.8472,707,876.402898
-563.5477,166,876.624804
148.61734,52,876.684328
-526.46704,708,876.760502
159.48868,67,877.25856
10.414862,255,877.258619
-355.24146,56,877.656019
-86.924904,313,877.66358
33.997036,186,878.007924
-74.097534,417,878.122533
-185.72017,367,878.185103
169.66269,35,878.280572
132.32524,137,878.289232
151.40495,36,878.40271
-177.4287,697,878.579997
-30.823385,254,878.603388
174.2702,48,878.659667
92.51557,129,878.667412
162.10774,156,878.89746
147.32513,47,878.962484
180.93059,52,879.568898
165.1737,104,879.688258
122.7649,196,880.17826
138.64825,95,880.271991
-487.1585,1026,880.698557
68.86676,253,880.895766
147.66533,50,881.089958
-543.36957,213,881.329371
117.30438,68,881.422683
-23.646229,388,881.468811
120.56851,62,881.571257
-43.863056,186,881.635864
-422.9186,38,881.70786
-361.3854,59,881.777998
200.67474,25,881.825027
123.47801,128,882.461012
-818.755,1007,882.493051
-906.3606,1600,882.499459
136.5357,96,882.530319
149.70352,55,882.950402
115.34319,95,883.187437
-343.40012,1128,883.212456
-60.055122,183,883.247166
68.044365,198,883.24722
-882.5274,1154,883.302866
154.40839,35,883.48095
196.20926,62,883.816822
94.503746,177,883.913293
90.67867,90,883.992734
115.34086,55,885.541073
112.507645,124,885.59357
71.07841,162,885.647154
-418.63248,164,885.697696
158.47618,34,885.810961
170.59254,33,885.854713
177.60767,37,885.979753
-137.13014,617,886.239822
-1538.9688,1408,886.362448
173.7248,34,886.500142
125.06163,54,886.781647
-1851.487,1600,886.942299
-365.46448,25,886.970875
8.790885,174,887.141065
-345.8754,992,887.767448
129.88493,128,887.943693
121.00621,135,887.969945
141.31343,69,888.459079
-99.360275,280,888.627759
156.4791,94,888.668517
-45.68698,356,888.68556
-867.20135,678,888.854721
-61.54809,437,889.170495
-163.01662,289,889.909406
-962.04224,1600,890.897451
133.38586,51,891.310823
20.606327,248,891.385448
18.795563,292,891.508757
-123.3066,752,891.614729
-458.51547,1445,891.676579
136.26299,44,891.738629
135.05328,48,891.898388
-174.71048,339,892.06051
-469.38745,324,892.187234
163.41833,67,892.213075
-329.92645,564,892.288089
139.52744,128,892.325752
45.32095,109,892.736928
152.99664,88,892.869663
84.101006,75,892.911047
-640.7139,884,893.269548
144.83237,65,893.38405
-840.65424,1600,893.544157
115.74946,86,893.577199
200.27812,33,893.626741
-43.97214,178,893.665703
165.30624,83,893.90614
37.477253,294,893.914641
71.840935,57,893.99265
-775.0997,632,894.395751
117.36373,98,894.431631
150.77843,72,894.469604
-3.0603373,315,894.65448
-56.75885,379,894.682186
-186.28656,628,894.878131
125.61355,46,895.228396
-1229.4731,1249,895.40518
49.848793,246,895.54579
135.66818,49,895.61049
71.39905,174,896.76548
-259.53552,652,896.789737
120.868935,153,896.789783
-1200.652,1600,896.853732
-398.0991,52,896.892338
196.7098,25,896.986501
-359.9179,27,897.06378
154.29106,41,897.094268
125.06041,100,897.13578
154.2556,38,897.198598
36.393555,329,897.425484
-43.033165,270,897.502671
-340.3244,47,897.521192
-637.4768,246,897.580825
152.65443,81,897.734179
-326.84464,40,897.915522
165.61407,89,898.259785
-2200.294,1600,898.317998
-564.4612,251,898.885569
87.856,182,899.061222
183.07758,29,899.145101
46.337093,129,899.431589
30.080376,228,900.119213
-763.0645,461,900.926557
-355.72955,715,901.057291
125.70648,44,901.371521
118.327034,69,901.430449
214.26439,25,901.615115
135.24487,43,903.235987
167.08878,50,903.621951
-116.137596,741,903.973947
-53.38119,315,904.062769
-353.74152,709,904.153009
42.36556,87,904.301498
114.355705,70,904.516534
-79.11722,207,904.766109
-320.4136,42,904.842841
-916.9937,787,905.172621
178.20102,72,905.317731
188.64162,34,905.433251
-894.85175,588,905.466429
20.603323,179,905.539476
175.77666,41,905.640737
173.2079,35,905.713995
-1393.6593,1345,905.79835
193.07971,46,905.899541
-652.825,922,905.907367
-38.055626,245,905.963454
-31.226665,225,906.050372
-1535.8402,1274,906.08041
163.9762,39,906.268767
205.5677,28,906.304472
172.42653,36,906.593659
83.78449,155,906.696825
49.299694,86,906.739789
184.82542,30,906.994555
-829.3763,1600,907.129907
22.113068,190,907.154496
-1007.5345,982,907.177073
86.69699,185,907.273593
92.01233,209,907.554116
-409.30603,47,907.633375
182.47789,27,907.84871
150.9193,49,908.706729
149.71805,87,908.714812
-17.706331,323,908.739341
-716.13605,1504,908.789067
41.029686,345,909.102351
-574.01117,1046,909.186845
-99.50968,204,909.194924
137.49466,75,909.367698
-359.02377,24,909.376996
115.53182,86,909.377043
91.36132,228,909.423139
152.7637,93,909.423193
-720.893,1081,909.53127
16.197817,398,909.905999
165.54904,90,910.146367
133.15788,93,910.221116
138.909,123,910.411334
151.2305,47,910.60574
192.0522,47,910.810764
51.512344,212,911.134809
-0.7937404,312,911.264706
-226.79172,526,911.380378
-1551.4437,1477,911.443487
-156.5018,279,911.797933
102.62343,169,911.930428
-202.09773,543,911.954871
95.49773,112,911.989104
-133.81052,370,912.162759
13.615102,383,912.180275
185.13763,54,912.337471
185.77785,32,912.40117
135.73721,70,912.528508
-397.25064,59,912.620433
-1867.7561,665,912.70155
163.25656,57,912.763844
0.083189905,256,912.763896
138.01509,46,912.862602
114.26058,32,912.95069
-490.0508,1011,913.282694
7.1583285,201,913.333098
50.151142,199,914.475923
151.89665,97,914.525952
94.722946,108,914.606444
-1473.5868,540,914.695007
-377.38226,28,914.816996
84.54548,81,915.139936
-135.03757,244,915.272266
-635.09644,426,915.522463
60.03479,233,915.65457
-86.90711,431,915.682413
69.30558,58,915.708871
137.10324,126,915.778876
177.60736,36,915.999671
154.78374,63,916.021445
96.21753,52,916.088883
184.30516,34,916.353807
108.879265,73,916.353859
-189.50078,84,916.650357
143.29639,40,916.66571
160.80486,100,917.140568
-20.235682,378,917.400722
-116.19791,435,917.709084
69.09031,157,917.873048
151.46075,40,918.009615
-1021.9616,963,918.581396
-606.3827,241,919.204443
-759.7066,652,920.292974
-1083.9741,739,920.650284
-1098.7268,799,920.782197
-403.5106,46,921.005523
195.8421,29,921.238834
-35.610367,315,921.430385
-1620.6761,1600,921.553478
115.31416,68,922.066518
191.8374,28,922.289641
-190.8514,847,922.69017
59.17487,210,922.874167
191.93993,61,923.163648
13.035486,185,923.682619
102.169304,126,923.789029
163.71577,44,924.118532
-195.2879,699,924.210454
94.21485,148,924.252922
-1292.9111,1600,924.276791
153.78511,41,924.429705
-389.66525,41,924.514712
-144.86125,513,924.685576
-485.29828,75,924.827905
-475.25842,637,925.470217
68.92386,195,925.533335
144.03357,49,925.580444
123.02328,139,925.670156
47.60385,123,925.832047
-289.5967,677,925.85939
176.93527,29,925.903718
-110.01809,546,925.970319
193.92802,31,926.08691
-1783.8683,1600,926.103801
150.48306,85,926.278704
156.48537,71,926.445375
174.6436,44,926.45447
114.85502,136,926.580931
149.0237,39,926.59703
131.84052,76,926.731008
32.652493,245,927.008024
-1042.5328,1164,927.02372
113.5354,149,927.123881
167.80756,78,927.212199
196.94046,39,927.338391
143.79836,79,927.382878
124.41269,70,927.607847
116.63278,57,927.673335
169.28204,44,927.694347
-135.7645,364,927.717803
148.3274,76,927.983361
108.8744,44,928.022674
156.59293,40,928.031239
62.478294,86,928.276869
-1035.1748,1600,928.482824
175.3093,35,928.572739
100.30086,70,928.591831
-366.81003,29,928.735422
19.86022,343,928.767788
115.10962,140,928.82745
-1.441713,225,928.96136
6.837651,123,928.989927
172.58884,54,929.199124
187.60104,36,929.265032
161.14015,58,929.398995
134.55602,112,929.459363
-1290.4865,1410,929.478543
-858.3743,1600,929.486429
159.42744,38,929.685912
-123.86101,406,929.693477
185.42876,32,929.725495
-1074.3629,1600,929.834557
179.00325,43,930.027489
-360.3425,32,930.274805
110.78035,211,933.567034
-468.78067,192,933.880581
-79.42143,585,933.889869
-191.68846,288,934.089394
133.61375,31,934.314775
138.36671,62,934.350523
4.151199,231,934.729754
170.81827,33,934.98974
-1238.3698,1600,935.102576
-643.12524,412,935.306816
7.163451,412,935.343232
71.925865,239,935.411917
157.04897,45,935.664943
102.39682,186,935.80325
-203.4019,253,935.853104
-1008.8604,691,936.077821
208.6053,29,936.278546
-654.8152,521,936.348387
100.53707,146,936.749264
-355.05917,741,937.169688
118.32264,124,937.208968
-78.433105,260,937.738274
-213.95099,380,938.965097
-45.63336,326,939.303639
145.1018,45,939.66279
109.94427,195,939.678262
-720.6622,594,939.860525
178.37347,42,939.984485
98.50797,142,940.087392
153.00395,40,940.301345
-286.91898,569,940.680867
-936.1488,1095,940.810919
41.788147,168,940.959292
150.59685,46,941.149382
-608.24274,157,941.27794
141.91992,49,941.330546
139.08101,42,941.606454
-1106.7223,1600,941.662888
-332.85538,723,941.908229
-13.414709,147,942.27576
-4216.46,1600,942.503485
144.68016,132,942.648789
-501.67538,324,942.753571
153.2525,43,942.840484
-329.61035,47,943.123051
-19.284136,251,943.257459
100.58753,179,946.234524
-1226.9723,1600,947.179197
-538.8167,230,947.239463
184.34378,38,947.460267
97.54375,167,947.564967
164.92531,49,947.839405
151.89526,38,947.857215
-369.3651,717,947.978246
-8.031089,318,948.178016
-1637.8684,1091,948.319757
-1315.857,1600,948.375344
73.67773,156,948.410866
163.6546,39,948.616524
158.5544,61,948.830216
-151.9217,466,948.830265
162.69528,41,948.916033
189.39024,31,949.060859
-402.33594,772,949.170762
162.37836,43,949.231828
-361.86884,27,949.258436
-583.63,1044,949.336305
89.411156,194,949.634567
-435.24402,69,949.859136
22.619087,260,949.915185
118.03204,103,950.042671
153.22168,47,950.266008
-28.576271,229,950.559755
-2104.304,845,950.648783
179.8517,80,950.65784
117.66697,55,950.697156
-3619.7104,1600,950.797756
207.53194,28,950.877755
29.09933,190,952.436915
82.87519,165,952.481535
117.61695,66,952.551021
121.31721,57,952.578014
109.1951,58,952.663593
178.7547,31,952.782722
-550.6415,936,953.005275
107.330154,71,953.013734
127.29285,62,953.142603
201.87366,48,953.159114
106.06005,98,953.186821
176.62834,40,953.452815
177.01686,48,953.522182
147.05821,62,953.890231
-2208.8933,1600,953.897906
205.68819,29,954.110157
-920.30634,470,954.135292
14.558093,299,954.164145
135.54938,90,954.175122
55.088997,158,954.190951
-134.10631,500,954.302989
32.618134,158,954.350877
-1477.9996,1600,954.366139
160.68857,35,954.403718
196.7809,29,954.52862
-496.42807,731,954.696295
168.55331,63,954.823193
106.439445,61,954.979293
141.61461,43,955.011784
-56.855846,354,955.248198
-456.6864,157,955.588804
64.22915,203,955.757554
72.81548,252,955.864738
-14.9808,233,956.027105
57.253036,127,956.072031
202.44054,30,956.265795
9.531044,186,956.327399
-1018.41516,967,956.592624
49.462757,169,956.620948
189.95174,41,956.895194
-113.04903,349,956.925672
85.80979,96,957.041705
150.74635,45,959.39771
10.459124,184,959.41618
11.683936,161,959.423917
141.3678,37,959.474792
123.22594,41,959.70347
141.04189,37,959.746013
-464.27438,381,960.795462
-3.2949598,197,960.888905
-939.2845,599,961.132177
-4.750076,201,961.230539
142.44289,74,961.418357
-167.06421,275,961.451243
-766.4951,242,961.48528
113.98169,51,961.493082
-995.9378,1600,961.510425
-393.47992,55,961.929881
149.69136,63,961.94272
113.275856,70,961.956283
-261.9793,598,962.263
109.20825,55,962.33431
109.16003,54,962.356958
30.075586,159,962.42723
104.67792,62,962.699044
-1261.098,744,962.77043
-575.0486,1149,962.842159
-277.57257,566,962.968148
88.380905,99,963.167206
-5.2322993,231,963.236894
120.77053,57,963.319556
58.526917,237,963.339037
125.0035,32,963.620825
89.35207,167,963.669854
106.02868,166,963.68386
-168.05063,708,963.779257
110.61001,79,963.990098
-1737.3918,1600,966.72379
-522.6639,107,966.73993
-508.70883,1063,967.039992
131.54482,43,967.063503
160.87953,43,967.08118
102.78862,106,967.101775
183.90501,33,967.292896
-662.8104,1266,967.454697
139.439,66,967.613008
85.64142,51,967.680302
205.53078,27,967.891161
-578.1659,237,968.866033
-86.71256,355,968.936688
152.18489,45,969.208876
-278.57425,794,969.46286
-31.788471,320,969.470395
-121.90911,477,969.470443
181.4999,31,969.698113
-795.1045,351,970.109579
99.53343,93,970.197952
-884.4193,1126,970.212545
116.48175,143,970.302559
-157.53296,390,970.563014
52.413147,216,970.591048
103.155205,76,970.700824
199.63875,58,970.758765
168.60141,37,970.874417
-882.4262,594,971.1272
-429.54846,229,971.241486
196.59123,36,971.399638
-40.728832,460,971.399688
-560.6542,925,972.956088
175.42345,63,973.013963
-1154.6526,797,973.038061
185.39499,32,973.253743
-253.22556,884,973.437955
29.646498,270,973.554544
90.46789,84,973.578585
100.83792,202,973.667898
5.5233045,222,973.719845
145.6135,46,973.777956
135.16647,41,973.877694
88.002396,123,973.966919
176.74727,41,974.042545
146.3749,40,974.166395
71.21335,81,974.189288
173.00832,32,974.1997
51.38571,139,974.294848
-674.65326,220,974.329549
-62.069023,378,974.353988
148.73369,87,974.433043
-330.8431,354,974.564718
-441.5406,101,974.796477
-453.30307,76,974.939055
100.62788,84,975.081827
33.326027,217,976.241816
-152.7124,337,976.256125
35.652546,262,976.3252
5.8911242,259,976.341362
105.05678,205,976.400562
148.76009,44,976.698304
109.88695,74,976.847961
183.5328,69,976.884217
-377.8321,31,976.951479
-816.13324,557,976.976159
-1076.7588,655,977.041964
-72.80553,336,979.15387
103.25051,150,979.163664
-150.4409,454,979.304281
144.43903,38,979.450804
162.01212,36,979.579955
-643.12054,497,979.643669
73.18808,65,979.651486
125.2274,151,979.710114
139.8531,30,979.872087
76.58505,106,980.498748
98.85578,149,980.57226
-1369.9497,1600,980.588295
32.031567,261,980.599962
-358.68448,25,980.787356
197.34534,51,980.898837
146.6417,33,981.037742
48.298866,159,981.07773
-161.44661,361,981.224481
-1414.9159,1600,981.422034
189.0897,37,981.514825
-1497.4899,1600,981.522674
115.424385,130,981.586941
66.114006,94,981.764864
125.50826,53,981.934589
-226.0628,534,981.982985
124.53581,65,982.041677
163.82585,38,982.324013
-911.5991,1280,982.427612
86.170944,76,982.51179
-137.38002,546,982.615348
94.01798,138,982.646659
143.93094,35,982.691408
-481.6247,79,983.238986
22.874624,354,983.314193
-28.986807,266,983.4571
-521.98395,668,983.635983
42.852707,149,983.750198
-172.32442,570,985.9437
47.201332,212,986.061268
131.50662,79,986.181588
192.70808,31,986.181638
-371.70374,139,986.250662
-813.4208,623,986.290526
42.070145,236,986.426556
-405.25943,56,986.596861
156.30322,38,986.70592
121.22182,40,986.907562
73.05512,84,986.915787
149.958,42,987.227941
109.87508,167,987.326201
-77.92117,475,987.539461
-494.68585,249,987.587678
176.0183,48,987.600585
179.9975,68,988.010348
107.2745,87,988.186221
105.38872,109,988.359714
156.99644,46,988.514749
158.80167,37,988.771516
-162.77289,619,988.866969
111.28479,80,988.941691
-871.7698,515,989.086581
-1854.2101,1600,989.801684
85.62459,133,989.819623
92.76837,136,990.048703
150.0961,40,990.124399
-191.33937,469,990.322955
178.03279,50,990.425187
29.176506,227,991.949654
130.40958,98,992.059941
-1268.0166,1600,992.228328
77.64668,102,992.418403
-94.349915,493,992.437885
-80.143654,401,992.457017
139.11084,45,992.57267
11.951978,306,992.722694
-455.64197,1105,992.808551
113.95911,46,993.168879
77.367256,184,993.473042
-313.05313,810,993.773574
-461.95847,227,994.201076
-155.57791,310,994.226973
-79.17726,350,994.640337
156.23837,54,994.640391
132.71658,49,995.01778
63.951866,224,995.196353
84.70923,94,995.727296
108.64851,72,995.741984
45.727695,270,995.839482
-415.13782,1098,995.916295
-761.1147,373,996.022325
-558.6442,1215,996.037721
-143.75658,478,996.084047
130.06288,38,996.217135
-20.737253,269,996.268567
180.50116,38,996.392049
153.15884,49,996.417277
-1337.6398,1600,996.450927
158.13808,38,996.585496
-911.4557,538,996.746267
-1050.1157,619,996.753984
-790.23157,1149,997.688283
154.67131,67,997.785464
135.87886,77,997.832984
-1109.7449,598,997.877609
196.79353,46,998.052588
171.67805,36,998.118721
-902.3618,1600,998.143847
60.79295,120,998.319317
194.36436,46,998.408998
134.01738,160,998.460397
131.43214,32,998.708279
151.08868,48,998.778598
35.803932,295,998.851065
-74.654076,441,998.87561
91.269104,100,998.914294
-399.9246,45,999.052049
66.25306,132,999.136386
-57.747482,229,999.312053
141.49873,71,999.386255
-204.33804,777,999.530621
89.20474,117,999.662639
90.8894,101,999.671557
-550.65137,302,999.857132
145.49332,30,999.895142
172.7574,38,999.960658
166.47128,62,1000.002069
-201.8292,393,1000.070641
162.67883,38,1000.240581
164.47755,50,1000.265486
1.1800414,345,1000.421241
56.86959,177,1000.718302
-118.15239,544,1000.739789
168.07498,58,1000.857903
94.36329,116,1001.151378
51.516026,66,1001.234181
165.43167,57,1001.281587
-129.62648,309,1001.368434
-17.467648,344,1001.460996
-91.579445,186,1001.46105
-346.01636,43,1001.695132
54.497795,228,1001.710522
96.26531,76,1002.046737
122.041245,108,1002.05962
-163.72113,433,1003.848365
-743.2002,419,1003.928135
103.31441,178,1003.943557
-117.88303,550,1003.943608
137.09517,67,1004.021115
-507.04398,245,1004.029437
107.31298,79,1004.102693
142.72516,44,1004.363282
62.078583,219,1004.589891
132.04765,97,1004.780376
-408.6233,125,1004.825453
36.950626,304,1005.063864
153.03368,41,1005.098971
160.64568,45,1005.16806
-665.8183,481,1005.360905
152.10077,48,1005.429963
174.34932,37,1005.449263
115.87398,43,1005.705181
167.90317,42,1005.768193
76.60371,134,1006.127238
163.8222,35,1006.371166
30.917402,98,1006.424303
159.68407,107,1006.567394
-183.82524,451,1006.609683
95.02026,66,1007.069638
-123.9391,547,1007.349437
-713.2558,377,1007.484036
-709.0858,411,1007.515171
67.981964,164,1007.694159
-374.88754,47,1007.717443
-74.37142,529,1007.994623
-902.60614,559,1008.380666
-110.88216,387,1008.408474
63.70966,107,1008.519347
-16.828255,203,1009.992468
170.71686,63,1010.358101
51.000576,327,1010.4764
73.83652,63,1010.476472
131.91963,30,1010.708194
145.05199,47,1010.830545
-412.8164,733,1010.913205
180.85834,33,1011.088631
171.31555,34,1011.341959
138.05185,96,1011.634857
-1784.3656,1600,1011.717155
-944.9764,1600,1011.911522
-1138.0895,1514,1012.221349
-60.301514,341,1012.331447
-2124.2825,1031,1013.192056
-122.67399,573,1013.240821
-317.0945,624,1013.591177
63.50246,78,1013.829736
-572.6512,312,1013.999659
-621.1202,500,1014.147945
-2.5561597,305,1014.216469
195.79782,42,1014.312637
-102.654366,291,1014.431114
185.17453,42,1014.519474
132.01929,54,1014.543425
-1380.3052,1600,1016.401228
138.69351,44,1016.427255
-479.7351,937,1016.434475
-5.212442,140,1016.447654
91.13561,83,1016.515134
70.25628,231,1016.940067
99.498985,108,1016.981145
-358.0059,72,1017.039702
-1007.0677,753,1017.103868
-438.76544,74,1017.128641
-388.3013,40,1017.358302
-130.64902,467,1017.515157
55.213367,136,1017.542897
69.87629,63,1017.60261
118.885414,93,1017.854402
-445.09314,737,1017.931522
-8.768636,418,1017.996272
163.72719,36,1018.283927
133.60725,56,1018.382556
152.8179,42,1018.704364
-585.91925,1019,1018.768972
99.44531,55,1019.122438
-1744.578,1159,1019.539483
-69.27535,335,1019.539535
-494.69077,867,1019.571145
71.59004,79,1019.71574
-4.539528,365,1019.816605
-30.239843,315,1019.943954
149.07997,54,1019.967392
127.76978,62,1020.03001
18.04635,232,1020.062145
85.63144,54,1020.143304
181.52759,45,1020.169974
-343.39438,49,1020.331365
159.49286,44,1020.529296
-212.11789,532,1020.636826
-770.2017,536,1020.636882
142.64554,61,1020.646623
179.85342,103,1020.883411
151.1075,54,1021.039213
122.71714,152,1022.023748
-520.9313,343,1022.274146
-415.5534,49,1022.387263
78.14427,74,1022.462034
167.21268,32,1022.524148
-192.91714,519,1022.712375
189.58817,36,1022.780959
180.13002,32,1023.023478
161.92175,48,1023.075013
102.02682,95,1023.169774
-82.559944,377,1023.325582
130.45854,39,1023.457903
-259.60376,653,1023.47282
-532.0312,1214,1023.480868
163.56615,38,1023.764536
119.54436,48,1023.820079
148.62231,46,1023.820128
-1165.5675,749,1023.972615
83.65894,49,1024.196359
124.145195,157,1024.260786
187.1994,37,1024.544501
107.50444,54,1024.603584
146.6254,128,1024.777046
19.39273,206,1024.876075
125.74209,80,1025.146664
141.96877,48,1025.153302
-153.43694,471,1025.28004
-65.07505,512,1025.343059
153.67633,39,1025.440234
53.11688,232,1025.512575
-234.63937,557,1025.592079
127.785995,78,1025.738103
-43.16482,469,1025.929078
114.67823,144,1025.985097
117.65126,74,1026.1713
141.10548,107,1026.265959
-386.72333,49,1026.309552
-69.730255,321,1026.412854
-825.1652,453,1026.460102
170.34787,37,1028.235715
-1293.0295,1132,1028.525653
117.727776,127,1028.607962
-287.40323,333,1028.608013
-58.555172,228,1028.741548
-660.8387,781,1028.884388
124.29114,31,1028.963274
-0.56736195,233,1028.9817
-463.4137,79,1029.126512
-363.04404,25,1029.179021
-382.5309,117,1029.766074
126.41755,102,1029.94292
78.96212,290,1030.074894
96.664856,80,1030.346446
166.98972,67,1030.425653
48.99679,196,1030.425723
-2073.7908,1600,1030.586582
19.273685,208,1030.680564
-64.00409,451,1030.868777
187.08965,44,1031.030186
-110.484146,373,1031.03931
-471.8003,362,1031.334224
139.75064,126,1031.391737
-743.7307,505,1031.554372
147.17407,32,1031.578329
92.01333,80,1031.630906
81.87904,168,1031.719905
72.108154,184,1031.754129
-146.15315,419,1031.771154
195.9938,30,1031.864832
112.83557,45,1031.903163
103.30438,156,1032.049983
162.93956,88,1032.065
88.776924,44,1032.10568
167.03218,34,1032.120801
122.8777,88,1032.250708
-367.37894,25,1032.2602
162.37544,41,1032.420371
1.7224928,232,1032.786334
145.08237,94,1032.839051
85.77814,104,1032.848827
92.974075,78,1032.856442
-1205.2833,1441,1034.079862
-150.49765,529,1034.955845
131.91539,123,1035.116467
70.861725,225,1035.415299
-38.380497,379,1035.453317
-1260.2158,1600,1035.642007
-29.107275,277,1035.719284
-4.5300426,276,1035.780976
-277.28482,359,1035.981473
99.39556,55,1036.208907
94.92064,69,1036.258696
-420.70322,36,1036.266966
-54.687737,508,1036.590703
135.78413,54,1036.662694
-702.48444,1189,1036.678567
144.37924,70,1036.77637
69.88806,192,1036.849002
-82.384026,272,1037.003462
158.00957,45,1037.036295
-405.17184,63,1037.085989
148.89015,38,1037.139506
-45.617085,465,1037.215244
-820.58997,1164,1037.477211
-58.71343,314,1037.874265
107.958046,75,1038.050472
115.68353,56,1038.293025
-4.5516496,212,1038.326497
27.610415,199,1040.234952
19.11487,271,1040.829136
-59.089413,329,1040.844354
-1946.8142,1600,1041.305885
-355.6078,909,1041.560395
36.041264,227,1041.56789
26.846613,216,1041.851411
-394.05606,44,1041.896024
116.97802,145,1041.936256
133.46472,50,1042.251775
108.73229,131,1042.577799
-812.9213,564,1042.889337
105.76673,77,1043.146633
-4.6818166,311,1043.20889
-38.912853,131,1043.237105
-188.488,657,1043.568801
62.62983,258,1043.909786
-176.35364,387,1044.268091
-570.71277,161,1044.389342
101.73503,119,1044.475392
145.05002,80,1044.521976
113.95414,65,1044.750007
191.21562,62,1046.253075
-1555.4998,1600,1046.594177
-604.6196,1131,1046.678868
166.82712,67,1046.694344
-56.76693,337,1046.904565
177.1421,47,1046.981368
102.25721,112,1047.178113
-786.67413,1046,1047.206768
170.30737,35,1047.470747
151.73338,65,1047.741345
-10.212339,232,1047.748931
-1715.1395,1600,1047.855802
158.53154,72,1048.070249
84.60042,55,1048.532092
-32.041145,516,1048.78004
122.85348,41,1048.908422
122.029976,99,1049.870852
-598.7983,1081,1050.107002
-2.0453062,292,1050.768653
-329.75812,905,1051.322445
123.28132,107,1051.422487
-1078.0442,1372,1051.847316
-73.75991,393,1052.226128
-331.2884,526,1052.271614
118.79153,110,1052.31164
167.77559,67,1052.340808
-1152.7812,1600,1052.4579
-372.22223,815,1052.546979
190.11287,37,1052.681991
126.40218,51,1053.132936
140.11967,39,1053.464355
-28.605488,349,1053.578788
-674.1723,604,1053.910105
135.5002,47,1054.182273
110.261345,148,1054.526898
96.20476,78,1055.428009
108.97529,175,1055.986752
-348.79904,46,1056.112034
-952.0981,1545,1056.3658
-107.45007,259,1056.489819
58.86324,316,1056.632457
-482.04477,924,1057.43649
-1629.784,824,1057.742738
-34.656353,361,1060.259501
153.87978,84,1060.275564
-16.689718,354,1060.764454
144.45805,153,1060.807688
155.22838,40,1060.868124
-174.02261,486,1061.211273
71.116135,72,1061.724166
115.46589,79,1061.913609
53.186344,361,1062.293136
-173.32736,501,1062.361847
110.60858,138,1062.685186
-314.5058,951,1063.012534
-242.84723,758,1063.182347
-62.23845,282,1063.555796
111.838776,137,1063.623934
161.07991,47,1063.672909
145.77718,108,1063.76141
117.03719,62,1064.055634
-386.38986,38,1064.173248
-53.999992,387,1070.162111
-484.0697,579,1070.216893
44.70885,182,1070.297871
90.515816,107,1070.453395
27.197443,97,1070.506232
-31.998621,466,1070.554262
186.28975,45,1070.648387
171.53093,45,1070.857593
189.64249,45,1070.90129
-238.72096,398,1070.918564
183.49939,51,1071.001216
-336.87445,47,1071.059166
190.24826,36,1071.228101
191.72899,47,1071.464509
-334.61206,55,1071.757657
171.12883,64,1071.801334
57.35794,303,1071.875379
152.55505,66,1072.080273
99.632,166,1072.19908
182.12143,38,1072.834549
8.403156,240,1073.109683
-418.64246,406,1073.228372
149.59238,46,1075.084743
136.19698,123,1075.4993
97.0058,231,1075.945773
117.11922,121,1076.155719
154.93672,147,1076.248507
147.09897,49,1076.374066
27.223717,378,1077.100034
-1806.6381,1600,1078.040176
-1150.2047,809,1078.466575
90.12317,104,1078.672757
96.36015,247,1078.715313
113.42458,111,1078.815183
139.00017,52,1079.405229
147.86996,91,1079.771436
127.77538,33,1079.907393
-542.54803,196,1079.962224
155.77763,39,1080.391559
104.65987,36,1080.476764
-757.0258,322,1080.816003
44.922916,251,1080.9526
-674.34515,434,1080.972278
-203.44583,625,1083.085783
-400.16864,62,1083.184247
-1642.7006,1053,1083.263747
152.77571,75,1083.586281
-499.12915,924,1083.754027
-6.639544,256,1084.013044
-190.3952,570,1084.070942
-79.66679,172,1084.441718
128.82996,82,1085.369267
-1350.4222,420,1085.509141
105.42957,128,1085.651457
-165.8958,383,1085.68098
62.338722,212,1085.93507
161.34169,62,1086.134435
124.33557,59,1086.243085
60.856995,223,1086.243145
160.73865,33,1086.481126
196.16188,29,1086.570944
33.783382,315,1086.962281
33.62378,229,1087.949761
100.88188,163,1088.206378
-427.66794,398,1088.309579
-719.5853,920,1088.374292
-411.52173,42,1088.690099
-838.0989,1202,1088.690151
131.97942,33,1088.937607
25.478308,286,1088.98406
174.5488,64,1089.179398
-878.4687,422,1090.268856
-29.147333,379,1090.726254
44.75856,252,1090.74568
47.757763,231,1091.317878
114.80098,212,1091.355457
94.24083,80,1091.371804
165.44963,33,1091.564566
-85.37019,536,1091.617247
-381.18762,51,1092.051686
-710.58716,1191,1092.193752
82.61461,45,1092.430401
97.78224,152,1092.650413
118.01423,127,1092.732063
119.71832,46,1092.793762
59.482544,169,1092.803878
130.20654,37,1092.997454
-437.60767,114,1093.081975
-21.95418,477,1093.272533
-619.12463,1146,1093.446824
-12.830758,381,1093.775824
176.01627,57,1093.891717
146.12991,126,1094.037066
68.20883,196,1094.134948
175.82745,36,1094.316317
-145.01854,506,1094.31637
135.99501,68,1094.427422
187.66547,40,1094.46502
-381.35193,31,1094.74848
162.6596,32,1094.810867
-1645.8923,1242,1094.821783
203.36415,66,1094.972084
175.2448,50,1096.155872
80.3262,116,1096.292637
-175.28615,223,1096.618205
67.40343,103,1096.747761
151.52171,88,1096.90852
-67.520515,389,1097.472759
-152.90636,459,1097.522642
91.225716,103,1097.636604
118.00251,89,1097.678432
-74.548584,484,1097.740179
-26.280607,235,1097.740245
-554.08264,985,1097.891143
-876.9523,1286,1097.956905
-428.18616,56,1098.13593
190.38365,38,1098.185082
149.06578,90,1098.201104
45.20824,206,1098.348848
-991.04126,1600,1098.482908
186.59952,41,1098.692983
92.32318,160,1098.839541
100.42804,91,1098.885849
117.748245,58,1098.957798
34.7086,162,1099.059426
-29.667034,340,1099.138055
-2159.9631,1600,1099.196815
160.77222,77,1099.323985
-706.7851,1587,1099.376791
106.14286,47,1099.487165
76.79237,191,1099.833218
38.203197,109,1100.310386
-490.05048,142,1100.46907
115.34744,84,1100.532764
-8.240806,204,1100.576875
196.7907,30,1100.689569
93.03019,151,1100.75302
-34.517673,221,1100.759935
-190.03566,347,1100.852968
80.887794,61,1101.010098
62.29472,99,1101.082541
-376.58215,42,1101.089291
-20.622215,351,1101.143665
-144.4613,671,1103.16962
126.04769,39,1103.299106
108.31601,56,1103.299158
155.75887,58,1103.385163
-187.03511,487,1103.617936
139.50096,138,1103.639199
168.12698,71,1103.880294
166.36758,40,1103.963432
117.31735,92,1104.042243
134.39717,122,1104.362791
-1648.7748,1600,1104.434448
175.87367,60,1104.508983
105.3461,102,1104.672272
149.22525,40,1104.672328
110.131836,123,1104.920946
126.80164,58,1104.961959
-444.70358,97,1105.429475
136.13712,70,1105.469624
-254.29813,560,1105.540001
-198.95816,545,1105.625077
70.20776,272,1105.75189
116.87452,109,1105.816834
151.97197,46,1105.83322
24.139446,198,1105.97718
173.74585,73,1106.002999
100.36056,94,1106.277122
110.26177,70,1106.376609
150.19046,92,1106.469558
109.07313,69,1106.524684
138.33217,38,1106.673578
127.34397,53,1106.689937
120.14402,108,1106.847193
91.32715,73,1107.045949
94.60911,72,1107.083707
141.06451,70,1107.377492
-511.35324,914,1109.493473
-15.931034,202,1109.618935
-302.42822,726,1109.784072
141.73303,48,1110.011285
-1485.6913,1600,1110.141815
95.49571,223,1110.165696
-996.48334,746,1110.174189
191.79756,32,1110.421419
140.71138,35,1110.435953
-59.23995,420,1110.477022
130.90852,126,1110.491486
-76.33442,475,1110.727629
-59.40872,289,1111.031332
129.13162,75,1111.070266
138.20493,76,1111.095253
187.4674,62,1111.209835
192.62096,40,1111.396754
-766.9426,388,1111.497926
145.09068,63,1111.564538
90.61722,74,1111.618417
107.3971,57,1111.85704
-32.859726,226,1111.92511
3.6000881,212,1112.1041
-241.94034,776,1112.128891
172.6023,46,1112.216682
-538.3392,1081,1112.31169
-497.21603,253,1112.422673
117.19559,38,1112.436844
131.85268,158,1112.461445
95.665855,66,1112.739849
104.63307,98,1113.195895
-991.3811,239,1113.346053
74.15589,102,1113.499617
-1298.1384,1600,1113.590433
65.746056,160,1113.649813
170.5535,63,1113.679868
-52.189087,218,1113.780056
152.89331,41,1113.821507
142.33249,40,1113.952428
128.82387,50,1113.974086
-1570.1361,764,1114.009493
95.30446,100,1114.108616
165.52415,53,1114.176346
154.97227,33,1115.802603
129.55893,78,1116.402858
81.7225,121,1116.585463
-694.1946,258,1117.198436
-699.1165,560,1117.583845
-44.17895,301,1118.056926
2.7121859,274,1118.05699
-1339.6747,1600,1118.336149
88.24371,108,1118.397805
150.4384,32,1118.520782
128.19194,87,1118.665937
142.15111,40,1118.665988
196.98624,40,1119.002657
-1373.3588,1600,1119.316459
55.78145,91,1119.778312
113.59418,106,1119.854446
98.3934,95,1120.08961
128.26309,49,1120.271766
147.65051,49,1120.583085
-617.4166,790,1121.169998
-633.38324,284,1121.498553
146.76755,44,1121.582212
-736.5808,506,1121.64479
-537.7235,192,1121.720681
67.10256,134,1121.8392
104.9148,44,1121.885925
-550.0326,921,1121.902922
188.86298,39,1121.968095
-374.33606,40,1124.567325
-349.1874,571,1124.812427
-738.55615,1225,1124.869561
149.84659,76,1125.236986
-585.10364,949,1125.31848
184.4403,32,1125.347383
150.38452,46,1125.812203
177.34694,52,1125.977641
94.002785,109,1126.306228
110.3769,81,1126.385229
0.7285149,241,1126.877873
167.59296,72,1127.179216
-1525.3967,1244,1127.466365
158.71416,45,1127.571955
154.44958,48,1127.873113
190.15788,43,1127.936689
-1218.1827,1600,1128.678906
88.872574,86,1128.790645
150.60721,34,1128.993535
-184.2289,488,1129.072109
-52.92761,472,1129.277726
126.39327,53,1129.288036
-85.44836,462,1129.468874
175.35448,35,1129.574767
-91.11293,523,1129.685269
86.89759,60,1129.935451
162.8593,54,1129.998465
156.07895,48,1130.058037
160.01053,48,1130.37405
23.304316,190,1130.564939
-166.27107,512,1133.483796
164.03238,74,1133.494097
160.54042,43,1133.92005
-548.2788,1351,1133.948525
184.87582,41,1134.421837
-160.26796,506,1134.517199
34.38654,204,1134.795174
126.86167,114,1135.080855
63.468864,81,1135.138546
102.66194,79,1135.239417
-87.62183,370,1135.456353
160.28679,68,1135.523116
167.23788,34,1135.664933
153.05688,78,1136.117889
161.76083,33,1136.134307
159.02771,57,1136.192149
128.38264,34,1136.52028
-94.39899,435,1136.558098
184.94835,45,1136.717185
-1121.0787,1600,1136.962978
-382.6863,1167,1137.473273
33.099854,198,1138.65264
-148.55807,464,1138.689705
-73.42512,285,1139.131021
33.459324,255,1139.23393
-21.835785,403,1139.634397
-452.38794,1041,1139.708907
76.79977,227,1139.872161
119.16484,46,1142.191775
-1064.2954,1600,1142.37655
-334.25848,705,1142.598832
-1054.0889,1600,1142.827111
120.88128,77,1142.870105
113.8519,66,1142.940685
-107.0426,437,1143.138906
-251.0401,603,1143.487463
114.96163,57,1143.55893
136.8129,104,1143.606238
129.9486,91,1143.614278
154.25601,100,1143.614319
148.01591,37,1143.779584
-596.5502,261,1143.795032
-37.075054,268,1143.795077
17.818413,162,1143.853467
-392.1641,47,1143.970381
109.474335,59,1144.059195
-298.4892,609,1144.297684
150.16995,84,1144.439639
137.1013,108,1144.456907
170.24173,82,1144.728898
127.938286,115,1144.761928
155.44205,68,1144.822756
-939.29706,1301,1145.037334
113.25531,145,1145.12544
-362.56165,25,1145.381562
161.80579,70,1145.44506
136.42917,135,1145.602684
137.74121,34,1145.671746
-1808.684,1556,1145.694244
117.51999,137,1145.88326
136.56375,100,1145.918797
126.21475,73,1146.053416
137.9259,43,1146.053464
155.55247,65,1146.144319
158.46135,37,1146.262814
73.59247,233,1146.438621
-10.28922,344,1146.704672
160.3492,92,1146.730587
-52.769497,372,1146.931072
-447.02853,111,1147.026066
-892.6379,1214,1147.053961
-206.83472,761,1147.12044
-398.70563,127,1147.160801
-373.77106,50,1148.153515
14.764574,110,1148.179184
165.63768,50,1148.421566
142.95078,74,1148.88089
107.27937,172,1149.504073
125.021095,123,1149.549776
-63.21503,283,1149.589371
105.72159,165,1150.329074
66.47701,259,1150.489657
119.15931,124,1150.62702
59.988106,99,1151.509995
81.938385,221,1151.534827
-1332.2896,1173,1151.632067
-28.30446,429,1151.668064
-228.00383,628,1152.112789
-248.92691,733,1152.112867
142.97763,62,1152.18019
187.02345,49,1152.215079
121.63823,80,1152.449943
100.50083,69,1152.880414
129.4025,65,1152.88046
131.76334,42,1153.438783
171.02106,68,1154.901091
-451.6076,241,1155.526789
-58.01633,451,1155.955199
111.51747,47,1156.097356
-322.90283,850,1156.751343
109.626816,72,1156.926237
170.74303,29,1156.991151
112.75838,109,1157.216596
177.0431,60,1157.646845
-1582.0208,1600,1157.731479
186.3405,49,1157.776928
-714.34174,1325,1157.846093
-2011.0547,1600,1157.84615
-169.509,444,1158.472842
-460.7501,542,1158.505489
129.32953,59,1158.611749
113.21824,70,1158.788496
-826.3109,438,1158.837466
-414.9778,817,1159.0562
-417.46017,57,1159.229725
-113.88683,544,1159.275058
169.95581,59,1159.363981
170.38933,42,1159.394273
128.90611,132,1159.461039
200.3175,54,1159.469018
177.76376,31,1159.537785
111.8096,147,1159.672289
50.568054,205,1160.015974
86.04422,99,1160.17363
113.28557,60,1160.196815
112.076355,96,1160.213919
-599.8,314,1160.497385
72.29267,146,1160.659727
-511.33667,225,1160.693213
146.25925,74,1161.084074
93.05991,208,1161.201361
175.1877,86,1161.360043
-1783.122,1294,1164.153077
124.44831,129,1164.200768
-49.04884,275,1164.250221
170.35445,71,1164.438664
-1336.1267,1071,1164.575928
-76.327415,290,1164.869007
147.34872,36,1164.869052
92.80063,59,1165.3364
-40.453594,378,1165.710027
84.7124,49,1165.726918
-1155.2533,1600,1165.765661
153.18411,54,1166.146966
65.55011,169,1166.205866
-1366.3618,1600,1166.260686
-95.54667,563,1166.268877
156.66216,91,1166.42487
189.22856,45,1166.505276
-221.67914,371,1166.537687
-85.44543,499,1166.69852
53.695816,299,1166.801954
48.08222,126,1167.185162
-484.15305,115,1167.316875
-1363.8302,663,1167.368794
-612.4549,405,1167.437117
177.35106,34,1167.452409
140.41406,85,1167.471466
-64.330605,446,1167.701911
18.624586,206,1167.867664
-209.63605,527,1167.876846
177.47343,58,1167.908999
145.41534,38,1168.197854
-365.7111,1156,1168.205876
45.24431,311,1168.917574
-297.8785,817,1170.550117
104.07561,50,1170.706454
-844.97925,369,1170.799584
48.674133,249,1171.206915
155.3472,59,1171.262705
-657.2936,327,1171.317208
-25.022825,346,1171.415025
124.20663,96,1171.468129
156.47285,33,1171.536061
81.53589,266,1171.700884
170.98415,49,1171.722195
171.8446,71,1172.048146
124.25321,197,1172.128465
-119.719574,521,1172.182163
111.703896,70,1172.246848
141.33572,83,1172.674305
86.98417,153,1172.726978
35.332176,194,1172.738523
124.448265,41,1173.040034
179.16191,42,1173.379736
60.944397,253,1173.406438
134.54593,156,1173.461507
151.09106,105,1173.494811
-368.1694,25,1173.687367
108.872154,152,1173.917132
-890.99774,650,1174.15776
125.30918,107,1174.210319
174.5398,74,1174.245434
72.4994,113,1174.319819
-163.07007,295,1174.45174
90.55751,75,1174.494344
-65.290474,383,1174.704949
72.233345,73,1174.755396
124.84844,40,1175.051411
-608.7495,1056,1176.413472
116.04058,50,1176.45458
91.68794,133,1176.508538
-383.0146,782,1176.70956
-401.5625,47,1176.821245
98.42314,66,1176.942379
100.52886,174,1177.077513
-430.67993,52,1177.136597
66.022995,253,1177.216707
57.71839,241,1177.225562
112.121315,55,1177.259093
192.2407,36,1177.404633
-26.983965,251,1177.477405
67.23447,82,1177.580051
114.7374,80,1177.676138
-383.1063,45,1177.802111
63.968197,208,1178.108047
-19.747078,367,1178.108088
-1542.3143,1068,1178.152737
89.24383,43,1178.495249
-355.81488,49,1178.49529
149.36546,50,1178.507369
144.80368,173,1178.546801
131.37695,118,1178.591383
-2085.7542,1600,1179.039789
10.185329,261,1179.242529
-1570.6083,1154,1179.263509
-609.8345,249,1179.325155
-253.65894,815,1179.440729
17.896809,129,1179.556628
108.92348,129,1179.608687
163.38965,35,1179.608728
130.96193,51,1179.64591
143.2431,62,1179.765081
-384.40784,34,1179.845108
-371.54794,26,1179.871685
151.9359,78,1180.228179
-620.72156,1331,1180.273808
-30.195597,322,1180.336925
176.84593,66,1180.353628
150.38788,82,1180.408557
-468.40463,78,1180.832979
27.629965,323,1181.042954
120.8448,104,1181.078717
-1248.7811,1600,1182.936861
59.953407,201,1182.959615
121.049904,120,1183.065789
93.67029,131,1183.135747
-385.76968,57,1183.266659
-24.218912,382,1183.275492
187.58783,42,1183.291099
-423.0673,48,1183.44119
-93.47663,409,1183.486924
127.01665,72,1183.502497
176.16704,41,1183.821692
144.76955,52,1183.929529
-397.47012,1004,1184.019558
-40.20029,180,1184.043051
152.50882,82,1184.106187
153.8324,46,1184.388671
108.28948,62,1184.595527
172.10417,42,1184.709725
83.48366,180,1184.725082
96.95484,101,1184.830199
130.9628,48,1184.96619
-1.498728,270,1184.990576
159.67918,31,1185.080861
160.14857,45,1185.080906
103.16225,71,1185.275769
-293.47174,801,1185.325591
115.08409,47,1185.349181
109.56441,61,1185.567308
110.60841,69,1185.627908
104.543106,53,1185.695514
146.95767,41,1186.00513
123.48283,40,1186.312909
-462.46414,136,1186.374671
-3.6317718,405,1186.468766
119.20405,64,1186.973535
-46.110268,418,1187.096138
152.43979,40,1187.272106
-11.509008,295,1187.290333
-356.1081,45,1187.632836
168.89688,49,1187.678913
-883.4387,505,1188.06882
164.05188,29,1188.090447
-436.40323,132,1188.316108
-1423.2496,894,1188.44175
-229.4495,664,1188.534715
89.972206,62,1188.551884
-75.82988,268,1188.592501
132.30534,56,1188.833472
-508.24603,1179,1188.858039
108.69447,102,1189.03459
180.43137,64,1189.107749
-1010.43164,452,1189.239107
-354.3216,25,1189.457365
153.86789,77,1189.580097
150.11855,66,1189.628993
-374.65848,109,1189.668487
145.6046,51,1189.915108
126.61339,61,1190.265553
-326.98154,573,1190.739963
92.84343,137,1190.945147
147.79575,43,1191.087583
86.21633,220,1191.139125
59.997135,148,1191.285573
-52.94965,268,1191.351683
-0.78302765,310,1191.45987
169.43187,68,1191.491402
-135.70131,410,1191.510682
-388.9564,966,1191.517498
-35.58016,325,1191.563173
91.87804,77,1191.708987
124.052055,113,1192.178833
98.63084,134,1192.553801
140.46898,48,1192.941693
39.849415,205,1192.988661
40.656353,182,1193.020467
68.85382,115,1193.113718
188.8489,29,1193.273654
151.35442,52,1193.3914
-1616.9683,1522,1196.111806
130.40483,38,1196.306362
-27.862608,442,1196.480922
67.42246,101,1196.577697
181.0336,40,1196.655166
-117.91733,318,1196.72741
107.97319,78,1196.767137
111.35321,167,1197.009768
127.29734,43,1197.018886
-124.760025,448,1197.39251
-973.84393,1600,1197.579083
66.3731,89,1197.701605
132.7981,93,1197.739855
45.40362,164,1197.806676
171.43939,30,1198.039123
-2665.8118,1600,1198.131499
-38.862522,287,1198.198603
134.39941,62,1198.217894
180.85051,29,1198.252156
-41.422203,513,1198.252201
-575.77136,1205,1198.374341
-383.42477,24,1198.431432
97.76991,215,1198.449263
148.30257,40,1198.49632
202.58267,38,1198.504092
133.78278,42,1198.575359
65.77836,141,1198.665545
208.12376,27,1198.716487
-401.33594,42,1198.763386
-736.2917,269,1198.823085
140.90752,56,1198.872792
138.00108,73,1198.925785
81.26896,111,1198.959788
132.19655,73,1199.051146
116.41123,30,1199.104757
73.42652,228,1199.139862
178.9413,39,1199.221353
159.60709,91,1199.262616
160.08531,34,1199.309674
160.89491,36,1199.413944
-348.18613,25,1199.498443
151.22195,95,1199.983345
-8.839067,328,1200.19737
165.45467,125,1200.375546
-631.38885,1003,1200.454175
59.732044,139,1200.569067
162.35739,37,1200.734686
144.83263,115,1200.863683
55.08,256,1203.226713
143.32184,91,1203.234676
-294.17014,917,1203.460849
-10.851421,344,1203.507828
-576.63385,289,1203.604961
36.97896,117,1203.628252
-19.495996,170,1203.672651
158.42989,37,1203.789406
153.9747,99,1203.797335
118.80971,58,1203.922369
190.96513,29,1204.032331
75.001785,70,1204.163831
-1197.7346,1600,1204.399427
-46.896793,442,1204.407224
26.513994,178,1204.658434
-177.14696,760,1204.679963
151.42523,139,1204.823546
78.26748,108,1205.065625
80.05489,63,1205.197965
147.26816,48,1205.216158
38.046112,260,1205.342638
162.31396,35,1205.480928
89.60625,133,1205.512961
-388.33127,29,1205.574458
143.38483,80,1205.704476
8.8921175,209,1205.7304
174.53448,30,1205.740133
113.974724,139,1205.782642
60.904854,64,1206.190186
160.70982,70,1206.274173
-425.00662,71,1206.274219
-176.7441,700,1206.306104
103.78068,74,1206.3511
-501.34875,1262,1206.456604
-8.205108,341,1206.527128
-363.0223,27,1206.557167
175.3075,44,1206.65848
70.686264,168,1206.884847
35.85775,246,1207.150762
166.42094,76,1207.150803
93.88803,109,1207.150811
105.47437,174,1207.864529
-86.48604,221,1207.959165
68.51239,194,1210.357479
158.60683,61,1210.488467
48.448845,167,1210.612544
27.429852,203,1210.631537
65.35742,174,1210.661418
-1095.8922,981,1210.985377
-996.1504,630,1211.074641
97.970474,102,1211.134381
15.696081,139,1211.175712
-360.57373,26,1211.354309
166.18967,95,1211.375065
77.80352,115,1211.475513
137.30388,73,1211.686105
-401.94827,83,1211.704244
163.13673,70,1212.025509
-560.03534,216,1212.13377
-1037.9426,477,1212.149265
43.868324,271,1212.691682
-298.28113,994,1212.833467
129.8957,37,1212.973035
67.613235,196,1213.191008
63.723827,242,1213.991282
-23.030348,410,1214.503573
-725.13904,1046,1214.70324
-157.51083,394,1215.206298
45.310894,256,1215.336401
-483.20615,994,1215.488403
-1350.5293,1600,1215.689928
-320.67825,834,1215.901863
155.87695,35,1215.964649
-213.11884,582,1216.336247
36.684082,157,1216.692861
15.005985,242,1216.748433
-70.636154,489,1216.780385
177.16925,65,1216.827287
30.908972,311,1217.082017
88.67874,246,1217.125586
212.45438,23,1217.266572
112.71842,68,1217.325142
73.75312,195,1217.479386
-363.8999,24,1217.511292
-124.96322,448,1217.641433
196.03943,26,1217.680235
-442.23746,131,1217.725022
119.51089,115,1217.734187
145.5582,83,1217.91282
126.19716,38,1217.936544
212.05942,22,1218.087229
111.919914,48,1218.104231
150.31186,37,1218.237656
14.156975,375,1218.271057
129.32484,146,1218.279129
154.64525,32,1218.369349
-640.69305,1223,1218.377272
-1433.3046,1600,1218.460245
211.13792,35,1218.511513
165.65308,69,1218.639731
-428.23984,841,1218.812545
93.34215,70,1218.903623
-16.18382,285,1218.991935
148.38585,80,1218.991982
90.50912,176,1219.123509
135.32405,96,1219.21737
145.94267,93,1219.25085
-354.7708,1058,1219.359148
-296.00693,1009,1219.396781
113.25436,48,1219.534716
-213.74684,832,1219.660651
140.81209,82,1219.678484
116.74912,111,1219.726149
189.74089,46,1219.741376
170.54211,70,1219.79672
65.12116,75,1220.009348
115.70299,136,1220.025822
161.62991,52,1220.956529
134.44795,59,1221.026656
144.69421,56,1221.482252
75.48042,75,1221.555885
-109.52499,402,1221.7214
143.27861,45,1221.833298
141.73344,54,1222.259323
-44.51176,206,1222.465462
191.8092,46,1222.603243
-676.5022,294,1222.805435
-713.11194,437,1222.949395
-514.0255,160,1222.985294
170.34268,30,1223.066534
-463.6547,75,1223.242772
143.8244,40,1223.397491
-129.62813,368,1223.443259
97.56438,67,1223.504297
145.94798,59,1223.851068
180.9742,55,1223.933352
130.69104,80,1224.075219
162.1076,55,1224.298719
205.63493,37,1224.379544
-369.22406,497,1224.599238
15.106152,199,1224.832999
-528.77216,108,1225.225819
77.98639,90,1225.292821
104.582596,77,1225.432567
36.19556,144,1225.43892
164.93845,49,1225.800674
109.028175,83,1227.397547
179.01122,54,1227.812031
-1465.4873,335,1228.02316
-722.8388,1257,1228.115886
-751.8526,551,1228.28486
182.91788,29,1228.350697
98.48642,162,1228.528345
144.87976,35,1228.565832
-534.6812,936,1228.711884
-69.25701,262,1228.720428
-489.0975,117,1228.727429
201.45001,27,1228.734246
158.60965,37,1228.850489
-149.07787,582,1229.022153
150.46751,74,1229.288556
123.47872,93,1229.411892
124.71376,102,1229.629064
162.00517,32,1229.676267
87.1552,73,1229.858557
45.19029,135,1230.065957
167.78047,63,1230.562442
111.409004,115,1230.577681
-33.947693,207,1231.253974
117.70523,51,1231.628122
103.63903,209,1232.491259
75.08423,310,1232.569481
-855.3161,1600,1232.684854
151.84094,35,1232.755865
-91.25882,486,1232.763677
-699.5487,1373,1232.8831
183.52473,28,1232.900658
144.17746,62,1233.044705
190.0292,34,1233.162732
-773.5318,1571,1233.214107
-2735.2285,1600,1233.435982
183.29533,76,1233.480866
150.51233,42,1233.543203
143.52211,69,1233.598149
151.8122,35,1233.717402
-37.20468,381,1233.828296
-3092.401,1537,1233.922239
99.611984,149,1233.939562
182.98491,56,1233.995574
-1323.2317,1374,1234.089489
181.54024,38,1234.241161
141.94627,37,1234.28796
140.681,105,1234.758817
-37.190174,382,1234.941709
-1484.3439,1600,1235.127171
50.15689,138,1235.163637
69.64711,279,1235.361148
104.88668,170,1235.579324
78.257286,169,1235.621078
-193.56992,385,1235.809866
52.884182,300,1235.953461
28.330357,285,1235.953504
143.99944,60,1236.040809
-116.06675,326,1236.049752
14.696697,310,1236.241372
168.23389,64,1236.280445
137.36763,127,1236.341521
71.16021,151,1236.763808
91.760895,129,1237.018411
-428.40622,117,1237.210236
-0.17803432,284,1239.381397
71.41705,86,1239.45579
113.17824,72,1239.612681
90.53357,217,1239.649019
-426.3266,188,1239.760522
180.65433,50,1239.853431
-790.53955,408,1239.941935
89.6056,71,1240.309781
58.826263,273,1240.378857
139.30043,142,1240.72564
20.998062,368,1240.796183
-56.960567,405,1241.134255
92.736115,173,1241.212818
99.73225,33,1241.36635
99.89113,242,1241.415311
152.86076,35,1241.471232
87.95915,280,1241.491135
139.58629,112,1241.555468
-1618.0022,1600,1241.587105
184.22934,29,1241.610964
-609.02527,253,1241.746806
175.83195,33,1241.756316
-675.2992,1487,1241.843595
171.75473,31,1242.000041
189.95107,65,1242.098101
154.2619,31,1242.324105
27.39314,211,1242.385843
152.68355,103,1242.400586
159.71176,55,1242.409202
163.73181,82,1242.479428
124.31093,39,1242.708368
88.76219,168,1242.786407
145.22386,60,1242.794923
125.88936,77,1242.996586
195.37035,39,1243.02304
-982.4745,1600,1243.056508
132.76402,44,1243.361677
-1060.0365,1600,1243.430012
172.02773,77,1243.651571
38.44479,118,1243.723762
94.499756,286,1243.782998
200.26198,25,1243.848433
-875.786,497,1245.727126
142.81868,100,1245.74393
-15.758541,330,1245.869224
122.31546,72,1245.885897
111.65079,127,1245.894373
74.06635,205,1245.929578
-371.26675,682,1246.060982
-260.48416,968,1246.166987
79.11093,100,1246.174043
172.32149,80,1246.498802
59.213444,321,1246.533229
-583.0426,270,1246.652287
125.607765,69,1247.045727
-162.97552,528,1247.103781
92.68449,237,1247.131666
-968.4969,695,1247.230582
92.4668,176,1247.2846
160.89604,65,1247.643401
73.12085,196,1247.708887
79.63235,60,1247.756583
-5.976346,253,1247.879262
-171.63103,556,1248.293705
44.881474,235,1248.357107
-111.984,317,1248.404835
76.07249,175,1248.451308
130.58371,114,1248.573841
125.13523,195,1248.719666
93.78329,57,1248.851481
122.472275,85,1249.023618
-7.6810985,187,1249.078326
216.99092,20,1249.176622
173.65572,52,1249.254317
25.67161,183,1249.286025
-675.36523,1416,1249.444647
175.44069,36,1249.460131
68.79163,251,1249.69491
118.84249,56,1249.694953
161.62868,87,1249.943873
120.21694,71,1250.22848
176.05731,53,1253.25822
-772.5388,314,1253.48484
-366.74707,33,1253.498572
-93.34448,338,1253.512309
154.51517,43,1253.829456
-18.814352,325,1254.183929
-777.35016,300,1254.347684
206.1149,24,1254.360884
22.68987,272,1254.378041
-1162.0793,684,1254.533342
79.77788,150,1254.637532
-88.063934,434,1254.644364
82.34951,155,1254.644404
127.07885,43,1254.65211
154.47395,56,1255.085438
138.03763,106,1255.350251
113.96735,137,1255.418707
151.89928,65,1255.889509
54.63664,228,1256.506726
-558.5275,157,1256.710922
-35.29379,259,1256.751014
-390.42477,1058,1256.929384
-394.612,71,1257.050786
57.15158,242,1257.059431
141.68117,30,1257.165616
-191.61032,654,1257.180727
-664.11957,347,1257.442211
116.65819,124,1257.680413
116.40169,94,1257.803295
21.833994,248,1257.87949
120.67274,99,1257.948399
40.80679,153,1257.956007
128.29132,119,1257.996063
-485.44382,1237,1258.021917
141.05164,111,1258.05136
186.50362,30,1258.846667
149.79695,61,1258.946041
106.35352,59,1258.998315
102.72005,79,1259.301958
169.21169,91,1259.331623
-429.92487,65,1259.423718
143.67953,85,1259.483624
47.688873,109,1259.515687
20.989132,141,1259.700128
144.50365,50,1259.738862
-529.45355,187,1259.792687
108.06602,117,1259.896931
146.71219,43,1260.019997
194.79434,34,1260.043876
215.21675,21,1260.043921
-603.779,1284,1260.312559
-348.34674,913,1260.348687
80.47862,149,1260.463008
64.35088,139,1260.558334
-762.7925,329,1260.641832
183.96774,42,1260.673459
45.24764,99,1260.802098
61.05007,195,1260.915781
157.48645,64,1261.027886
129.77826,63,1261.128368
161.44449,50,1261.168062
204.1048,25,1261.219451
118.198204,85,1261.264703
94.94693,178,1261.366425
193.0136,29,1261.391787
-1646.4813,1600,1261.431231
7.2410502,256,1261.465345
-472.27768,901,1261.505112
35.358673,199,1261.56326
71.69697,168,1261.585205
187.5859,26,1261.640237
-383.34946,27,1261.680078
106.24286,59,1261.680122
129.2869,51,1261.800541
-1728.334,1600,1261.884876
171.34206,44,1261.992167
122.46397,60,1262.042292
133.669,47,1262.057873
160.32657,77,1262.125496
161.66806,110,1262.145784
145.76114,33,1262.317895
136.2173,37,1262.333739
100.63434,59,1262.456757
162.99959,50,1262.534816
187.26433,28,1262.551364
148.76115,56,1262.559744
13.239788,149,1262.752668
16.236258,300,1262.772763
172.51285,30,1262.781987
174.28008,77,1262.901069
40.67019,258,1262.917385
-177.3593,430,1263.045798
140.96687,52,1263.194728
38.218002,170,1263.207553
110.678215,88,1263.228014
133.60065,41,1263.228061
118.91907,102,1263.244563
164.06093,41,1263.374192
39.97292,234,1263.512433
121.98316,129,1263.532238
113.54465,52,1265.759131
-989.9256,1116,1265.855127
144.75853,78,1265.901372
104.76758,126,1266.011691
84.57995,82,1266.261788
95.18841,57,1266.306211
-446.1918,56,1266.344697
54.962345,188,1266.353019
-1107.2794,1600,1266.409611
78.253,87,1266.446408
117.38304,143,1266.461673
155.86783,58,1266.477859
103.81446,145,1266.621887
62.664124,178,1266.711312
187.03175,57,1266.762543
-739.87836,453,1266.793351
103.55127,72,1266.830953
148.29869,78,1266.959021
80.75807,88,1267.151652
151.9947,65,1267.280887
30.041561,311,1267.280932
76.49351,72,1267.377634
137.8444,72,1267.499006
-26.592289,171,1267.665574
100.31199,76,1267.729636
-14.850725,270,1267.729682
201.35547,27,1267.874892
171.22874,82,1267.905871
185.97812,73,1267.930634
29.553274,179,1268.07591
186.74817,50,1268.117398
168.2658,38,1268.16656
-459.4122,89,1268.183002
-366.89673,25,1268.376909
-77.0071,419,1268.564093
139.63834,66,1268.611978
126.89361,67,1268.676463
-6.706307,293,1268.69948
174.18321,68,1269.14089
-16.379642,355,1269.160255
83.460144,247,1269.169323
28.953348,176,1269.413457
34.13176,229,1269.464874
-298.1373,790,1269.562603
117.08113,132,1269.68239
206.72195,39,1269.74719
-410.99252,88,1269.775423
174.20428,54,1269.797754
141.64717,132,1270.157105
-844.5647,297,1270.190032
-385.43732,77,1270.395014
-95.59002,334,1270.453341
21.97176,287,1271.463163
134.83383,74,1271.635847
-24.618698,256,1272.025011
169.77757,53,1272.040401
49.980385,189,1272.189249
136.95699,54,1272.473799
0.5527195,165,1272.584702
-669.327,646,1272.613279
164.7997,51,1272.965162
-87.05571,468,1273.064144
131.178,84,1273.115478
199.47699,43,1273.299143
-575.19684,96,1273.342232
157.5118,35,1273.380124
-80.77718,251,1273.407864
-810.9503,365,1273.422667
-7.1628575,397,1273.565518
169.59949,34,1273.681149
117.676704,95,1273.810905
-491.996,240,1273.896684
-224.71452,433,1274.030104
106.91893,48,1274.055184
154.45302,37,1274.103512
212.32181,22,1274.214871
107.537575,43,1274.223502
-440.99872,931,1274.454574
187.5174,34,1274.470257
151.11847,36,1274.737993
68.66809,182,1275.45794
71.23168,97,1275.465424
-29.157097,263,1275.566915
197.83746,31,1275.73428
114.04201,168,1275.755313
88.27874,239,1275.873331
-804.2245,819,1275.899201
10.786956,328,1275.93295
-274.28558,592,1275.949778
181.65305,32,1276.021779
2.9257739,235,1276.053186
170.94093,33,1276.207915
190.17223,27,1277.636673
164.85666,75,1277.741588
162.70895,56,1277.741635
-405.08905,50,1277.843275
-783.95264,1505,1277.850644
-393.12033,553,1277.88241
185.57367,29,1277.967248
69.62689,145,1278.035335
123.937965,101,1278.071553
133.34154,85,1278.609071
94.831474,143,1278.940393
76.42781,155,1279.076107
146.04189,33,1279.328653
101.9673,64,1279.432177
-1870.5012,1397,1279.686812
202.45097,23,1279.869141
-210.37077,357,1280.106731
191.29662,36,1280.153392
-84.55767,310,1280.257936
84.075554,130,1280.425657
173.25037,57,1280.673146
1.2220936,284,1280.80637
131.16057,93,1280.806418
169.09727,52,1280.836806
212.17088,23,1280.85411
-975.92975,381,1281.001713
185.11009,31,1281.039305
-74.80145,439,1281.111608
131.14572,67,1281.361698
-742.42773,1161,1281.46561
142.3046,93,1281.510364
28.376669,286,1281.518627
115.95266,99,1281.864606
166.48201,53,1281.919984
-78.29585,581,1282.067431
172.96864,37,1282.36103
57.243202,293,1282.386726
134.85687,59,1282.386785
174.7133,76,1283.513767
-858.9707,1007,1283.575556
110.20466,153,1283.591573
169.15646,36,1283.851287
-476.85825,235,1283.851334
165.72908,54,1283.927472
94.54497,267,1283.936517
-1733.7516,1070,1284.019027
209.75772,22,1284.191049
143.55574,124,1284.404441
-388.64093,67,1284.456145
121.85404,44,1284.73783
-19.920835,372,1284.965204
-426.02518,74,1285.028973
-413.38306,1199,1285.156741
-54.912888,334,1285.164666
157.46986,62,1285.457928
-220.76512,315,1285.869617
8.545804,111,1286.025093
-490.9003,907,1286.09579
57.890327,254,1286.178903
-421.6804,85,1286.533496
136.42458,46,1286.533542
148.50317,92,1286.749612
16.087149,224,1286.904057
121.18547,60,1287.007331
-1011.5301,456,1287.151999
134.10074,32,1287.152048
-381.09335,608,1287.245678
100.36596,107,1287.358772
-76.100464,322,1287.534068
148.69707,62,1287.615036
-151.46144,485,1287.621592
142.47672,65,1287.634556
-177.5682,541,1287.634602
-787.2901,495,1287.697704
165.18509,32,1287.871862
-428.2035,82,1287.871922
86.25571,72,1287.915866
141.602,71,1288.083492
127.8324,77,1288.237625
156.18362,50,1288.259978
-116.44873,582,1289.303734
188.2044,26,1289.303777
144.56512,56,1289.363644
-1451.6953,1367,1289.474289
-28.060192,334,1289.529513
73.27979,160,1289.806479
0.5157015,304,1289.972619
-401.40424,121,1290.062718
76.246635,167,1290.100062
70.15279,81,1290.149852
176.46469,33,1290.34791
133.7648,62,1290.488862
35.337803,150,1290.545954
93.373985,51,1290.571614
97.638336,161,1290.700554
67.97386,172,1290.737658
167.86269,55,1290.804178
184.69688,46,1290.933313
118.53834,61,1290.968304
188.72809,33,1290.976159
129.3501,40,1291.000237
194.45108,31,1291.027899
149.96544,70,1291.098266
201.66922,27,1291.242138
161.90993,35,1291.285137
179.35323,43,1291.318845
-117.41195,404,1291.692837
128.28624,96,1291.859844
175.16261,31,1291.940403
-1271.573,1600,1292.010017
91.23953,133,1292.033769
129.66399,36,1292.222673
47.02757,268,1292.239817
100.15283,180,1292.353937
142.67886,85,1292.520271
-406.4306,46,1292.58643
-671.5172,386,1292.622285
154.16904,57,1292.655853
148.4363,49,1292.720605
-148.0178,383,1292.847644
69.33391,203,1292.855498
130.45566,54,1292.925738
186.3192,41,1292.966057
171.2417,34,1292.981981
-377.1664,55,1293.039069
210.3866,27,1293.063506
130.38643,81,1293.209935
156.07797,46,1293.217785
147.84138,35,1293.261143
-42.075493,271,1293.360425
123.57094,38,1293.572361
118.47424,71,1293.617356
121.166885,88,1293.687023
91.79112,74,1293.818574
-240.87209,643,1293.831535
141.7486,34,1293.846228
37.40645,279,1295.650965
202.9544,35,1295.915058
88.08645,98,1296.022133
121.49192,178,1296.477264
161.50299,60,1296.485062
-323.21448,497,1296.603261
-803.0277,410,1296.60966
98.688576,185,1296.663703
168.78879,37,1296.747297
165.2622,38,1296.76345
-19.500256,217,1296.894086
170.4319,35,1297.029667
128.24438,59,1297.056619
-5.5538883,298,1297.087077
179.10706,52,1297.142416
-8.864456,282,1297.200439
130.83733,83,1297.306787
76.87374,82,1297.654106
-380.3744,49,1297.669303
112.12284,110,1297.88764
-629.8717,276,1298.00108
129.13863,116,1298.022743
144.53754,60,1298.112072
186.12538,28,1298.222282
122.92262,38,1298.319516
121.554306,147,1298.319576
93.45125,92,1298.373758
-683.0762,523,1298.392995
132.72424,53,1298.529182
-406.14746,84,1298.54343
165.0457,32,1298.573041
144.9567,33,1298.82636
-420.59576,1153,1298.931197
154.55457,91,1299.096802
-376.75085,37,1299.112458
108.34075,116,1299.120361
100.11706,272,1299.17345
189.56334,55,1299.34622
-995.9961,1600,1299.483832
3.0380023,348,1299.549758
101.42755,70,1299.701211
29.027468,179,1299.901473
169.75446,52,1299.951025
206.55273,25,1300.144419
-1331.426,1600,1300.185134
158.7405,44,1300.240044
116.71974,109,1300.320973
209.54308,24,1301.5782
194.3745,30,1301.727768
0.36397398,209,1302.083802
129.81134,76,1302.118382
75.392235,150,1302.320757
131.39023,102,1302.729569
111.119965,82,1303.402533
-1839.305,1600,1303.688075
83.73024,155,1304.010521
-509.79684,964,1304.030411
192.94118,64,1304.115413
-119.73746,378,1304.165106
21.92752,206,1304.257592
201.71417,53,1304.372445
131.87569,31,1304.429882
175.48141,32,1304.759834
176.51634,52,1304.776285
108.319595,77,1305.084888
122.83766,71,1305.084965
108.20997,64,1305.124662
130.14642,49,1305.271041
-89.017944,455,1305.404976
179.49745,34,1305.450338
-9.966113,291,1305.587411
-962.99384,1083,1305.601691
-1.7937816,245,1305.626874
130.70302,66,1305.776306
181.79556,43,1305.836192
-435.25177,86,1305.994072
135.35204,53,1306.093794
143.1611,67,1306.10221
146.59908,92,1306.18632
-428.82202,60,1306.300879
89.34157,90,1306.603163
-1222.723,736,1306.762643
110.4714,69,1307.247833
135.13745,116,1307.325994
-777.93823,707,1307.393097
69.52465,152,1307.514129
191.265,34,1307.535854
33.476707,189,1307.645054
176.11621,33,1307.669831
-1.011987,275,1308.010563
89.52325,92,1309.342469
113.21827,72,1309.480151
122.52877,86,1310.03995
17.189857,272,1310.289154
-222.67227,414,1310.408567
-1018.0265,1255,1310.507528
-60.58294,402,1310.768671
75.46028,74,1311.379784
122.93189,105,1311.388207
156.95033,134,1311.535733
-375.23553,28,1311.629221
-642.1283,370,1311.848315
167.16846,42,1311.965983
111.30425,110,1312.479966
-114.84888,477,1312.792331
192.50507,45,1312.853863
-197.19481,797,1312.966662
-1428.0724,1082,1313.188672
-201.42863,522,1313.887065
-61.995926,301,1314.446294
-756.3773,522,1314.532817
-596.6027,886,1316.056736
87.98881,121,1316.176183
50.30779,253,1316.213542
169.41821,41,1316.749406
162.79402,38,1316.830334
-19521.766,1600,1317.072037
-20339.898,1600,1317.289998
-138.86797,426,1317.349313
17.027824,326,1317.379207
199.84732,27,1317.552037
170.14532,48,1317.573144
163.06929,47,1317.874322
152.21451,46,1318.048962
82.245674,149,1318.049006
123.528656,133,1318.297513
162.53735,34,1318.405412
-809.68884,427,1318.562005
189.20634,28,1318.591894
-707.00085,467,1319.227063
76.2319,139,1319.445158
-732.1334,1381,1319.513792
182.31963,45,1319.643583
138.22166,34,1319.961812
-78.45536,416,1320.07798
166.35988,77,1320.226584
85.966576,87,1320.250773
-669.3305,792,1320.250817
90.713005,55,1320.445313
-579.18,298,1320.453895
121.308876,46,1320.632471
150.50304,68,1320.657206
131.69144,47,1321.046923
178.67911,93,1321.046971
101.21765,113,1321.256895
-47.77554,363,1321.346631
89.21513,75,1321.414144
140.51909,40,1321.50073
137.75784,44,1321.539182
154.15504,31,1321.732464
-388.09525,82,1322.207
166.78825,81,1324.775443
-720.7749,585,1324.838241
111.91109,134,1324.84677
-150.9484,546,1324.907152
78.43344,242,1325.016925
-617.005,458,1325.026176
149.27586,61,1325.289963
89.785835,96,1325.635768
105.89173,96,1325.820246
-416.04498,65,1325.83133
57.90316,123,1325.942532
-611.7674,203,1326.201635
173.70177,39,1326.293046
96.42598,57,1326.344606
-16.559643,199,1326.545938
156.27412,33,1326.633899
203.31035,33,1326.924291
165.53229,45,1326.943243
-1097.0953,1600,1327.162196
48.42168,181,1327.22709
-402.8421,44,1327.313405
82.080864,175,1327.360749
-372.5674,512,1327.360796
-913.75604,1600,1327.52083
147.52205,54,1327.787865
66.88011,96,1328.132292
46.608097,104,1328.15686
97.38249,158,1328.227785
196.90396,26,1328.344579
150.20483,81,1328.45097
186.88332,37,1328.459653
-1570.6073,1600,1328.529997
122.33194,132,1328.586526
160.17532,31,1328.713629
134.68936,66,1329.264663
109.153656,104,1329.314412
100.33441,153,1329.495796
-84.96133,286,1329.519424
114.68396,121,1329.624282
164.87273,32,1329.837278
151.88794,32,1330.517161
142.5426,104,1331.013181
172.7692,87,1331.065051
134.77695,105,1331.579539
129.81804,103,1331.656214
109.08996,71,1331.71396
91.509415,75,1331.794342
150.76039,33,1332.105874
-1305.2799,1196,1332.48872
-138.43892,506,1332.548317
-341.10147,806,1333.02584
-274.6877,451,1333.374475
121.664085,55,1333.567924
176.74397,50,1333.858378
-1150.1708,1600,1333.972464
86.49661,152,1333.979889
119.43715,57,1334.060652
164.67163,34,1334.24608
183.2812,30,1334.299716
140.67935,62,1334.358332
-104.35811,466,1334.467381
171.18271,40,1334.565479
197.01944,32,1334.619334
129.983,48,1334.694467
183.60173,36,1334.767706
134.30905,47,1335.008062
77.20165,331,1335.496011
-122.66554,681,1335.526399
145.21703,92,1335.534095
49.514072,117,1335.543333
-686.322,428,1335.605779
133.50739,41,1335.821164
142.33565,49,1335.92175
-1061.1245,1600,1336.008738
-405.74387,80,1336.170475
-206.6211,521,1337.211954
157.97093,33,1337.241301
133.33687,83,1337.415969
136.68822,38,1337.557739
130.96501,67,1337.743621
-101.91389,277,1337.751905
-32.217968,239,1337.751951
133.71278,47,1337.916859
-348.21387,31,1337.981912
41.38337,214,1338.054528
172.51697,33,1338.180665
135.20137,73,1338.323647
117.09927,63,1338.479447
128.42358,68,1338.588007
118.43654,48,1338.848711
187.64055,28,1339.061018
156.23325,66,1339.094637
77.432175,230,1339.189525
108.37078,115,1339.208739
-1494.0005,1600,1339.259155
-1526.2018,1600,1339.29747
149.76454,52,1339.509377
-21.730982,385,1339.661564
155.38275,63,1339.691162
-209.83156,368,1339.7154
-108.43927,443,1339.909726
95.940216,75,1340.098434
102.7882,134,1340.121274
65.35146,74,1340.243707
61.736786,135,1340.319717
92.49064,69,1340.445362
-17.856129,362,1340.576859
143.5507,65,1340.598006
-529.0208,176,1340.664715
149.16594,60,1340.707311
101.75538,135,1340.743446
139.07947,88,1340.799402
151.52322,62,1341.189066
104.948006,83,1341.253406
-1386.039,1600,1341.373569
131.39207,126,1341.428096
-967.3856,1600,1341.451293
152.23573,40,1341.560811
30.776009,111,1341.610722
73.79252,137,1341.735315
131.50374,54,1341.789167
148.96898,60,1341.896959
155.65813,58,1341.904988
57.289944,188,1343.802221
-388.20428,28,1344.006904
-431.93085,944,1344.014564
150.89366,53,1344.065953
136.46123,58,1344.098088
124.30646,110,1344.17379
-1.9152782,362,1344.296203
58.233105,226,1344.320964
123.87786,133,1344.406618
149.2683,42,1344.497951
145.99417,73,1344.590719
122.771675,85,1344.671729
128.05545,62,1344.762272
182.65671,69,1344.839271
-183.36093,665,1345.096784
77.915146,134,1345.13151
149.80995,102,1345.278685
108.64408,67,1345.286591
-715.9248,428,1345.391275
139.76324,42,1345.59085
132.41321,45,1345.620656
73.70407,133,1345.684149
153.33437,32,1345.885092
-431.85788,71,1345.936005
174.40178,60,1346.048612
135.69086,133,1346.109741
68.30943,146,1346.231701
98.19587,80,1346.284985
152.55128,51,1346.3079
-21.175419,380,1346.456077
178.02716,54,1346.517103
-41.311638,283,1346.553896
116.9536,37,1346.596921
102.83261,103,1346.65074
198.601,27,1346.732915
122.197845,74,1346.811347
80.77138,68,1346.820722
137.79698,69,1346.997767
80.075714,70,1347.104363
137.50423,76,1347.178538
-1413.1775,1600,1347.217116
155.37505,54,1347.225381
139.75089,38,1347.283185
90.00191,47,1347.439979
146.02625,105,1347.511331
-1767.2776,1600,1347.614406
139.62857,60,1347.726479
101.294525,70,1347.74203
-409.9795,57,1348.104974
160.51068,57,1348.201848
188.3947,59,1348.234575
153.7653,141,1348.338144
89.67459,223,1348.392545
-363.47638,59,1348.558763
190.15562,27,1348.597077
84.96028,147,1349.117074
-378.19827,53,1349.153792
60.47126,193,1349.197296
194.26476,26,1349.403475
-134.86404,798,1350.121876
87.0392,151,1350.191814
104.57538,148,1350.207611
-566.87933,1136,1350.233286
122.55487,121,1350.295544
-1.670571,203,1350.371412
206.11334,25,1350.399983
196.6751,56,1350.626557
128.29132,67,1350.807523
39.61075,245,1351.003196
152.88536,33,1351.068153
-428.1594,868,1351.224781
-388.76917,28,1351.281079
151.85132,36,1351.65447
-24.591492,322,1351.66718
11.569113,266,1352.36289
-14.105797,206,1352.427861
-553.90454,267,1352.537398
-69.55588,485,1352.688046
151.8505,110,1352.688093
106.61034,158,1352.721644
120.52866,37,1352.904186
-119.34048,301,1353.114366
73.330925,157,1353.183931
-13.149878,329,1353.393848
-410.62726,757,1353.676335
61.241676,119,1353.676423
105.57887,97,1353.723797
-407.98688,52,1353.734428
130.35103,114,1353.862619
212.75499,22,1353.908775
178.08885,32,1353.95924
174.21095,28,1354.174326
93.11416,113,1354.231462
35.211117,98,1354.323874
-0.34058097,206,1354.446713
-384.28314,83,1354.46923
178.9081,41,1354.582941
179.06522,30,1356.212346
170.01736,40,1356.289902
197.5937,28,1356.556523
120.69354,82,1356.577888
-671.06415,1168,1356.607916
102.99255,77,1356.816569
-616.5548,455,1356.874932
93.13433,122,1356.90073
172.12138,36,1357.299693
-0.9837648,297,1357.383281
165.04643,31,1357.682394
111.48908,108,1357.842619
-717.1874,1318,1357.943399
76.53982,121,1357.968007
96.40937,47,1357.968062
140.52698,39,1358.172437
162.31921,33,1358.334027
62.786903,171,1358.46754
193.26631,51,1358.476918
-1146.4015,1600,1358.667971
128.48158,39,1358.699045
63.533592,172,1358.781917
-398.1766,52,1358.982147
80.22967,203,1359.00824
58.8099,146,1359.264972
126.86922,68,1359.274142
33.29985,323,1359.492932
167.99382,46,1359.632644
3.8114676,240,1360.284763
42.793816,249,1360.489439
-186.23207,524,1360.632275
65.73591,117,1360.75253
69.01511,225,1360.788661
-51.290066,233,1361.060704
37.78597,302,1361.168439
97.04773,67,1361.361996
152.62796,49,1361.749712
165.87498,63,1361.777643
6.74265,321,1362.082063
135.52704,40,1362.281981
-941.9989,1600,1364.186417
168.17926,37,1364.223572
5.562515,343,1364.257468
185.12299,31,1364.438004
89.57906,244,1364.713151
121.17373,66,1364.887493
139.46175,65,1364.92491
152.71086,38,1365.204607
-664.0387,541,1365.564067
53.770954,116,1366.111833
-1005.00037,1600,1366.185328
-255.06937,508,1366.276484
148.95772,37,1366.731044
144.23436,75,1367.102108
-188.63776,378,1367.127921
160.18134,91,1367.216522
45.606403,271,1367.403602
-120.2297,514,1367.447605
180.16206,32,1367.664299
110.751305,67,1367.705404
90.70924,102,1367.70545
-668.6689,1063,1367.714786
189.12312,31,1368.009422
-387.72873,49,1368.149669
129.12659,78,1368.622484
74.70425,168,1369.07623
109.090416,64,1369.103767
-194.42519,588,1369.310163
-1235.5226,1283,1369.348888
117.06893,67,1369.638576
-117.422554,652,1369.645149
-767.6989,519,1369.716512
16.714327,318,1369.78352
162.14476,32,1371.41783
78.88135,79,1371.501267
174.13255,33,1371.501315
-483.27682,534,1371.547721
180.5931,35,1371.594285
202.25987,26,1371.629631
165.76299,86,1371.864632
148.11589,37,1371.898318
81.93021,165,1371.925089
104.74304,103,1372.302899
-55.645157,347,1372.372468
-34.49035,469,1372.393068
-1549.7955,1600,1372.612489
154.25671,32,1372.638891
-282.66013,469,1372.683933
150.5631,53,1373.01857
164.67065,101,1373.067677
154.94554,57,1373.075904
133.8023,99,1373.127157
171.83504,60,1373.142343
86.6247,191,1373.318577
-164.10115,534,1373.407159
157.51802,43,1373.493074
-130.12688,253,1373.577091
183.03311,75,1373.614893
120.10749,69,1373.614938
162.605,82,1373.728475
153.8385,36,1373.773575
120.48079,80,1373.953937
112.04127,43,1373.961839
-28.378307,271,1373.985197
-388.9525,46,1374.104157
132.98763,91,1374.366888
104.064095,154,1374.382288
125.2511,56,1374.431182
127.574776,62,1374.471697
174.16032,34,1374.650029
-858.70734,1255,1374.657699
191.54395,56,1374.802419
200.33693,26,1374.854276
110.28075,37,1374.936254
164.3083,37,1375.088686
157.50441,81,1375.099844
190.35394,31,1375.099887
108.09269,167,1375.117667
182.75034,31,1375.346747
152.4182,32,1375.355517
177.37848,34,1375.364056
104.56729,226,1375.389385
147.77922,48,1375.505543
126.201035,73,1375.51995
122.71519,190,1375.620132
172.03616,34,1375.620174
-196.17548,610,1375.644706
-766.58136,526,1375.699164
190.0006,33,1375.893015
90.36037,316,1375.918583
-392.2619,47,1375.976597
-363.91946,44,1376.026888
143.91486,72,1376.056303
-447.40738,74,1376.08939
-594.9571,229,1376.226014
125.15949,35,1378.96972
110.508125,65,1379.030366
-221.53548,637,1379.102623
99.33947,122,1379.168
-200.45538,596,1379.181342
203.4682,26,1379.222753
110.07126,88,1379.261736
-20.991953,357,1379.398113
-329.62222,1167,1379.479701
76.389015,137,1379.70312
-487.16306,241,1379.882195
147.62831,91,1379.888945
171.92863,110,1380.041335
164.73026,105,1380.209029
145.85883,73,1380.249785
89.01235,131,1380.270071
19.183151,137,1380.277004
-277.15662,239,1380.338357
51.947857,218,1380.338418
190.95915,44,1380.364496
157.27475,67,1380.379642
-1591.8513,1600,1380.432822
-382.85864,43,1380.545389
118.6967,41,1380.661168
154.2958,53,1380.683033
135.14781,55,1380.707927
126.935005,59,1380.829556
135.2616,73,1380.998271
-384.6068,408,1381.126607
-227.10951,415,1381.176507
-475.6595,270,1381.19757
136.14207,75,1381.253225
-14.186527,321,1381.314848
156.80914,67,1381.353822
170.56374,32,1381.439037
103.44251,117,1381.626839
136.97343,123,1381.651353
128.80426,45,1381.667516
195.16283,76,1381.734175
-424.5195,45,1381.79373
85.80278,103,1381.827123
54.15225,205,1381.958028
-313.50998,395,1382.036726
-509.55237,192,1382.052661
186.42947,33,1382.075922
201.9701,52,1382.136013
122.908936,65,1382.13606
197.27591,48,1382.159585
175.6437,31,1382.281024
203.62656,40,1382.336558
145.19244,66,1382.447829
110.60138,59,1382.505564
204.75122,44,1382.743366
28.436182,152,1382.778036
124.87542,118,1382.991832
64.0528,241,1383.070617
127.01884,126,1383.078979
-375.40408,48,1383.119565
-74.450806,366,1383.184571
162.41623,65,1383.285095
134.37816,34,1383.343654
105.52526,229,1383.398921
178.63367,37,1383.482356
162.8602,41,1383.613895
177.73773,43,1383.687506
126.80536,65,1385.749222
175.56757,48,1386.102239
92.18449,77,1386.102286
56.055088,266,1386.361086
139.5585,54,1386.504663
69.01979,170,1386.612217
199.826,26,1386.707559
31.38691,362,1386.707604
137.16386,37,1387.004183
24.488817,282,1387.013582
-17.233324,381,1387.077707
38.331337,133,1387.138274
-4.9925303,304,1387.284046
147.40265,40,1387.341651
104.71613,34,1387.554604
-5.2229404,336,1387.580855
80.62183,80,1387.654941
144.50316,48,1387.728316
188.6596,30,1387.951735
142.13004,80,1388.171753
76.033676,222,1388.356981
-89.89512,397,1388.531859
-794.91943,935,1388.539572
123.05094,86,1388.612124
151.4505,35,1388.793808
62.15647,152,1388.807998
143.23926,48,1388.891348
183.65201,50,1388.995357
183.39668,27,1389.008391
-1.6608183,371,1389.272335
151.72008,36,1389.289741
25.228476,286,1389.319942
83.79572,93,1389.555853
128.73912,38,1389.61887
-472.93344,833,1389.627589
194.15019,32,1389.818067
128.35619,113,1390.178451
159.45303,113,1390.195532
-25.32665,390,1390.214049
158.17947,80,1390.271859
-223.21263,795,1390.298849
-618.93744,1073,1391.487902
115.87806,39,1391.63282
168.62862,97,1391.64993
160.1486,39,1391.661772
-74.40496,330,1391.849755
186.27397,30,1391.904692
88.509254,266,1392.104059
183.4578,31,1392.112017
-469.04605,184,1392.191681
93.83999,115,1392.222496
117.31193,126,1392.296397
175.29839,32,1392.367391
75.1933,81,1392.578236
136.83678,130,1392.697862
135.49312,58,1392.744738
-116.11135,530,1392.8438
42.074127,207,1392.906567
117.45842,57,1393.273132
126.77918,157,1393.335387
43.668392,216,1393.365248
117.19108,150,1393.37452
56.56083,134,1393.398759
185.466,30,1393.562113
169.79189,38,1393.677356
123.65292,44,1393.694743
125.071434,157,1393.767351
-371.27228,33,1393.921652
-51.22555,499,1393.991426
141.25072,73,1394.213353
151.26678,68,1394.257781
-409.24072,46,1394.273481
61.073017,134,1394.355479
45.96032,233,1394.489702
-17.527288,393,1394.52972
168.9122,43,1394.609303
141.33524,80,1394.609347
103.18952,55,1394.693443
-677.336,1547,1394.768303
156.79227,33,1394.791188
116.5739,53,1395.02843
-20.704683,372,1395.038175
198.30582,33,1395.058931
-367.52798,38,1395.075565
159.95554,54,1395.125785
76.5309,107,1395.231893
79.56737,84,1395.297467
157.14172,37,1395.383815
-1288.0508,759,1395.383854
-969.9025,392,1395.927004
-5.8107576,419,1397.379636
-1831.7402,1600,1397.412633
107.17399,157,1397.467213
-585.1264,510,1397.503841
-467.08157,94,1397.529914
134.37582,37,1397.669625
-16.108707,258,1398.000446
168.58148,78,1398.066625
55.692837,249,1398.169277
143.11938,97,1398.274239
199.9146,26,1398.274287
62.3334,274,1398.294966
-84.14665,320,1398.425091
174.22444,30,1398.519109
193.19946,37,1398.557905
126.450775,46,1398.640305
138.95638,131,1398.698641
153.43138,51,1399.008464
87.32961,212,1399.11574
162.22989,37,1399.435277
109.60931,108,1399.450346
-406.09836,661,1399.636184
128.78227,132,1399.789123
-535.14075,569,1399.889885
107.96787,77,1400.014791
133.1287,85,1400.090795
154.63235,78,1400.229928
120.52523,73,1400.450408
-518.16174,259,1400.50815
151.65076,58,1400.538008
96.54669,206,1400.616431
59.39903,80,1400.624089
104.56855,118,1400.683976
186.96611,33,1400.753672
180.12073,31,1400.768028
136.76067,37,1400.905153
154.69455,35,1401.050165
178.71248,35,1401.17866
-2356.1047,1600,1401.211982
19.842216,104,1401.250017
165.99657,34,1401.523973
155.3469,136,1401.817502
-647.8467,411,1401.879753
-1604.1808,766,1401.936052
-343.47617,755,1402.018681
-407.49658,47,1403.227679
89.944695,62,1403.267009
80.13661,231,1403.393303
-710.25885,562,1403.409613
150.97394,121,1403.426461
89.672935,69,1403.450645
50.43036,245,1403.575277
182.42685,31,1403.699176
165.07018,35,1403.705985
-408.43466,81,1403.857802
168.80193,34,1403.965598
145.207,64,1404.179579
167.45413,30,1404.187624
-137.64859,337,1404.638132
84.021164,85,1404.855999
59.005913,208,1405.002616
117.26342,191,1405.042124
-414.60617,54,1405.04989
44.043625,230,1405.049932
-259.9787,379,1405.135497
115.04175,124,1405.151803
164.88806,51,1405.256033
-378.25323,34,1405.280342
194.24974,43,1405.397426
-379.27124,80,1405.653215
83.79617,90,1405.736867
49.139904,84,1405.77826
166.78656,90,1406.066437
87.83982,119,1406.173962
-588.08813,652,1406.229557
133.77937,64,1406.25376
65.26846,85,1406.303982
189.45433,32,1406.311946
77.19222,175,1406.467216
178.52701,33,1406.474948
151.40378,52,1406.552009
-3.655767,356,1406.566672
-964.9408,1354,1406.611759
-76.98081,421,1406.628843
138.68802,58,1406.734175
-382.16714,65,1407.062445
132.6347,87,1407.122404
76.27106,96,1407.343898
112.489075,129,1407.541018
153.9643,57,1407.780482
44.58621,200,1407.814759
60.258564,142,1407.823581
-608.94293,1206,1407.831552
-902.35535,1412,1407.85932
-45.44382,352,1408.789289
153.73549,60,1408.876608
144.50746,34,1408.959742
205.0386,27,1409.165501
6.2519884,221,1409.196074
91.32323,68,1409.404984
130.03548,42,1409.530715
-224.78825,847,1409.537232
3.027698,208,1409.604245
175.84961,48,1409.781291
134.616,153,1409.977256
159.08138,34,1410.033755
-79.2422,351,1410.040195
114.73432,182,1410.114073
70.90562,86,1410.200374
174.4618,34,1410.298658
190.02547,27,1410.401183
150.99362,47,1410.401224
93.625435,166,1410.817701
158.71518,46,1411.167073
115.505226,140,1411.19594
11.175005,332,1411.302113
-38.705257,348,1411.389732
176.034,55,1411.629384
187.8539,33,1411.645422
-163.03354,400,1411.764309
15.124638,303,1411.951577
-46.201374,362,1411.975503
-1399.4393,1542,1411.988194
196.88068,45,1412.117304
137.19215,67,1412.154858
148.21669,37,1412.397528
160.88454,52,1412.397573
130.43015,60,1412.42217
91.94154,74,1412.543673
156.49586,53,1412.816146
159.01483,61,1412.85187
145.51936,30,1413.038665
126.2429,68,1413.053863
22.381258,354,1413.134977
154.88008,108,1413.209399
-275.97507,799,1413.263957
181.18741,38,1413.483029
-402.55136,58,1413.48307
188.6977,35,1413.508863
177.65163,34,1415.394845
-131.66382,305,1415.610071
119.26872,62,1415.610117
50.99384,243,1415.631899
-72.50856,364,1415.729053
-87.02491,493,1415.729094
-145.2799,546,1415.817595
123.20906,54,1416.044532
-469.5673,61,1416.075828
128.73291,49,1416.100766
-13.629159,199,1416.197743
159.22197,32,1416.443476
128.95644,102,1416.582519
153.45767,38,1416.714696
126.646385,133,1416.721233
159.80711,34,1416.816144
-648.98517,950,1416.845263
-685.69495,1485,1416.877383
131.07115,41,1417.01651
-35.849598,227,1417.092426
68.67691,212,1417.199801
-7.3080277,190,1417.524201
29.374283,138,1417.891145
112.433754,95,1417.914126
-321.38953,709,1418.191944
-685.4499,1338,1418.444339
-615.96265,555,1418.676765
0.08953094,265,1418.708184
118.71502,98,1418.932911
175.98883,30,1418.940678
146.75003,98,1419.200864
-372.387,82,1419.30418
181.89854,58,1419.377137
-437.39325,72,1419.483061
-7.6403475,233,1419.652028
-243.35684,378,1419.678699
127.239296,30,1419.714565
154.32185,46,1421.127598
154.24506,55,1421.267738
-235.1972,586,1421.62614
16.747137,157,1421.659673
-352.0584,79,1421.776058
-227.1833,478,1421.89371
-577.8073,424,1421.905384
86.4815,202,1421.905432
112.96368,46,1421.988957
146.2041,43,1421.996854
116.75659,91,1421.9969
177.60338,38,1422.07796
-215.01375,533,1422.102343
193.2696,29,1422.229718
130.41017,44,1422.252075
-764.3045,1195,1422.326751
158.62428,40,1422.411427
-69.08551,559,1422.446981
106.96571,63,1422.478978
209.34692,29,1422.675599
175.53052,37,1422.702623
86.401596,81,1422.711182
86.98474,77,1422.842943
123.15504,83,1422.964215
139.8207,38,1422.993493
169.46422,40,1423.016878
135.13998,147,1423.04909
-387.31934,45,1423.213889
100.15012,155,1423.221576
-37.50988,310,1423.25793
181.27594,65,1423.764913
74.59726,279,1424.131942
82.369156,174,1424.412167
-444.87378,283,1424.747659
101.50839,221,1424.837663
155.42288,65,1424.925283
-683.33563,1175,1424.98947
191.98918,29,1425.065313
134.22874,50,1425.464133
89.12671,116,1425.905404
127.41614,158,1427.66487
142.33217,38,1427.964065
168.29805,47,1428.340551
-113.97055,466,1428.464183
153.0539,33,1428.598532
-14.925113,402,1428.78342
-64.43751,550,1428.882942
113.02723,203,1428.994661
165.0662,34,1429.259057
-337.76215,49,1429.274947
116.290535,92,1429.316625
-71.3148,416,1429.527063
194.0578,42,1429.599368
173.9131,64,1429.783729
-372.15024,61,1429.800258
92.81513,54,1430.238005
155.29063,57,1430.245993
-721.35,1600,1430.257827
163.05962,35,1430.525275
-423.71326,803,1430.552828
-721.25464,738,1430.57462
163.52818,38,1430.875681
-109.0767,321,1430.990861
-1497.2206,1600,1431.178063
-68.74359,367,1431.692319
114.13599,66,1432.204671
-58.26714,389,1435.186716
-2084.711,1357,1435.318887
18.09027,281,1435.355433
177.88583,32,1435.437622
135.9238,82,1435.444362
-45.083668,340,1435.501966
199.45433,30,1435.589298
-1122.8798,1600,1435.716153
-621.4864,1108,1435.829017
-574.3515,346,1435.837004
143.39397,44,1435.935506
-484.10443,1035,1436.000184
99.18059,81,1436.072603
109.43567,78,1436.116313
161.77509,51,1436.238704
10.061952,356,1436.264624
173.59059,34,1436.336263
117.17691,140,1436.407703
122.93974,75,1436.415673
88.90343,57,1436.446362
175.75635,29,1436.559067
145.62634,49,1436.614866
92.25939,126,1436.693026
100.687546,164,1436.72223
162.50461,44,1436.751319
106.09988,66,1436.769299
155.96832,49,1436.787493
-155.93526,517,1436.895107
179.02757,42,1437.08446
142.76959,62,1437.1847
115.84662,60,1437.200508
154.48581,93,1437.354046
149.83759,34,1437.444584
142.66829,33,1437.453576
166.11464,38,1437.752714
107.926544,103,1437.915386
178.9189,73,1438.055509
194.57817,44,1438.123222
44.163975,204,1438.196372
66.22696,81,1438.673542
86.41024,77,1438.706919
43.899506,178,1438.750202
166.64133,30,1438.903362
-1346.9707,1600,1438.944814
102.74118,117,1439.078979
198.55208,33,1439.165457
111.10486,67,1439.278553
150.23027,35,1439.356811
-85.52268,425,1439.442386
-57.62059,327,1439.462915
-204.2164,455,1439.507188
153.77777,90,1439.655347
180.03333,35,1439.712859
109.937225,134,1439.744271
176.1265,48,1439.831539
119.92516,78,1439.878168
-1495.1842,1330,1441.565523
178.00224,29,1441.614439
-349.85208,50,1441.661647
175.47072,56,1441.875948
65.47829,85,1441.974917
140.73679,47,1441.992822
100.88864,119,1441.992863
-29.458467,360,1442.287019
161.34041,42,1442.308997
182.9162,42,1442.328042
156.25511,53,1442.422539
-551.45483,926,1442.42907
132.79231,155,1442.437854
-402.44028,128,1442.695168
172.9525,57,1442.754029
160.47424,42,1442.761999
174.53952,48,1442.820904
141.57063,100,1443.113233
136.43901,50,1443.151939
-271.7825,616,1443.213019
64.034355,100,1443.229486
175.27026,62,1443.248287
182.47441,36,1443.445717
23.353685,238,1443.468453
172.07356,31,1443.491752
-1.3246801,353,1443.525871
113.89687,60,1443.59573
-1389.2539,1254,1443.634104
38.51189,125,1443.807134
154.67493,63,1443.946787
162.1021,36,1444.080715
137.12386,77,1444.080762
135.03113,104,1444.236968
105.683174,74,1444.51698
36.735245,283,1444.548117
82.63669,94,1444.978063
3.134626,302,1445.05561
-691.67456,527,1445.065341
207.5349,26,1445.273708
165.32408,91,1445.273754
139.79657,164,1445.36105
114.514015,45,1445.406553
-12.677225,232,1445.428703
109.320114,179,1445.473819
194.4882,35,1445.530734
109.345634,136,1445.580926
193.79321,29,1445.800322
-103.454475,304,1445.872232
83.98934,54,1445.887546
-687.99603,965,1445.907576
194.792,36,1446.197519
86.14153,45,1446.25615
-822.97437,562,1446.306641
42.9644,185,1446.433603
110.66232,113,1446.43365
128.51031,83,1448.180959
146.19069,39,1448.221289
172.69872,42,1448.341462
-42.541355,444,1448.40363
104.252625,182,1448.501651
-403.86227,42,1448.509635
190.57692,59,1448.60577
-363.6571,29,1448.732852
132.5148,100,1448.921589
81.60386,172,1448.945364
-724.1049,472,1448.990762
165.47845,35,1449.015166
115.4603,143,1449.094526
121.03177,98,1449.118399
113.47166,89,1449.19962
170.08492,31,1449.229908
-1222.7981,1600,1449.610787
117.93212,57,1449.676897
131.08647,76,1449.690325
133.5979,108,1449.786115
97.81426,110,1449.82733
78.62996,120,1449.976962
-292.1774,388,1450.047146
160.78331,35,1450.10989
-65.203835,376,1450.118275
-128.04639,384,1450.155795
166.87502,33,1450.239819
50.562244,84,1450.368633
196.27748,30,1450.471688
174.46928,51,1450.860636
74.088326,153,1450.896627
-31.6317,188,1451.099803
-184.89732,326,1451.170292
69.867134,146,1451.178192
163.85878,50,1451.248741
111.30343,54,1451.3144
-117.358894,292,1451.415679
179.03252,52,1451.651815
-370.38794,29,1451.897463
6.59549,356,1452.012091
95.9572,247,1452.092249
93.20609,124,1452.294655
-1119.2523,1600,1452.30771
26.509241,253,1452.354197
38.50847,286,1452.362038
179.67995,27,1452.533512
80.837,174,1452.575267
-158.0062,353,1452.5834
184.95897,50,1452.775335
-640.16425,587,1452.86812
172.87767,48,1452.916261
-347.09448,79,1452.939377
137.02194,60,1453.063985
145.68182,38,1453.080142
82.39785,135,1453.103425
155.73509,37,1454.856889
-599.74896,1057,1454.945113
189.32484,44,1454.958208
145.00644,42,1455.077874
-74.80998,417,1455.09233
91.6942,132,1455.100634
131.3225,55,1455.291158
110.13859,71,1455.356441
103.6849,70,1455.653721
-435.1951,114,1455.670092
-198.50343,372,1455.759283
-87.52438,376,1455.863817
91.02479,260,1455.863864
191.78062,29,1455.992087
79.61143,90,1456.067107
198.35669,32,1456.119478
126.84979,82,1456.294304
59.942516,160,1456.359882
135.03369,180,1456.368065
118.23069,59,1456.443845
181.80276,32,1456.689691
126.57797,168,1456.967509
110.91572,120,1456.980544
187.73842,40,1456.989504
124.29222,128,1457.100018
-4.1394267,286,1457.185324
100.44469,105,1457.193514
194.79808,26,1457.202565
-652.19696,525,1457.267201
108.7027,51,1457.511615
163.97147,59,1457.743406
153.66411,76,1457.820484
138.44037,93,1457.945137
-95.32384,342,1457.991466
125.277954,113,1458.10142
46.502937,141,1458.147133
117.59625,52,1458.248307
125.25787,38,1458.264738
170.9991,34,1458.418215
163.46501,41,1458.436702
157.41714,37,1458.548758
170.04141,39,1458.548804
-311.5771,1069,1458.572169
131.09016,33,1458.69192
66.96448,238,1458.890243
148.71965,61,1458.897038
170.00076,50,1458.939811
164.10533,62,1459.071655
205.76477,25,1459.095448
181.1436,46,1459.447361
148.2769,62,1459.455188
146.52536,45,1462.333629
-73.47959,311,1462.537052
160.347,44,1462.874393
122.13656,126,1462.953032
152.65303,39,1463.183896
43.645927,224,1463.199819
157.30344,34,1463.223745
-15.60178,349,1463.28804
-338.74692,783,1463.362929
181.33467,30,1463.428827
-690.38556,930,1463.489705
124.78076,155,1463.53356
-73.46525,611,1463.661531
171.23708,34,1463.753507
19.144762,337,1463.868372
168.84187,61,1463.902366
128.77298,106,1464.004767
170.07826,45,1464.109456
-441.6225,77,1464.25375
135.31023,72,1464.696083
-347.41904,841,1465.164091
129.29315,170,1465.580645
22.689453,279,1465.697207
112.79417,154,1465.799092
142.19336,47,1466.211846
188.37668,62,1466.282662
159.09657,33,1466.508801
145.43916,145,1466.646093
180.43538,46,1467.085614
109.5434,63,1467.085658
123.16945,91,1467.107279
-584.6346,359,1467.306331
-707.5844,441,1467.338667
-269.17377,440,1467.42023
149.92235,38,1467.643017
119.5408,67,1467.692554
147.57352,101,1468.76806
194.48965,38,1468.76811
163.31044,69,1468.807156
71.13602,107,1468.827071
163.46667,38,1468.827118
14.305213,270,1469.063252
124.073364,114,1469.1216
79.89329,64,1469.351525
117.787605,50,1469.498547
-674.97784,536,1469.606535
-404.32516,92,1469.615021
-758.4139,996,1469.651082
97.55421,66,1469.704041
201.98029,43,1469.738454
140.0479,45,1470.001893
150.24513,35,1470.032238
96.73174,147,1470.090644
147.85733,54,1470.157861
148.50905,37,1470.430108
144.21016,66,1470.535422
54.153847,216,1470.569526
144.03339,76,1470.58541
54.42881,228,1470.665229
-291.6219,570,1470.701692
167.34975,31,1470.813915
151.8494,51,1470.828908
-1330.0652,1600,1470.962003
110.58158,67,1471.233347
22.54802,211,1471.300954
4.3045816,226,1471.470817
-352.36093,84,1471.514196
106.701645,95,1471.582191
37.171204,134,1471.615428
171.32587,35,1471.756875
173.55481,34,1471.787468
-1433.3762,1600,1471.809109
93.611786,93,1472.033244
209.14394,31,1472.098722
-349.96213,42,1472.15653
134.27304,66,1472.239001
150.3024,61,1472.37325
171.36223,33,1472.468129
84.54981,174,1472.486047
-23.35254,312,1472.69734
33.856037,273,1472.915616
-460.22012,1239,1473.100889
-1151.9756,1600,1473.276155
-1588.1921,1327,1473.282844
131.2609,137,1473.416273
172.33366,41,1473.458674
50.637627,221,1473.542233
146.8048,34,1473.57656
121.86766,185,1473.680393
205.73027,26,1473.69673
72.71726,154,1473.712176
164.30786,42,1473.793489
214.32784,21,1473.911884
-369.79376,57,1475.735298
138.53333,64,1475.805295
183.11145,70,1475.945918
-458.04855,1144,1475.955544
154.4276,87,1476.15867
195.01369,29,1476.158718
-30.383703,256,1476.189545
143.09634,35,1476.220381
75.72745,180,1476.597193
-71.86507,319,1476.72758
8.740881,303,1476.995308
105.59247,165,1477.047137
43.254932,108,1477.062492
90.17485,78,1477.212002
56.953743,291,1477.234331
-206.93396,520,1477.292047
-10.491776,148,1477.379472
182.22212,30,1477.489539
181.65285,31,1477.513391
157.27592,39,1477.640707
-77.25801,172,1477.648324
102.643845,76,1477.656327
201.25162,31,1477.911575
128.47575,35,1477.962569
110.49809,217,1477.989085
84.82604,73,1478.022902
132.8413,61,1478.030731
-231.09393,353,1478.099512
-489.9548,840,1478.144153
114.914856,29,1478.351711
171.59996,32,1478.419733
161.37733,50,1478.465358
66.69276,219,1478.590396
160.0816,79,1478.685331
122.24949,54,1478.774571
132.14404,50,1478.847883
147.4973,42,1478.914011
54.282566,179,1479.016216
147.79416,44,1479.25182
-10.304099,422,1479.269335
191.2439,49,1479.394427
118.764404,129,1479.424407
112.96133,87,1479.522259
123.89048,37,1479.682156
144.15709,62,1479.751378
123.551865,48,1479.790827
124.1881,229,1479.806284
-201.65787,260,1479.982191
115.16311,102,1480.038588
109.874374,79,1480.135841
132.6224,61,1480.281007
188.67517,30,1480.373801
69.95011,107,1480.503747
129.9133,34,1480.542225
138.73528,74,1480.718565
178.10918,31,1480.896786
-142.39342,400,1480.959965
-174.7435,369,1480.982414
159.27818,114,1480.982459
118.040436,71,1481.041765
167.36395,42,1481.349122
103.042015,206,1481.485209
21.2059,213,1481.493429
118.6056,82,1481.527802
-918.7072,889,1481.605036
-466.3243,93,1481.674401
125.31958,43,1481.86694
91.18117,117,1481.893826
138.1538,46,1482.041484
150.27072,33,1482.122766
81.90767,83,1482.155122
162.5128,74,1482.192733
-493.59995,208,1482.349357
-860.69275,660,1482.43395
147.84387,41,1482.442082
158.87343,48,1482.577789
182.92656,87,1482.736183
-547.7968,1102,1482.781168
142.73477,61,1482.837921
133.28632,64,1482.971829
182.869,32,1483.106471
131.90486,54,1483.176293
-154.41217,561,1483.184648
59.1407,282,1483.220421
180.15485,32,1483.367159
192.63521,29,1483.40787
150.43349,64,1483.478362
156.57642,35,1483.498934
63.170334,168,1483.517699
187.24475,32,1483.660802
-1018.8986,612,1483.691511
172.48262,31,1483.743689
66.71923,183,1483.922205
112.31095,144,1483.938254
173.32687,50,1484.129093
109.245125,64,1484.196271
42.21882,111,1484.237006
-378.10638,154,1484.410368
127.36863,67,1484.467775
-11.169723,241,1484.500946
139.91771,40,1484.562878
145.28734,86,1484.613358
-405.88443,120,1484.621239
151.97638,60,1484.621283
76.297264,162,1484.807967
207.00926,25,1484.825128
-400.70178,47,1484.861458
134.7281,82,1485.092976
153.91681,71,1485.100805
72.4376,134,1485.296338
-1684.4629,1600,1485.414848
131.01624,62,1485.582042
61.449474,140,1487.680599
1.3902698,284,1487.688182
127.95741,35,1487.790149
64.55588,141,1487.893672
-417.2996,80,1487.96847
168.63225,39,1488.084444
142.63882,72,1488.246083
28.182314,224,1488.293863
149.156,38,1488.403606
109.49811,102,1488.507243
133.97021,40,1488.573417
95.3813,81,1488.626866
6.1725545,215,1488.735567
190.72662,39,1488.816048
-369.72406,30,1489.04625
-329.9016,917,1489.789122
-124.3301,435,1490.145137
-54.988766,404,1490.357974
37.5116,232,1490.393388
104.05933,178,1490.393432
93.545555,221,1490.417896
-18.857233,465,1490.426744
168.9085,37,1490.627858
122.55965,57,1490.857868
-438.19034,976,1490.972512
98.94799,51,1491.031182
113.46536,87,1491.07471
-18.827051,411,1491.464298
192.91351,70,1491.521002
139.54858,111,1491.726088
-936.9625,1600,1491.795177
-256.77066,219,1491.847779
117.12224,106,1491.87229
-14.317241,274,1491.917337
150.58481,64,1491.965514
204.03531,32,1492.123742
37.285313,226,1492.154099
155.2381,60,1492.276024
32.909546,155,1492.307264
-271.99234,580,1492.396687
175.03935,57,1492.421099
138.17337,77,1493.49015
168.9623,69,1493.833112
76.85634,75,1493.920207
-11.410241,116,1494.062919
170.4819,47,1494.294112
145.20743,48,1494.438238
133.82346,44,1494.645297
164.92767,50,1494.834366
-50.028908,190,1494.907747
16.92478,209,1495.121784
137.84908,89,1495.339307
172.24712,55,1495.349204
13.3173895,278,1495.374046
64.55309,279,1495.629783
131.08945,70,1495.672209
-349.7189,50,1495.734504
29.78537,241,1495.734551
141.64655,33,1495.976398
78.12328,86,1496.029868
184.6002,29,1496.20643
100.85993,66,1496.236858
58.137268,187,1496.284462
77.49323,85,1496.284509
109.538315,138,1496.406342
-207.8477,477,1496.494161
185.3937,35,1496.521412
190.61887,34,1496.568781
150.84169,34,1496.568824
110.308784,118,1496.598475
149.55202,40,1496.73333
171.76953,34,1496.833348
-334.07913,558,1496.93786
127.21994,98,1496.993353
-1393.3064,1204,1497.009369
-1609.8883,1600,1497.061688
122.953735,68,1497.068364
162.94879,73,1497.083329
119.24561,79,1497.193595
-305.01974,741,1497.23908
184.24835,37,1497.294837
122.262924,88,1497.301479
129.19086,59,1497.309537
170.28044,33,1497.327147
161.82854,34,1497.350187
-2441.0093,1600,1497.462955
180.21854,38,1497.607436
119.79616,64,1497.826784
-407.2401,83,1497.847042
162.1628,35,1497.867114
51.496387,206,1498.337113
113.83223,67,1498.358751
116.05661,139,1499.354904
65.716095,171,1499.500348
115.32336,99,1499.523394
196.33752,33,1499.608102
37.447426,235,1499.781636
-358.8842,42,1499.825195
23.67314,171,1500.127763
8.743379,293,1500.168168
117.76479,53,1500.247614
110.73904,74,1500.366974
123.90446,148,1500.439913
72.296005,314,1500.476798
143.41478,150,1500.47685
37.830235,292,1500.525141
-82.04765,317,1500.705445
141.09744,58,1500.705491
175.1817,32,1500.966071
139.53954,42,1501.047204
84.02829,82,1501.138233
99.26479,104,1501.286264
88.668526,226,1501.328572
104.56319,149,1501.336712
198.2471,37,1501.6167
129.6498,72,1501.861702
-36.160294,270,1502.503271
133.59062,126,1502.599858
194.87024,29,1502.726064
-160.19531,293,1502.797396
-1455.463,1600,1502.885664
160.97363,56,1503.045886
-1782.079,1600,1503.061591
-55.994534,336,1503.188236
-384.54495,810,1503.365193
73.49588,193,1503.376824
-424.61282,69,1503.437984
-114.79389,436,1503.645319
179.49287,38,1503.694849
112.50952,69,1503.759919
186.03511,33,1503.901519
-33.460102,385,1504.199983
119.54645,48,1506.383628
-486.8999,204,1506.543353
-742.0505,429,1506.566159
-163.34413,395,1506.575575
119.17004,49,1506.702189
162.55334,33,1506.838851
33.81082,143,1506.925501
140.04564,54,1507.126686
92.96038,75,1507.145311
134.65614,35,1507.228262
115.812386,95,1507.35052
179.9966,31,1507.407358
56.048424,149,1507.639291
136.59697,60,1507.681793
-487.2631,900,1507.689576
170.48448,43,1507.78404
184.85564,58,1507.854422
139.13594,39,1507.954178
60.064053,89,1507.990535
138.75708,36,1508.074579
77.66706,148,1508.089903
166.19685,46,1508.324191
3.8689897,382,1508.599053
-875.1843,1600,1508.715106
117.87538,58,1508.791104
154.37944,37,1508.893355
73.14139,120,1508.947634
201.53368,32,1508.968029
-68.81534,439,1509.129511
172.74556,33,1509.156079
129.17216,42,1509.284334
74.66745,201,1509.284377
-213.3131,515,1509.343391
139.53694,66,1509.466493
-400.06244,45,1509.643062
-411.87726,45,1509.643113
-428.7379,110,1509.652159
189.04396,78,1509.772778
98.00341,66,1509.867031
155.46812,54,1509.89266
189.60165,42,1509.985086
150.51453,36,1510.054451
92.95831,72,1510.228708
55.12264,272,1510.236701
-398.99112,47,1510.253759
158.01926,88,1510.381982
178.53905,54,1510.442451
129.20525,37,1510.55285
123.57076,57,1510.733055
-386.67465,29,1510.785324
14.265279,335,1510.785372
119.70428,66,1510.930457
155.16096,35,1511.043111
193.19885,34,1511.092155
-384.7019,42,1511.298047
42.88796,177,1511.397788
200.02963,41,1511.397834
114.31583,71,1511.405869
-53.946888,460,1511.435563
129.00223,36,1512.644412
187.42917,25,1512.653441
155.30096,44,1512.796678
169.1502,47,1512.868402
-29.982286,461,1513.95596
-486.41095,178,1514.092643
53.009933,171,1514.178016
206.5767,26,1514.287954
98.61244,190,1514.381665
135.27411,34,1514.444007
163.02045,77,1514.915676
189.14334,59,1514.923197
-69.41098,293,1515.003087
40.554207,120,1515.336352
194.20912,58,1515.449181
-1217.3512,1600,1515.659441
-692.5993,540,1515.676554
122.469025,55,1516.103038
132.01665,64,1516.159201
-183.8656,491,1516.348903
78.1465,202,1516.50568
-192.99765,690,1516.692649
97.77835,182,1516.885947
130.23209,98,1516.885995
97.67084,93,1516.907201
65.64952,82,1517.011607
-1540.7596,1600,1517.01831
152.45073,57,1517.336248
18.745947,313,1517.378155
-14.028355,447,1517.476945
89.60374,272,1517.485327
99.309586,81,1517.524494
199.7684,29,1517.777546
88.17518,94,1517.856133
133.45836,105,1518.035989
60.537792,73,1518.259659
105.8083,77,1518.336895
121.34805,40,1518.351364
88.460884,203,1518.49671
59.548832,129,1518.710853
125.75015,124,1518.841744
124.71519,76,1518.964325
-1468.9299,1600,1518.999687
127.2028,111,1519.159927
194.86176,33,1519.278844
-1726.1251,1600,1519.334342
-574.4697,955,1519.378843
133.79146,31,1519.425872
109.67575,60,1519.467435
-1572.8196,1290,1519.483973
69.56508,113,1519.632251
53.941254,232,1519.640439
-446.13284,918,1519.694389
-68.91215,174,1519.906955
151.7216,42,1519.960799
-1376.1042,1600,1520.014587
-4.730307,307,1520.040508
157.83781,31,1520.148435
-65.26569,373,1520.189758
102.431465,66,1520.19751
156.75783,96,1520.238041
197.20573,26,1520.246216
175.4748,49,1520.341953
182.47888,37,1520.529409
166.50056,43,1520.577135
163.79532,56,1520.592495
102.441444,114,1520.890523
-372.2033,49,1520.897416
138.22108,46,1520.912361
156.32014,51,1520.971584
70.96383,83,1520.97946
-4.633462,225,1521.128371
170.70532,44,1521.24098
89.258156,238,1521.277499
178.54208,44,1521.321745
-72.23582,319,1521.350862
-478.74225,158,1521.41563
148.7742,52,1521.537405
-173.69258,614,1521.566662
181.92636,53,1521.654322
157.03102,70,1521.835402
2.7175791,305,1521.854956
44.420677,97,1522.085208
-61.465023,371,1522.17319
68.89109,107,1522.26684
134.87238,60,1522.305658
191.43837,33,1522.356724
164.25932,72,1522.417514
95.656654,192,1522.489236
174.52327,29,1522.497567
178.7439,29,1522.587537
144.35951,37,1522.600165
105.67038,58,1522.652593
-54.47969,429,1523.58538
32.46063,231,1523.61316
100.91324,56,1523.739634
180.27242,36,1523.76412
134.07262,32,1523.860162
129.19092,43,1523.871116
199.87895,32,1523.984824
69.3263,225,1524.008732
-33.926826,385,1524.095624
164.24088,39,1524.280728
156.95634,95,1524.486071
84.84119,57,1524.531359
201.27812,35,1524.554994
156.14462,34,1524.748288
188.192,35,1524.820694
121.54951,57,1525.261582
-238.18483,355,1525.302371
-423.64194,78,1525.359231
-483.0588,185,1525.438753
37.973003,270,1525.561039
-416.7573,48,1525.649729
168.98709,32,1525.703963
-289.9504,846,1525.88065
-691.67444,528,1525.939751
150.44832,33,1525.968907
168.42485,77,1525.98319
49.40668,86,1525.998898
34.288277,354,1526.146834
182.0107,29,1526.202088
41.357178,365,1526.242104
-18.364017,317,1526.342059
-35.873856,101,1526.380716
-98.50923,269,1526.651825
-7.22136,360,1526.683358
50.384304,56,1526.774791
-8.57565,415,1526.83017
89.63167,87,1526.885821
83.586006,120,1526.930211
127.06007,36,1526.938311
148.90721,35,1527.060715
-61.17191,605,1527.180378
183.02045,37,1527.353186
103.35846,176,1527.39477
127.14898,59,1527.404184
73.64639,61,1527.433665
125.04632,92,1527.569605
186.72858,32,1527.61845
99.03852,177,1527.654304
68.57336,161,1527.661577
136.84163,38,1527.743205
150.22163,37,1527.944246
58.239845,64,1528.166538
85.46584,102,1528.219394
196.70528,28,1528.394979
51.600246,109,1528.486868
82.59352,124,1531.393517
166.06297,31,1531.61468
-103.68554,339,1531.656008
-62.474857,228,1531.81019
107.1267,81,1531.844135
-151.37923,447,1532.030824
109.809875,55,1532.090228
43.42191,194,1532.090269
136.35182,32,1532.343143
128.90204,39,1532.623509
91.09447,86,1532.740367
39.061462,126,1532.809807
-258.5765,1007,1533.208279
48.84156,76,1533.357391
-123.980736,489,1533.374126
108.758545,174,1533.386932
93.21566,216,1533.499758
33.529804,319,1533.537978
170.34691,28,1533.586542
-381.00723,45,1533.730205
142.3761,52,1533.756425
117.38689,150,1533.812719
107.29409,124,1534.148104
-112.702675,377,1534.225916
150.71384,108,1534.411095
88.88482,104,1534.523063
125.34078,114,1534.62545
74.751015,148,1534.673114
-170.28159,635,1534.682724
140.59528,39,1534.834123
-442.86826,80,1534.859077
177.2338,30,1534.867362
123.91297,34,1535.12272
76.390564,172,1535.166099
10.11973,307,1535.243909
148.34421,36,1535.406848
-945.6234,1544,1535.472579
-258.78073,876,1535.613158
-190.98041,641,1535.78972
55.399925,143,1535.820975
162.44185,71,1536.038941
72.104706,172,1536.07256
116.71003,56,1537.766467
184.00836,36,1537.846298
28.333471,359,1537.855491
67.83132,195,1537.967971
152.37704,32,1538.104558
82.184166,150,1538.134138
67.63363,106,1538.211254
37.973885,227,1538.483692
121.887375,72,1538.522069
148.29707,69,1538.647076
89.30084,81,1538.722869
-462.37488,1079,1538.78756
180.96701,44,1538.823803
32.89891,228,1538.926517
-36.261303,330,1539.002372
176.83017,32,1539.171816
141.35811,63,1539.216074
-663.9995,314,1539.223
160.49324,103,1539.322625
122.85602,78,1539.401088
168.12979,57,1539.444648
-5.61713,445,1539.451383
113.75055,45,1539.538053
187.42154,26,1539.74209
162.23463,37,1539.749779
96.99699,70,1539.99702
116.73276,82,1540.050071
154.51903,49,1540.122688
148.83047,35,1540.276847
-49.74951,185,1540.677724
65.873726,199,1540.891096
9.613191,289,1540.929831
182.18669,33,1540.93772
-47.01372,409,1540.976176
60.80906,236,1541.096538
141.70499,39,1541.206951
145.954,47,1541.392989
46.955956,213,1541.482281
-73.26865,492,1541.516612
60.398586,68,1541.533745
-822.14594,738,1541.570745
72.06325,73,1541.570795
166.8096,35,1541.693197
160.7851,37,1541.835689
168.21489,47,1541.997747
-371.17285,58,1542.062936
-383.0639,102,1542.169054
108.09662,71,1542.241296
100.77978,88,1542.312404
115.70882,67,1542.348843
192.92804,66,1542.468132
124.13374,151,1542.476455
146.33798,44,1542.551267
101.8936,92,1542.833031
-245.66672,488,1543.162925
69.03672,52,1543.19009
171.91678,73,1543.230948
139.16333,84,1543.453313
-454.69608,103,1543.693787
-546.2626,405,1543.776604
-30.915644,403,1544.013285
133.71866,74,1544.308998
131.75967,75,1544.398817
51.422787,147,1544.418853
77.47287,187,1544.737288
99.99956,55,1544.777195
160.07367,47,1544.823315
173.17032,51,1544.838646
49.96338,108,1544.926699
-2326.9646,1600,1544.959824
163.39816,34,1545.139205
146.40916,36,1545.267032
167.67207,56,1545.26708
-100.69238,348,1545.324841
74.56371,87,1545.640345
87.28942,68,1545.68824
145.9676,51,1545.729464
167.98372,51,1546.070432
153.35378,101,1546.095699
186.14099,48,1546.095741
184.23006,31,1546.318648
106.70777,131,1546.334443
-1683.5028,1600,1546.407843
-82.29685,430,1546.689835
148.62146,76,1546.716919
157.22655,34,1546.948275
44.536884,284,1547.08387
88.59084,44,1547.354694
183.6438,32,1547.381861
-187.96657,497,1547.397605
-494.00888,1083,1547.474363
-195.2252,590,1547.474404
-3.5495439,103,1547.579754
161.96483,29,1547.630161
140.79587,58,1547.833463
179.97614,34,1547.865357
177.4419,29,1547.876795
162.1661,37,1548.12326
128.85574,103,1548.217205
-385.3004,73,1549.280513
83.507706,126,1549.313165
184.29753,79,1549.32132
151.07654,48,1549.338045
-75.22099,266,1549.35677
199.72449,43,1549.635715
-14.184141,298,1549.69676
-38.97746,364,1549.908472
115.8314,76,1549.935128
145.39433,83,1550.015083
197.47145,26,1550.131687
198.58266,43,1550.241067
28.5798,382,1550.273313
173.60637,47,1550.429851
88.78624,137,1550.47755
164.46584,104,1550.50401
71.86507,275,1550.557467
-442.77167,111,1550.636541
185.32742,55,1550.766917
137.75908,35,1551.089382
156.61484,54,1551.135476
144.14517,129,1551.300656
126.7239,92,1551.327771
-120.77181,124,1551.55977
181.15088,49,1551.735808
113.749916,152,1551.831767
97.90018,185,1551.964026
97.94258,84,1552.140697
131.30064,122,1552.251551
-383.94177,67,1552.380139
-1700.7611,1600,1552.380187
153.10419,34,1552.604287
140.00404,68,1552.667455
113.31389,225,1552.688733
-378.10397,32,1552.744544
165.88933,59,1553.057457
-206.99141,443,1553.082185
157.51564,35,1553.153391
32.30274,99,1553.18654
-374.44208,47,1553.219785
140.88808,64,1553.313603
172.9215,33,1553.397855
152.78568,31,1553.484407
176.9653,29,1553.533286
201.18497,42,1553.654133
164.24748,34,1553.805721
138.70291,77,1553.903242
149.47517,130,1554.060622
90.32688,65,1554.216158
146.95049,86,1554.237714
165.8224,45,1554.261124
114.55581,82,1554.9124
91.19424,96,1558.629421
74.25171,169,1558.838991
-1545.4735,1600,1558.949622
59.65696,59,1559.003696
116.627655,190,1559.439276
-1561.7557,1305,1559.700196
51.036747,187,1559.732399
-783.29034,429,1559.973413
153.01016,49,1560.520645
93.54159,254,1560.569825
101.41705,158,1560.750128
170.99197,90,1560.853643
-108.74981,380,1561.330364
94.566895,63,1561.453932
-1399.813,1287,1561.548299
-333.7577,53,1561.562725
58.502438,209,1561.581005
107.73977,212,1561.667643
151.22632,32,1562.047563
15.109573,211,1562.047635
-1435.2438,1600,1562.09406
-412.41068,50,1562.139294
127.785545,67,1562.343742
-32.818974,234,1562.539805
121.083755,154,1562.606244
130.69966,62,1562.736999
94.413445,77,1562.884967
114.78171,139,1562.906682
-219.94064,764,1562.973659
67.94454,135,1563.091183
140.59425,73,1563.398944
88.20858,119,1563.399004
181.12111,37,1563.410267
155.0642,69,1563.448713
-490.53027,1029,1563.683591
136.88788,138,1563.738699
158.73383,33,1563.826703
169.42813,38,1563.917681
-516.17474,801,1564.064558
168.23463,64,1564.173137
140.16743,30,1564.263226
197.94363,43,1564.31549
157.27869,67,1564.504185
197.03447,27,1564.614068
119.23203,118,1564.776545
173.66527,47,1565.054587
150.50058,100,1565.394343
21.797863,201,1565.422748
179.8078,64,1565.518208
79.7897,165,1565.58969
140.45784,124,1565.589735
82.2192,243,1565.613747
185.69734,33,1565.817721
177.86195,35,1565.935664
57.994003,266,1566.029929
157.87642,45,1566.401173
63.10708,64,1566.631577
211.65462,31,1566.681728
-998.7693,1600,1566.725941
41.379272,183,1567.05159
80.43732,80,1567.051642
18.467688,250,1567.258192
-361.72302,480,1567.32639
98.658,66,1567.419555
101.8449,141,1567.56954
150.6135,75,1567.910437
78.86033,77,1567.931194
-57.36497,201,1568.035466
-417.57523,130,1568.235016
-364.67575,30,1568.279134
138.13953,33,1568.404009
-151.776,463,1568.565877
124.039536,33,1568.589372
-384.84122,96,1568.636273
164.79648,31,1568.747303
188.91707,32,1568.990501
-390.1557,696,1569.001156
56.81172,215,1569.126322
139.86981,162,1569.139119
16.290026,159,1569.196764
-442.79367,58,1569.247741
-41.512432,275,1569.37339
168.21149,100,1569.396352
178.00563,33,1569.518866
174.30043,28,1569.533063
129.78014,39,1569.73102
67.30219,69,1569.832644
-802.00726,642,1570.08147
130.2421,87,1570.532283
83.10507,96,1570.640878
157.47455,73,1570.640926
-655.47363,482,1570.884404
154.86847,78,1570.939583
-602.16144,410,1571.108069
198.74646,52,1571.249263
-105.789154,372,1571.5186
191.55751,36,1571.551664
175.85362,59,1571.583358
133.02516,34,1571.638244
184.7645,27,1571.817962
182.59663,34,1571.925015
-152.52899,207,1572.070658
188.48416,30,1572.247601
146.36627,69,1572.388879
-395.5819,30,1572.577554
140.87598,79,1572.950497
70.180824,131,1573.02654
-72.44359,365,1573.292491
64.45684,134,1574.482271
182.37253,67,1574.636079
-628.129,304,1574.645984
108.977715,112,1574.788292
79.048035,121,1574.965251
138.25464,56,1575.239604
75.870674,187,1575.239659
110.37646,49,1575.314311
148.40283,50,1575.499528
-159.62508,565,1575.521308
196.84634,27,1575.532387
179.35272,47,1575.819169
192.82326,42,1575.983082
207.54922,30,1576.148185
116.470566,160,1576.213251
173.09105,29,1576.465648
181.07767,70,1576.754502
131.8559,67,1577.201932
-24.542164,211,1577.508213
97.814156,73,1577.519856
-927.34265,1600,1577.875531
121.17076,63,1578.148124
-12.675327,187,1578.177837
-774.96075,621,1578.299271
71.33045,100,1578.527634
-360.7372,52,1578.665707
109.77764,81,1578.686924
-283.2354,805,1578.800034
172.9153,31,1579.113545
121.75287,104,1579.737898
-835.797,522,1580.118209
150.00407,103,1580.180867
85.53013,223,1580.44794
115.03547,188,1580.601967
122.645294,40,1585.202425
41.245426,89,1585.260319
117.3407,82,1585.467891
163.7608,35,1585.622486
157.21811,40,1585.863571
-586.04926,997,1585.927091
52.843758,206,1586.004021
115.2724,89,1586.096415
178.11464,63,1586.241348
150.81024,45,1586.367085
-198.59207,667,1586.555421
-404.2813,49,1586.565122
164.49178,36,1586.716349
5.527363,247,1586.762876
162.40904,97,1586.81145
-72.09504,447,1586.973499
81.45377,109,1587.054215
-39.136013,441,1587.144746
133.57007,36,1587.324575
78.758736,71,1587.453927
140.63506,99,1587.519826
-1157.8113,1285,1587.769786
180.34416,32,1587.833226
72.996704,81,1587.850672
-743.0927,651,1587.893438
163.80307,47,1587.905145
139.169,61,1587.912819
64.12115,145,1587.959895
125.79452,87,1587.967413
108.651825,124,1587.991008
104.206696,161,1588.215966
145.55956,51,1588.279267
-379.73166,49,1588.317718
205.7912,25,1588.430855
128.57706,53,1588.43921
139.31042,34,1588.609231
191.19632,59,1588.774682
43.09394,294,1588.917905
71.83781,126,1589.013859
108.60447,71,1589.020571
150.28326,137,1589.034152
137.69124,48,1589.152739
136.21819,107,1589.312404
-1621.896,1600,1589.31246
12.999971,201,1589.545731
131.95837,40,1589.626216
-404.6032,42,1589.642178
27.94709,230,1589.664671
163.83406,99,1589.830022
-1278.8279,1600,1589.90486
127.214485,38,1589.931049
-2347.7185,1600,1590.095876
155.81674,140,1590.140847
153.8129,34,1590.178888
110.27948,68,1590.187559
66.03087,134,1590.244626
119.64734,40,1590.264366
84.95281,96,1590.327886
166.5508,30,1590.40257
109.395195,41,1590.446536
200.41685,34,1591.213753
-9.505936,203,1591.357144
108.25901,39,1591.50079
135.89667,63,1591.558973
21.046768,148,1591.653011
108.102585,58,1591.835508
-469.9916,78,1591.874397
124.11811,56,1591.977339
113.377785,135,1592.143359
171.21968,40,1592.194196
105.6466,67,1592.381122
129.81966,107,1592.44228
59.242615,149,1592.474109
121.60541,67,1592.508014
189.52797,30,1592.73931
152.07803,45,1592.792297
-1039.6975,1600,1592.846048
92.02249,64,1592.958961
160.5472,32,1593.082925
159.6487,46,1593.128973
103.5633,136,1593.23769
-77.75798,295,1593.337174
-813.40906,506,1593.456764
176.54742,48,1593.46438
186.18573,46,1593.492579
119.40167,75,1593.541327
84.30157,183,1593.565771
165.29355,35,1593.737123
167.85678,37,1593.779699
-14.330163,294,1593.974658
90.17689,86,1594.001592
-339.18118,428,1594.029428
106.57155,64,1594.063823
81.037926,226,1594.135283
164.90521,54,1594.216796
-404.62576,62,1594.230528
109.506615,38,1594.329565
172.3925,28,1594.572349
149.88031,46,1594.609781
67.354904,174,1594.648438
138.75908,73,1594.869088
144.20891,129,1595.11633
-2072.2153,1600,1595.175954
187.84727,32,1595.185881
141.32777,62,1595.195115
51.41638,134,1595.346075
68.65076,231,1595.449054
193.86395,42,1595.574376
155.05971,50,1595.655545
126.32223,74,1595.892659
137.92969,95,1596.018123
71.557526,164,1596.11469
182.12665,55,1596.18259
75.36366,250,1596.335097
152.31602,96,1596.365274
96.16308,99,1596.529402
-17.275793,335,1596.55648
171.41655,53,1597.496842
137.85973,137,1597.525968
72.54751,81,1597.545285
-395.48746,34,1597.72131
-128.1215,475,1597.76398
171.05508,32,1597.811893
151.61201,64,1597.833245
139.73659,98,1597.841191
121.94317,57,1597.956305
176.77548,94,1598.105706
144.54309,35,1598.105749
172.70242,33,1598.114223
187.2619,48,1598.345301
127.74787,94,1598.363024
-365.66644,31,1598.363071
-362.47232,45,1598.479332
159.88261,90,1598.488859
119.8564,183,1598.685877
178.37727,78,1598.751748
151.3776,36,1598.783596
180.04623,55,1598.822646
141.13266,57,1598.95075
153.87277,81,1599.020326
149.85023,35,1599.03746
60.695293,180,1599.06256
155.24118,51,1599.104577
134.14272,42,1599.128162
139.84695,102,1599.201204
-582.81885,185,1599.284271
154.58362,38,1599.315742
140.4539,65,1599.57348
-575.2048,1073,1599.707669
-445.80713,115,1599.75076
151.0276,69,1599.757514
157.37094,82,1599.777703
176.48244,61,1599.777742
-68.96528,244,1599.822375
187.03076,33,1600.011269
165.39777,30,1600.0193
177.42682,34,1600.089178
76.65271,56,1600.156119
165.34016,91,1600.305844
165.34898,31,1600.419667
108.64347,104,1600.647616
146.30798,77,1600.682771
160.73552,34,1600.727926
160.4081,58,1601.151057
170.33328,70,1601.276494
-475.32367,295,1601.385595
-5.1331077,280,1601.41476
164.70175,34,1601.422135
176.96751,31,1601.52234
124.38057,217,1601.581666
16.750425,206,1601.762939
139.71573,33,1601.860966
190.35951,52,1601.868624
53.78517,82,1602.228369
4.8715577,180,1602.247611
168.63033,100,1602.291055
177.16643,53,1602.341506
187.99655,28,1602.493158
171.09511,32,1602.599081
-392.53006,45,1602.626356
92.300476,145,1602.639095
135.76993,105,1602.669728
184.31085,34,1604.121885
-419.60944,70,1604.207641
104.80523,124,1604.264215
-1030.961,1600,1604.293857
189.41525,41,1604.342961
-5222.7544,1600,1604.428968
-378.79364,47,1604.535334
116.167175,42,1604.587838
178.79431,32,1604.587883
16.504068,97,1604.818321
175.87056,66,1605.02749
164.71274,40,1605.233039
-38.609894,414,1605.312761
106.74284,153,1605.38164
89.948654,99,1605.478851
-149.76942,586,1605.723253
177.14499,30,1605.732675
101.109024,47,1605.785494
166.39838,77,1605.871853
151.17397,40,1606.051765
104.45611,165,1606.075332
21.729488,246,1606.147183
154.12683,103,1606.163793
90.060585,152,1606.293322
149.82762,33,1606.313735
137.90408,66,1606.313785
164.66164,31,1606.322261
78.979965,219,1606.372015
170.06001,28,1606.388332
-1089.7122,1539,1606.440283
179.82854,59,1606.602102
193.45912,27,1606.647776
88.785225,242,1606.682619
149.59657,42,1606.718153
92.58254,120,1606.825121
-425.7159,145,1606.897785
169.89275,31,1606.939293
95.74459,81,1606.939343
170.46242,74,1606.965818
80.165634,99,1607.112935
177.81656,100,1607.120805
195.70847,26,1607.153404
166.60762,43,1607.284718
127.78427,59,1607.374824
134.49786,41,1607.47524
140.29015,93,1607.567677
171.05453,30,1607.603803
-442.53537,70,1607.66101
175.84605,52,1607.681839
-367.19965,31,1607.70616
-248.45874,430,1607.886877
81.99049,101,1607.886927
177.72,34,1607.919507
158.96846,33,1607.939751
20.747183,224,1608.093466
148.69736,70,1608.14844
191.86296,32,1608.199654
190.73912,48,1608.275653
25.47781,208,1608.301677
130.10225,57,1608.351022
56.88802,103,1608.374661
-281.90414,825,1608.389992
113.97169,35,1608.429041
158.12283,68,1608.473732
185.9775,29,1608.540975
185.3116,29,1608.62206
188.00484,34,1608.675771
191.80382,68,1608.756196
23.150736,83,1608.772079
169.71141,31,1608.79604
-31.577127,249,1608.942448
183.44434,60,1608.959738
153.58385,32,1609.027649
175.5063,74,1609.036147
142.35083,57,1609.077548
168.69266,44,1609.110369
1.2672516,94,1609.12201
150.8537,32,1610.264743
112.61264,87,1610.351794
152.39809,57,1610.578053
20.307077,371,1610.58564
127.39048,100,1610.600572
167.11461,66,1610.635818
74.107864,248,1610.701631
151.96022,48,1610.76249
77.64761,93,1610.787394
125.638985,102,1610.787441
-1259.4102,1600,1610.91018
79.214455,202,1610.917339
-636.6094,403,1610.952555
128.42354,124,1611.079803
101.861916,64,1611.105061
105.814545,149,1611.155368
165.0956,29,1611.334314
66.3546,59,1611.416789
-1256.9048,1600,1611.463747
173.01057,88,1611.472019
107.26114,114,1611.519896
133.11407,81,1611.556867
163.798,106,1611.63886
53.91058,182,1611.746119
197.99924,28,1611.776633
71.77286,152,1611.795062
146.67094,84,1611.81991
172.56308,46,1611.826811
116.25291,64,1611.842639
61.96915,60,1611.941795
152.97488,47,1612.003636
175.1401,39,1612.084422
179.09529,32,1612.095215
108.14471,135,1612.149119
150.40524,75,1612.374035
172.14272,66,1612.593841
136.90945,165,1612.705018
157.03455,85,1612.792267
-565.8098,138,1612.810658
125.1318,85,1613.027635
158.77452,125,1613.046553
161.89197,49,1613.085779
71.10465,329,1613.231301
159.66322,59,1613.282795
7.2559133,178,1613.33626
184.75607,31,1613.344789
120.75908,112,1613.495027
179.31342,35,1613.528436
138.31639,60,1613.528483
180.58556,30,1613.589829
176.90186,42,1613.671673
-566.5497,352,1613.69944
103.35592,116,1613.731204
167.01942,35,1613.768569
194.2747,33,1613.784379
-42.86724,393,1613.815436
151.11444,33,1613.850825
148.36438,40,1613.991869
137.97931,34,1614.004035
161.32129,34,1614.040342
139.32,34,1614.056671
-43.438736,326,1614.088529
-94.40653,450,1614.345513
146.0758,46,1614.361459
137.26329,36,1614.369149
-1474.8667,1600,1614.506375
155.52557,44,1614.714432
160.08788,105,1614.880152
117.57772,45,1614.926038
124.936165,85,1615.102579
182.13818,75,1615.910078
32.987408,215,1616.186727
151.86972,33,1616.222116
57.49702,215,1616.22217
133.38393,47,1616.643207
136.82898,45,1616.66406
176.05072,55,1616.766706
-50.244255,344,1616.801951
-503.0153,316,1616.813346
79.4206,151,1617.065415
-116.11571,292,1617.234957
147.0474,61,1617.263513
68.618706,78,1617.421341
159.42743,30,1617.705644
62.569122,70,1617.758654
-40.41886,352,1617.810221
15.693368,301,1618.284415
174.99318,110,1618.3156
-214.64157,536,1618.391182
190.81337,28,1618.557174
93.12335,105,1618.732148
138.45949,61,1618.806325
162.46152,32,1618.826745
120.00228,168,1618.833728
-55.39322,233,1618.941021
-225.57344,790,1619.178411
158.33943,45,1619.178458
-698.52167,577,1619.368018
-560.85443,307,1619.551895
188.18048,55,1619.598738
77.88359,245,1619.793054
170.42648,58,1619.838193
76.33095,183,1619.870926
187.78763,33,1620.107851
136.54178,71,1620.143353
-181.11316,383,1620.174523
172.3449,32,1620.364539
178.41473,29,1620.372239
-493.0101,218,1620.472527
20.582163,318,1620.47257
118.60755,76,1620.488848
28.721792,220,1620.565664
147.89833,66,1620.923874
69.42772,92,1620.931472
147.56233,61,1620.982246
-17.14281,252,1620.982287
25.986017,180,1621.088429
120.336365,89,1621.229389
112.34255,45,1621.30262
146.53549,102,1622.728025
157.16077,64,1622.767612
137.85454,52,1623.046331
139.56308,53,1623.173908
90.018654,111,1623.323797
120.28465,38,1623.362323
142.91054,116,1623.497599
47.96764,154,1623.563229
183.20706,37,1623.661308
-703.2468,869,1623.774385
170.82576,57,1623.780922
96.53396,245,1623.805759
151.99191,33,1623.925228
71.40349,203,1623.958201
142.11061,70,1624.060442
-358.94937,856,1624.176738
142.82971,48,1624.193483
178.10338,36,1624.213373
176.5566,34,1624.22788
123.40194,87,1624.265711
80.42452,186,1624.282167
160.3624,40,1624.383799
99.23113,164,1624.495575
154.42763,39,1624.538763
159.89987,60,1624.670302
117.40246,54,1624.67871
126.989784,43,1624.752519
114.1338,84,1624.926042
149.1892,43,1624.938057
138.42142,46,1625.137195
52.038094,94,1625.148639
119.50764,44,1625.229556
165.10794,30,1625.284888
191.18279,37,1625.373702
146.04126,95,1625.519557
174.18445,31,1625.622377
179.83646,29,1625.642755
148.632,40,1625.65311
174.13301,31,1625.721756
131.9097,56,1625.800451
172.53012,31,1625.827788
49.59116,105,1625.837491
-1447.2109,1420,1625.934075
166.7457,34,1625.96943
-47.7893,488,1625.994839
44.41054,238,1626.03538
-411.14355,47,1626.080308
188.9624,30,1626.215661
-425.179,44,1626.234062
117.53708,60,1626.575299
110.544685,81,1626.605918
65.74776,76,1626.699872
132.12086,56,1626.776136
91.56948,111,1627.153844
102.38821,69,1627.271511
143.73608,87,1627.424107
167.2213,85,1627.601597
-610.5175,413,1627.725268
-2749.6575,1600,1627.887298
72.774185,182,1627.961265
-19.877165,168,1628.277193
-75.17666,274,1628.366632
104.20785,86,1630.400629
187.94461,32,1630.457683
55.807343,145,1630.606136
37.367115,106,1630.679246
183.56812,67,1630.802999
43.08642,116,1630.820838
168.19553,27,1630.890855
-665.80115,511,1630.958847
152.80609,84,1631.056406
190.22017,29,1631.056453
174.12115,29,1631.274832
160.39516,34,1631.318028
-149.22572,288,1631.510267
-639.1384,289,1631.605736
-64.638695,424,1631.658425
135.76459,160,1631.828561
125.44731,49,1631.867423
145.06567,40,1631.901316
111.50455,131,1631.961879
15.190398,147,1632.024995
39.021576,315,1632.056401
127.18163,41,1632.155777
134.70186,68,1632.179733
85.56206,185,1632.246119
35.559753,134,1632.314942
147.83676,46,1632.434152
153.25597,42,1632.531245
190.5369,39,1632.570349
-1607.615,591,1632.64722
163.13268,45,1632.707809
116.9865,102,1632.751916
145.10991,86,1632.892315
185.75394,30,1632.919542
78.81624,62,1633.072834
159.51263,47,1633.156587
18.786184,228,1633.176492
54.98232,145,1633.253378
133.79974,56,1633.370179
85.03471,101,1633.4444
148.78793,36,1633.560466
140.03348,49,1633.569061
183.37682,50,1633.597172
162.98654,88,1633.653866
177.07893,34,1633.653915
10.156251,204,1633.688234
145.30733,35,1633.85802
178.71419,30,1633.904979
180.07521,26,1633.905025
158.14185,36,1633.963235
90.87615,72,1634.051879
171.24913,28,1634.093226
126.37673,38,1634.221879
179.7043,61,1634.399051
172.22577,60,1634.432596
123.4802,52,1634.606137
151.9808,33,1634.637795
95.959,93,1634.767411
-949.3233,1398,1635.033859
131.35588,64,1635.303387
149.15117,101,1635.681449
106.08651,104,1635.74023
156.62065,33,1635.815347
22.176456,188,1635.837967
-1376.588,1600,1635.920922
58.59748,86,1635.968087
-200.5918,483,1636.074301
186.81381,51,1636.080931
179.89476,55,1636.157229
-1470.4795,1600,1636.250156
150.34093,36,1636.349911
25.163677,214,1636.372942
-484.06015,1023,1636.481274
148.63908,45,1636.511423
-428.4036,61,1636.72737
-450.6722,102,1636.863471
169.87596,61,1636.982025
156.11684,34,1636.988532
174.00516,29,1637.089549
48.99649,96,1637.224091
180.54813,31,1637.464128
-775.64856,537,1637.601615
152.65463,83,1637.631774
145.39236,45,1637.972001
114.03672,127,1638.002035
122.04912,79,1638.102469
31.913654,225,1638.117213
-141.28409,546,1638.147741
170.37257,37,1638.401632
54.655094,69,1638.668802
-18.04758,369,1638.709965
11.425773,108,1638.82008
-39.909084,221,1638.842642
184.29869,31,1638.901279
197.34401,29,1638.925248
112.79981,70,1638.941082
83.39744,156,1639.212652
90.91217,52,1639.298819
83.14076,77,1639.436452
125.20668,92,1639.528575
-151.38037,721,1639.536398
92.51079,90,1639.620976
-60.033203,422,1639.681765
178.85382,46,1639.902164
100.74922,81,1639.940762
-411.91263,45,1640.030681
108.15373,79,1640.056399
137.40616,66,1640.140653
146.39026,79,1640.148766
144.71408,34,1640.297379
166.37881,61,1640.370587
188.57997,30,1640.370635
18.492128,151,1640.393937
135.20645,72,1641.409932
79.23405,210,1641.487561
192.06192,30,1641.540967
-127.04338,617,1641.650056
122.76198,51,1641.682107
182.37561,27,1641.891588
160.02278,72,1641.961793
130.0712,106,1642.09569
89.29639,138,1642.119199
19.354584,129,1642.204777
147.00159,34,1642.367461
161.40967,34,1642.39002
145.68391,61,1642.441019
168.09656,98,1642.645559
133.1361,51,1642.755243
189.43588,28,1642.856825
164.2299,39,1643.144463
148.67955,136,1643.244276
-1134.9955,1478,1643.301786
-52.859653,303,1643.310626
-636.74146,1204,1643.392488
176.56386,34,1643.530971
59.348145,136,1643.839879
-207.6103,701,1644.075631
171.48024,38,1644.177417
121.23776,120,1644.303796
-112.94462,355,1644.356736
-1040.2871,1362,1644.450394
101.55397,55,1644.514505
183.13637,29,1644.537303
145.91484,38,1644.832717
-43.30541,186,1644.832764
86.60958,206,1644.840989
160.4291,61,1644.942044
-232.57684,749,1644.978199
-40.633583,326,1645.018023
164.05579,96,1645.169362
161.18454,49,1645.504949
86.1181,69,1645.571306
108.48132,47,1645.712322
113.92128,84,1645.720896
131.3216,32,1646.029863
152.99976,53,1646.049315
-259.73767,542,1646.069659
99.01081,115,1646.223137
-703.9542,1192,1646.480151
-149.82632,469,1646.543797
4.083926,162,1646.583904
161.88062,63,1646.630997
193.37132,27,1648.99604
3.738362,120,1648.996081
159.96463,72,1649.010993
-506.62634,287,1649.12033
140.86255,50,1649.2579
-597.10394,270,1649.33151
197.2025,40,1649.356503
138.65746,50,1649.42522
151.36931,71,1649.466891
147.60449,114,1649.510659
185.81989,28,1649.727635
118.34358,58,1649.727678
133.32239,63,1649.870738
-117.29602,483,1649.967104
-418.9583,65,1649.999001
88.55553,135,1650.027783
79.60604,126,1650.047429
135.55316,41,1650.07205
66.30399,229,1650.310935
153.03378,120,1650.325052
154.913,52,1650.403231
88.299706,70,1650.445738
138.47704,51,1650.489489
122.682205,63,1650.512682
-292.43045,553,1650.677389
178.05005,33,1650.775985
190.89853,45,1650.806025
-416.64825,52,1650.900798
114.1793,88,1650.996344
195.79755,34,1651.069055
137.20357,107,1651.247586
161.50183,34,1651.340965
-429.4972,177,1651.469562
49.864677,156,1651.562215
-298.5,913,1651.616374
130.05403,58,1651.716637
79.920654,134,1651.751158
-1233.0652,1600,1652.218525
116.49607,124,1652.71781
182.78227,66,1652.73353
1.1646833,168,1652.790387
-426.85434,662,1652.802221
-156.81956,581,1652.817904
-615.8483,387,1652.826271
62.835423,160,1652.9659
48.69403,242,1653.25124
163.17755,64,1653.325849
137.1313,79,1653.342968
202.83006,28,1653.552704
-38.43993,444,1653.559727
6.356009,324,1653.566255
127.53725,40,1653.66542
-276.86575,376,1653.755361
162.40857,35,1653.845618
183.03458,40,1653.877792
94.008415,143,1653.931565
119.070755,53,1653.970104
133.80554,38,1654.800363
146.5635,33,1654.853622
75.99567,140,1655.135118
152.51035,70,1655.378666
78.26157,75,1655.468398
-69.39685,484,1655.49509
83.17274,58,1655.585715
180.55385,36,1655.650817
-301.3147,688,1655.669219
-110.92726,444,1655.905042
-235.79613,754,1656.000891
181.10013,46,1656.054947
192.19826,39,1656.080683
47.552475,164,1656.0976
195.63033,38,1656.262297
57.806526,329,1656.291509
160.21597,64,1656.291557
23.487518,182,1656.313709
-126.312416,333,1656.364944
180.13773,35,1656.384448
105.41257,202,1656.392828
133.79073,34,1656.428646
161.36133,39,1656.651801
197.8437,39,1656.768326
145.68977,41,1656.824069
144.03928,53,1656.882874
109.96399,72,1657.013545
144.95392,36,1657.108564
92.540405,49,1657.118321
-399.7175,44,1657.239109
129.40085,113,1657.384724
-51.826515,345,1657.506077
138.34282,62,1657.59865
10.836572,169,1657.608288
124.45945,58,1657.65444
96.18003,176,1657.755812
-403.48282,178,1658.085303
149.57516,65,1658.372498
18.933588,158,1658.609217
-69.50982,251,1658.688213
66.29387,112,1658.720151
-106.937004,190,1659.011243
127.655205,168,1659.153967
94.35568,118,1659.17022
-494.55984,181,1659.180444
156.80034,57,1659.188396
180.99258,65,1659.18844
126.85483,74,1659.350052
-592.6943,419,1659.402563
133.08716,54,1659.595385
87.0048,73,1659.736981
181.18503,28,1659.953955
62.812504,116,1660.055235
61.663925,105,1660.147794
122.34941,49,1662.405133
121.583954,121,1662.405178
177.53036,32,1662.482033
106.13187,118,1662.598649
115.1091,218,1662.80436
-399.7035,616,1662.97434
-407.5326,78,1663.090494
-79.05625,341,1663.223256
160.27145,54,1663.231339
93.92624,83,1663.248298
163.99281,49,1663.360591
191.93935,42,1663.549474
131.54774,74,1663.672829
97.07565,59,1663.690566
133.61116,60,1663.827453
153.05829,48,1663.921507
-42.125214,241,1664.01342
76.731155,58,1664.156391
83.12308,223,1664.172807
-756.9824,383,1664.276381
142.49403,74,1664.780813
119.686485,99,1664.838605
172.38565,71,1664.854124
88.151054,58,1665.344829
166.42207,69,1665.434746
-1716.9579,1324,1665.620852
-295.7823,800,1665.771897
170.96584,43,1665.909257
136.57391,35,1665.998468
76.92766,85,1666.222293
-391.30786,45,1666.397036
-327.4135,790,1666.405153
-218.83592,643,1666.603939
-178.01889,405,1666.730526
-40.520164,323,1666.771305
179.9356,46,1666.778772
163.57289,56,1666.85491
140.30418,124,1666.871659
-3.0346627,380,1666.980807
143.45439,45,1667.151259
-213.73546,380,1667.151304
150.78287,54,1667.236638
103.744026,64,1667.270989
175.72221,50,1667.281823
174.57643,53,1667.32306
-915.32886,1381,1667.395119
166.47597,31,1667.420156
-59.885033,377,1667.464094
80.55099,105,1667.479225
197.0277,45,1667.531306
175.30672,80,1667.881469
149.47296,47,1667.895921
-434.56226,53,1667.939891
110.41241,62,1668.067209
175.95895,55,1668.161856
154.00339,42,1668.291883
165.52168,75,1668.38443
178.3536,28,1668.402876
120.98049,47,1668.460049
-12.879505,261,1668.614799
39.690243,114,1668.63145
117.58397,121,1668.641052
135.93219,43,1668.641098
177.31488,49,1668.852633
53.621292,124,1668.897849
125.9155,77,1668.995111
-513.5556,135,1668.99518
145.91678,46,1669.006839
154.84874,52,1669.047803
-379.4366,36,1669.185068
82.23953,78,1669.273819
167.53958,52,1669.436988
156.81973,52,1669.437039
-114.54051,408,1669.549853
167.7323,70,1669.59138
-1270.9692,1600,1669.654358
173.71523,31,1669.67508
90.7554,60,1669.675125
169.52771,53,1669.852385
170.98213,47,1669.920969
112.89448,112,1669.959392
-527.819,301,1670.072685
-335.8494,49,1670.072736
162.48363,52,1670.096736
-136.67596,210,1670.298664
165.07861,33,1670.345892
136.62796,67,1670.373125
121.4019,40,1670.373166
117.84592,152,1670.470788
181.09079,28,1670.511166
46.230362,84,1670.561102
99.26165,85,1670.608437
-373.13696,46,1670.725379
159.66109,33,1670.725427
159.75182,54,1670.796943
151.46565,39,1670.819301
185.70636,30,1670.969489
174.18152,51,1671.015675
39.855465,206,1671.204798
167.46637,56,1671.244201
177.79863,47,1671.348059
-21.732883,195,1671.586534
184.57913,45,1671.684355
-1647.5106,1455,1671.791577
72.59682,277,1671.815874
103.15788,113,1671.895216
139.06804,97,1671.949767
171.3565,30,1672.053129
155.67221,49,1672.068785
116.408775,39,1672.200027
-788.2055,610,1672.329398
110.731674,104,1672.397878
104.20795,212,1672.465734
128.76454,67,1672.589936
-490.0816,272,1672.684999
152.38423,39,1672.693548
142.61824,124,1672.757332
-351.091,61,1673.945322
114.51788,88,1674.016033
172.02705,33,1674.016077
47.15243,257,1674.215615
171.6179,32,1674.245018
79.691284,168,1674.343232
45.15282,115,1674.477703
138.64351,61,1674.487291
164.50252,31,1674.511758
177.86478,91,1674.661489
168.39642,31,1674.741095
121.60899,44,1674.842191
169.57341,65,1674.882939
77.29242,83,1674.902019
187.01361,51,1674.926744
140.63998,39,1674.974553
152.29442,33,1675.118351
174.50482,37,1675.188623
168.73335,31,1675.379061
75.83372,82,1675.434068
133.72177,58,1675.477962
188.10675,31,1675.652822
132.16486,61,1675.734005
54.753197,250,1675.742731
98.58974,46,1675.859937
-223.32585,757,1675.925796
-375.94315,827,1676.049259
-527.64124,145,1676.200127
143.41716,38,1676.22141
151.12978,56,1676.279004
105.95377,66,1676.288865
175.51031,82,1676.518833
-396.74078,48,1676.665879
-398.81293,44,1676.714998
123.960106,34,1676.852234
178.34764,60,1676.861436
-855.6395,1600,1676.92821
181.12752,33,1676.994022
178.03317,30,1677.01434
97.616165,88,1677.083818
146.75049,51,1677.435765
8.2851095,208,1677.485538
-1115.1708,1366,1677.551965
-191.10175,741,1677.587173
57.934628,87,1677.728163
154.49599,34,1677.776468
90.66484,77,1677.845763
162.14986,37,1677.961859
-831.31177,578,1678.028127
-9.985021,333,1678.083225
152.5637,33,1678.166199
172.25139,33,1678.486709
84.77588,172,1678.549677
175.26697,55,1678.558069
67.9777,80,1678.558159
148.87578,63,1678.577549
163.80328,108,1678.617683
15.425755,269,1678.698788
73.55797,67,1678.742344
-196.55893,621,1678.757614
184.61641,34,1678.869246
123.79421,38,1678.923083
191.23163,49,1679.000652
-406.51404,55,1679.038587
123.242966,36,1679.055969
190.22696,41,1679.079894
1.3040663,182,1679.193417
182.30537,36,1679.215664
144.65451,68,1679.26266
77.29943,99,1679.33894
162.94896,34,1679.346784
161.44894,92,1679.386471
119.11792,33,1680.217704
177.64464,56,1680.267238
155.76167,38,1680.281842
145.45622,34,1680.295392
3.8688989,235,1680.56267
144.89255,48,1680.654252
-388.5791,51,1680.692569
80.19798,78,1680.716172
66.695694,75,1680.745053
170.72845,33,1680.961685
103.999626,63,1681.060397
76.41095,185,1681.217922
-305.10132,775,1681.254403
109.10551,70,1681.270126
31.707453,206,1681.270172
170.48927,56,1681.401348
-551.86633,205,1681.426316
146.30632,112,1681.633159
65.94566,76,1681.665824
154.79976,54,1681.690932
-96.86279,562,1681.700347
111.98507,88,1682.109987
119.40252,129,1682.26031
-4.8413057,262,1682.301809
122.97721,109,1682.497789
174.20792,45,1682.603111
127.2364,67,1682.625378
134.10707,120,1682.638659
77.480095,141,1682.79624
92.88913,174,1682.796288
-6.353708,332,1682.888077
27.109999,213,1682.964285
122.642265,80,1683.136516
33.538307,236,1683.152275
174.21104,57,1683.252751
-136.74768,397,1683.252799
81.67595,60,1683.282536
170.2346,31,1683.377125
180.7466,42,1683.586751
140.02704,127,1683.610652
126.739075,182,1683.729506
-488.96588,98,1683.915872
158.51701,51,1684.11868
-9.968137,201,1684.203032
-1447.6152,1406,1684.243911
152.29468,102,1684.392671
125.92658,117,1684.488698
-365.3188,26,1684.599813
-541.4231,299,1684.982796
161.4954,95,1684.982844
26.917334,210,1685.010867
1.930787,266,1685.045172
106.95801,147,1685.061769
-92.1635,281,1685.095795
176.05125,37,1685.52618
-49.028137,278,1685.763909
169.62288,124,1685.817337
119.85007,75,1686.07333
96.11474,85,1686.236371
30.89809,208,1686.354805
158.91068,59,1686.42871
156.7639,32,1686.437053
67.007065,80,1686.446006
118.13478,111,1686.455226
-351.816,999,1686.561744
-12.954103,247,1686.621118
149.89241,145,1686.711297
-275.24017,582,1686.848044
160.6959,34,1686.894475
170.58249,33,1687.034261
106.73499,64,1687.070232
116.122826,79,1687.206237
77.914375,82,1687.246217
-720.4663,759,1687.34691
75.040726,127,1687.498666
114.21425,89,1687.498732
165.69821,49,1687.519342
160.15543,71,1687.594007
157.21811,47,1687.661155
40.067608,131,1687.697065
126.8221,67,1687.727677
169.80736,35,1687.832136
148.80733,36,1687.860796
162.64603,61,1687.92602
129.15294,82,1688.033403
171.18422,57,1688.044213
141.24844,36,1688.044272
167.49837,39,1688.237753
93.34722,74,1688.37406
172.0503,35,1688.382383
148.6817,39,1688.4103
-17.196465,317,1688.410343
71.986946,72,1688.422549
-545.8191,168,1688.481259
-347.96445,48,1688.50885
61.888348,96,1688.518501
147.36525,63,1688.536644
164.3562,35,1688.734947
89.62604,105,1688.825723
141.55325,44,1688.925196
175.02534,36,1689.080501
-20.016907,334,1689.122951
106.04385,83,1689.167119
123.20357,33,1689.266545
69.70269,104,1689.403964
169.0641,31,1689.523647
141.25609,113,1689.587037
172.92531,66,1689.754538
-447.5501,165,1689.97378
109.74408,143,1690.102126
111.69453,117,1690.102175
134.24902,80,1690.193569
144.48566,52,1690.420167
16.152493,239,1690.517535
-130.53511,480,1690.758509
108.81983,95,1690.876453
88.28394,100,1690.920882
39.755875,215,1690.936594
95.73351,287,1690.992851
105.01485,66,1691.028914
146.16425,162,1691.067946
138.175,43,1691.103222
202.7813,27,1691.133404
126.47915,98,1691.345224
147.06386,38,1691.392135
151.5788,39,1691.467962
179.2166,32,1691.531049
-396.33426,47,1691.626954
116.12702,54,1691.745695
150.78787,56,1691.929955
175.02791,74,1691.961978
-500.6182,943,1692.023531
186.10843,53,1692.047506
-1066.886,1600,1692.066926
-1017.8972,789,1692.152043
184.4813,32,1692.214507
176.1679,34,1692.291813
172.03024,35,1692.326051
190.43016,35,1692.34167
101.69538,165,1692.373617
143.55324,42,1692.476155
-50.543934,343,1692.531128
122.57657,138,1692.618927
165.37885,40,1692.627038
168.88194,47,1692.655439
153.30003,51,1692.871155
-75.5035,314,1692.871202
201.02617,32,1692.903345
-36.86886,220,1693.139812
95.80473,111,1693.230149
-388.23193,59,1693.330612
101.20577,98,1693.39359
105.71497,110,1693.488214
133.23581,88,1693.566445
199.95784,57,1693.680217
81.27688,77,1693.750359
23.566507,257,1693.759872
-457.8249,56,1693.842726
156.21602,52,1693.973424
138.07788,38,1693.980828
172.47676,35,1694.029664
162.94124,102,1694.135923
148.90721,49,1694.143922
-414.40128,41,1694.159597
-230.27502,584,1694.244337
170.08047,39,1694.27675
111.59376,104,1694.299796
-73.18768,394,1694.307929
148.12651,41,1694.348961
-361.2503,26,1694.513919
-738.7734,748,1694.576921
123.49937,83,1694.640837
-315.49075,737,1694.649826
178.05025,40,1694.673876
-74.656975,320,1694.733297
130.56444,64,1694.798727
102.42431,89,1694.864919
150.29109,35,1694.930976
145.99702,52,1695.072604
186.61354,44,1695.091437
85.04764,103,1695.13883
-129.5774,345,1695.268564
138.20692,132,1695.329268
164.02812,65,1695.398215
138.45338,153,1695.408094
140.92848,41,1695.437087
143.61708,50,1695.575699
109.31508,79,1695.602344
59.725964,191,1695.723585
93.91316,146,1695.806041
158.51732,54,1695.857646
199.17247,29,1696.096506
91.71646,176,1696.143821
143.46182,42,1696.15234
76.31058,146,1698.03148
149.3641,133,1698.138835
167.34251,29,1698.371844
96.79217,182,1698.386091
-78.600426,215,1698.51716
-21.410192,295,1698.683214
-189.18042,615,1698.744303
63.764168,279,1698.823219
182.35674,60,1698.847531
-360.9108,30,1698.916819
-481.41202,372,1699.021684
79.34681,187,1699.094214
7.9275937,288,1699.225446
182.45522,67,1699.345645
107.56288,72,1699.568978
161.21179,78,1699.687184
110.586395,119,1699.826907
-89.80618,251,1699.95832
100.986275,87,1700.0043
188.15533,33,1700.088132
159.71326,52,1700.099166
166.34471,32,1700.217135
124.514786,37,1700.308926
82.95813,219,1700.44431
-63.35576,434,1700.607646
160.82268,54,1700.939246
149.45619,37,1700.974021
29.47253,311,1701.003395
-27.587955,345,1701.126711
-621.98724,969,1701.174764
120.135284,135,1701.239812
-242.0951,557,1701.56307
93.58597,106,1701.795226
129.4566,111,1701.893923
100.755844,83,1701.902092
136.83188,44,1702.242214
15.825433,424,1702.250159
-110.13532,378,1702.277584
27.206875,146,1702.294804
116.6559,67,1702.761792
124.56592,64,1702.78627
25.21523,317,1702.794154
22.746447,163,1703.465397
21.244661,371,1703.487793
147.9789,117,1703.552024
121.147766,64,1703.656049
142.11649,35,1703.829238
127.77111,34,1703.927421
-10.53499,307,1703.988475
108.22669,74,1704.063188
165.34354,48,1704.199525
-787.0201,438,1704.214746
179.30695,34,1704.249542
159.46465,38,1704.495924
192.02971,41,1704.825102
-155.74393,326,1704.852617
-142.13293,472,1705.083683
-399.41135,52,1705.254609
99.60063,58,1705.28357
175.03322,32,1705.343416
-39.27721,266,1705.562899
116.18209,244,1706.103663
-76.71682,519,1706.160892
-647.8852,430,1706.183564
-149.74542,789,1706.502393
42.105164,267,1706.675674
157.3896,44,1706.69902
164.40237,49,1706.765779
131.11563,68,1706.874306
190.3099,33,1706.987729
119.85161,55,1707.062589
-135.74042,446,1707.080474
117.56623,50,1707.357473
131.25504,63,1707.367133
155.59764,67,1707.704312
22.944332,213,1707.731913
141.67844,81,1707.760448
73.10972,114,1707.77927
192.06223,49,1707.829135
-91.887436,284,1708.056573
-2384.289,1600,1708.083777
167.04457,39,1708.103953
163.76195,30,1708.116074
169.50983,42,1708.163893
107.306465,65,1708.322228
191.54132,30,1708.369453
69.9672,151,1708.516494
119.14018,74,1708.746789
-931.32635,630,1708.809119
135.07722,77,1708.818205
108.48622,79,1711.326715
151.96268,57,1711.531589
171.23537,34,1711.547506
-388.22336,42,1711.670429
115.88505,43,1711.714486
75.69641,75,1711.991665
165.22122,72,1712.234708
87.92547,78,1712.267178
120.619125,58,1712.292212
-92.34569,613,1712.387969
-68.89454,97,1712.663004
183.16833,42,1712.755791
187.8385,44,1712.755881
148.68378,33,1712.776746
-51.961147,333,1713.077087
168.71649,42,1713.105363
-1574.8392,1467,1713.18218
-1731.076,1490,1713.336118
-45.972893,585,1713.461332
169.3236,52,1713.543127
105.90075,89,1713.566809
155.31665,138,1713.574621
178.31406,31,1713.582684
30.793087,173,1713.680823
184.8895,29,1713.868914
156.03825,34,1713.879098
211.00603,23,1713.92763
182.9541,29,1714.177329
-462.62634,81,1714.36097
-108.04414,678,1714.41168
133.4043,89,1714.450459
56.3421,155,1714.501057
-59.305943,394,1714.610415
-354.27875,33,1714.789295
-145.82852,490,1714.97328
153.33644,38,1715.116044
125.759056,105,1715.136691
136.17207,72,1715.174152
154.42654,33,1715.245274
-214.91782,492,1715.320463
108.86685,36,1715.466518
156.46962,53,1715.698222
182.00319,32,1715.762547
147.0577,81,1715.846899
192.40039,28,1716.022779
-57.660057,321,1716.175543
190.86143,33,1716.203313
86.42032,203,1716.262219
51.61163,207,1716.589394
-72.616356,450,1717.032106
178.7467,91,1717.11205
-62.574654,350,1717.283303
21.952328,174,1718.562184
83.11064,70,1718.82341
99.47081,168,1718.947529
168.17142,51,1719.040841
145.83736,81,1719.091189
162.8683,151,1719.101206
157.41077,39,1719.331042
165.46254,34,1719.375488
163.30336,41,1719.498564
-225.18109,621,1719.700294
116.513016,68,1719.709366
-122.37464,494,1720.08268
112.04395,65,1720.225498
143.72414,103,1720.225541
30.277517,240,1720.241043
156.87524,35,1720.359373
154.5082,111,1720.393725
-3680.1565,1405,1720.513864
158.41183,57,1720.699636
-270.23022,680,1720.792271
134.65984,97,1721.023453
166.0365,63,1721.031418
137.71233,55,1721.132732
25.311968,274,1721.15022
145.11143,45,1721.385078
117.74521,65,1721.660783
-1579.6766,1082,1721.81388
83.6297,194,1722.010941
-21.653433,287,1722.085857
-1016.1572,651,1722.211278
136.15765,46,1722.22674
137.4825,34,1722.36855
50.870865,163,1722.403247
126.6922,86,1722.422856
-193.05667,729,1722.654185
97.31605,231,1722.705591
150.62306,72,1722.949123
-96.66676,450,1723.053773
154.543,113,1723.127645
164.18555,90,1723.145056
190.18286,43,1723.306097
44.90811,177,1723.476913
165.9509,58,1723.638603
-949.7221,754,1723.653402
127.37037,203,1725.484679
-398.87476,148,1725.52265
77.13566,162,1725.582063
92.503525,113,1725.673416
198.3178,27,1725.919492
-26.571182,378,1725.930566
117.18104,101,1725.939188
41.767334,253,1726.165284
78.40845,106,1726.206181
121.74894,37,1726.355877
77.630516,60,1726.656079
157.18199,69,1726.736499
162.51767,49,1726.765889
-476.31833,160,1727.141801
167.60016,84,1727.483967
169.62225,33,1727.785901
36.16855,115,1727.892011
-1.9645337,318,1728.00801
182.55168,35,1728.330837
117.816246,62,1728.374856
70.74418,241,1728.628356
159.73714,80,1728.628398
68.32407,201,1728.652619
188.46759,58,1728.906367
151.76985,38,1728.970837
180.5382,82,1729.061702
-82.259026,365,1729.174273
12.3564825,294,1729.226571
-616.3509,1151,1729.263684
183.775,68,1729.283395
175.9307,41,1729.293329
-57.855602,405,1729.487369
148.15195,60,1729.533667
-775.40216,447,1729.570811
127.82522,43,1729.6494
176.7013,52,1729.784024
178.38342,30,1729.844809
83.97496,62,1729.875076
185.94725,43,1729.932865
92.32171,68,1730.196149
156.07005,50,1730.262876
100.04366,119,1730.284895
30.549131,154,1730.515689
176.86118,48,1730.773926
112.854965,100,1730.848848
-404.76334,655,1730.862818
64.70738,77,1730.920132
190.88431,31,1731.115657
-1921.0083,1600,1731.15577
136.59659,51,1731.205416
184.34656,30,1733.032748
79.09983,63,1733.109827
-557.22626,1084,1733.385301
105.951935,62,1733.537681
173.45493,36,1733.668672
-49.52257,296,1733.879968
-30.004745,340,1733.942796
92.90502,54,1733.973378
-18.302723,300,1734.024687
194.03438,45,1734.238225
176.11938,28,1734.247343
113.23376,75,1734.272237
45.764236,306,1734.505356
162.91806,59,1734.726547
-33.893963,280,1734.762326
2.0817015,320,1734.813421
58.465878,112,1734.851777
-370.14624,47,1734.876158
60.910515,85,1734.9196
159.04106,35,1735.054462
-918.9017,1313,1735.093789
-831.3018,743,1735.33823
109.36822,62,1735.380657
43.96058,87,1735.436599
180.72914,48,1735.436646
46.416977,194,1735.483267
-154.05844,345,1735.584046
-169.22757,628,1735.655588
155.04991,38,1735.678971
137.23384,35,1735.712751
165.80669,35,1735.765963
-346.37863,48,1735.820768
178.08693,30,1735.903672
-84.16444,539,1736.004102
215.27307,21,1736.087334
71.12402,161,1736.133605
143.7683,58,1736.240768
105.87366,136,1736.240811
77.17265,164,1736.298418
191.38968,28,1736.398799
191.51651,43,1736.492432
183.78326,33,1736.714332
182.55226,27,1736.970452
-598.66064,148,1737.036734
-22.209566,253,1737.058452
99.98547,66,1737.12241
9.841487,351,1737.250552
119.53255,133,1737.479441
128.3736,48,1737.513361
34.728413,190,1737.533654
126.20579,50,1737.601794
-935.0223,572,1737.730361
157.00337,79,1737.730409
119.24583,67,1737.889369
177.28584,50,1737.966883
183.05304,48,1737.998921
78.62766,193,1738.065221
137.55667,35,1738.065305
163.13266,58,1738.075377
-8.005402,218,1738.086203
-145.16104,316,1738.238321
144.75777,53,1738.238369
-34.144043,126,1738.248242
145.65564,36,1738.682148
56.950577,87,1738.705112
157.96782,50,1738.808301
96.109566,67,1738.902116
187.09317,32,1738.983191
105.76915,51,1738.992107
66.58103,84,1739.029581
183.51094,29,1739.080026
142.92923,44,1739.114721
-1178.5792,1600,1739.254078
193.23212,33,1739.411774
6.809703,116,1739.57551
-367.51218,67,1739.677321
125.57476,89,1739.704897
178.88048,35,1739.970521
187.68747,52,1739.989928
168.24883,93,1740.034547
170.00949,131,1740.109692
84.20227,191,1740.182321
28.030724,237,1740.266307
151.30069,79,1740.312625
143.69736,58,1740.504764
144.09879,72,1740.57455
138.08757,59,1740.600609
-224.17542,452,1740.657476
34.286568,226,1740.927677
121.189186,112,1741.092257
74.201256,73,1741.101355
159.54398,77,1741.268785
153.80196,46,1741.459389
145.49721,57,1741.553363
-26.480064,199,1741.590026
97.11976,127,1741.614414
-606.5551,410,1741.802105
59.73914,191,1741.802153
167.28806,46,1741.826385
143.26804,143,1742.049778
181.7942,33,1742.049837
148.258,73,1742.122631
108.26677,202,1742.192963
144.88055,35,1742.335922
33.582092,256,1742.357712
126.66849,99,1742.365806
162.92006,84,1742.49173
130.63443,47,1742.507351
109.24191,164,1742.565897
128.71764,59,1742.668916
-358.27115,83,1742.735738
-94.51395,424,1742.833458
171.29843,61,1742.857043
-549.65356,787,1742.906339
142.48,74,1742.955238
160.45963,35,1743.002268
193.334,38,1743.218924
186.51299,45,1743.228612
164.86731,34,1743.279078
-162.84328,528,1743.302238
30.010147,202,1743.410979
156.76402,124,1743.468941
189.08926,35,1743.478163
184.5432,32,1743.520171
-479.36163,76,1743.549062
77.131775,59,1744.667082
-1065.6748,1267,1744.935971
49.03729,308,1744.959576
75.87002,64,1745.149547
-360.11682,49,1745.328943
36.303013,283,1745.468929
57.70589,142,1745.534638
133.82468,95,1745.660925
158.76418,70,1745.704881
191.64828,33,1745.785094
11.5477,182,1745.799471
154.25652,71,1745.880866
145.07271,42,1745.998344
121.693634,50,1746.109559
149.38518,38,1746.212111
170.41388,43,1746.446188
46.21196,111,1746.456928
179.89043,71,1746.469233
102.83891,70,1746.480569
40.46852,340,1746.547918
169.18506,28,1746.54803
127.599525,252,1746.582774
-91.53369,273,1746.714952
127.89608,50,1747.106649
164.25069,48,1747.115792
100.31756,55,1747.156866
-446.96964,95,1747.165931
150.36751,84,1747.350431
142.99326,70,1747.44216
168.45438,36,1747.508713
-1186.5391,466,1747.528657
9.106656,115,1747.662058
182.85611,33,1747.672622
-424.1336,66,1747.753111
173.01373,70,1747.803487
171.0512,34,1748.006768
-114.33467,519,1748.161353
181.56084,66,1748.174547
119.29111,47,1748.21374
-192.05441,434,1748.238947
198.00423,27,1748.270215
-585.3802,462,1748.282582
161.32141,74,1748.393174
178.77524,70,1748.493725
162.42288,30,1748.580122
131.81297,48,1748.71366
109.19773,44,1748.737243
73.51361,57,1748.86626
192.57217,29,1748.930105
103.55315,146,1748.940723
55.82644,76,1748.999571
-363.5684,48,1749.040864
197.30267,31,1749.095432
123.63746,39,1749.170729
195.08063,29,1749.325728
128.83069,51,1749.518652
193.13266,35,1749.57923
187.5408,25,1749.634587
89.5762,72,1749.778403
143.5693,67,1749.858807
168.4609,32,1749.953212
-361.08942,83,1749.964715
-205.86908,704,1749.977278
155.75871,35,1750.136798
70.83555,61,1750.175335
167.14139,36,1750.505481
-439.8836,54,1750.548187
157.64183,94,1750.572836
-526.6766,292,1750.620908
-443.60263,68,1750.706926
70.38447,62,1752.003596
190.96179,32,1752.091844
161.028,35,1752.165423
-46.572292,371,1752.256171
166.69812,62,1752.3403
62.77414,61,1752.375325
169.17804,30,1752.488412
-1432.6523,1600,1752.540066
0.15761991,305,1752.641171
83.51621,61,1752.652012
121.795006,50,1752.884318
-52.8043,304,1752.884387
66.12295,69,1752.991579
195.94145,26,1753.12299
126.00673,63,1753.241637
58.21779,120,1753.291071
168.97276,49,1753.322627
129.47585,63,1753.537914
134.78333,51,1753.563899
165.62215,46,1753.71585
196.93163,37,1753.863753
94.15029,80,1753.94256
77.69625,52,1754.141111
169.33278,37,1754.177418
34.23447,246,1754.212728
161.8928,39,1754.327658
117.22383,114,1754.367909
-517.9123,202,1754.577883
57.05504,110,1754.655137
162.07658,42,1754.691671
2.5996454,453,1754.703839
-74.07125,358,1754.743085
141.0874,36,1754.768406
187.79106,53,1754.779935
143.0013,35,1754.975631
157.3518,34,1755.059093
179.60905,34,1755.133007
-1464.7347,1600,1755.187144
99.040665,53,1755.262505
100.804405,58,1755.274161
-1050.6915,739,1755.296504
61.461372,62,1755.395072
174.0539,30,1755.450136
193.40233,53,1755.543109
149.50156,35,1755.643188
155.73846,33,1755.643232
40.41116,328,1755.737743
155.85474,52,1755.78064
105.069756,138,1755.827193
181.78459,28,1755.89154
189.39569,27,1756.085728
-396.54495,46,1756.119711
141.02998,77,1756.202023
187.67725,26,1756.214624
145.13828,39,1756.284585
123.09881,52,1756.315355
181.37245,29,1756.623016
113.53192,44,1756.680016
186.59137,46,1756.77483
74.564125,88,1757.134905
124.000374,37,1757.25224
-486.7232,228,1757.266375
98.00951,65,1757.430234
169.69023,54,1757.698026
140.81067,52,1757.76884
149.82758,50,1757.87035
172.67154,85,1758.037119
112.42728,40,1758.037172
124.998886,39,1758.097017
-524.3776,219,1759.320071
-404.54584,39,1759.357534
177.40132,40,1759.36614
12.587734,314,1759.391261
-76.22994,295,1759.436561
-56.201195,246,1759.620972
168.13354,44,1759.681635
163.24828,36,1759.689973
181.06958,50,1759.85147
187.34038,33,1759.894945
147.51166,33,1759.953792
147.38277,78,1760.010293
139.12602,83,1760.040474
79.288216,267,1760.179537
185.88065,29,1760.265922
203.63412,26,1760.273398
123.000725,55,1760.429057
156.83386,38,1760.592096
-528.8341,1203,1760.747091
54.205017,113,1760.859573
164.85243,33,1760.866762
113.57712,82,1760.967077
43.408657,176,1761.165177
-447.44662,119,1761.173771
-432.48236,961,1761.356604
40.19815,311,1761.451324
-392.77713,45,1761.538491
-43.35796,215,1761.636308
43.846825,127,1761.792531
-1127.7778,618,1761.826707
46.684563,140,1762.019036
188.13834,32,1762.084819
-53.607464,361,1762.101021
197.23724,27,1762.223036
88.931595,175,1762.299311
185.58179,30,1762.323626
166.1483,30,1762.453888
112.19828,85,1762.46813
105.67601,51,1762.49353
-382.66522,48,1762.68191
159.66336,33,1762.717967
66.30298,227,1762.776127
33.732647,233,1763.023747
77.32327,190,1763.031569
146.01753,45,1763.116338
180.0148,33,1763.276876
98.611534,81,1763.3456
-275.89746,367,1763.369206
186.257,46,1763.486701
172.17316,35,1763.558787
133.13885,78,1763.644291
165.30019,30,1763.874307
-510.5199,189,1763.949786
177.58788,45,1764.968551
123.55143,135,1765.067155
-74.048065,392,1765.195853
95.98308,84,1765.1959
146.44994,59,1765.43231
-244.2423,439,1765.482645
-68.27904,305,1765.490782
155.6591,69,1765.604274
75.67627,67,1765.713452
189.3289,39,1765.728857
155.38255,35,1765.745092
192.41202,28,1765.8143
176.9233,28,1766.03392
171.90047,52,1766.119696
157.03642,60,1766.203601
177.07303,75,1766.334606
104.70678,42,1766.362425
100.080284,162,1766.471334
153.11296,45,1766.487862
-217.65811,535,1766.505177
179.99185,42,1766.5463
-497.50336,1445,1767.074087
-19.367716,464,1767.107917
-33.34521,398,1767.481009
67.53367,99,1767.49031
23.112251,103,1767.51578
81.26948,136,1767.698261
-1631.0989,1329,1767.741819
177.95187,42,1767.899725
-393.20007,55,1768.028385
117.9091,102,1768.100283
100.09106,85,1768.33455
168.95558,33,1768.426368
-841.2594,1600,1768.450399
-454.63513,212,1768.561593
-520.25494,228,1768.561661
150.66171,34,1768.677674
183.37126,30,1768.747491
137.35994,42,1768.848572
167.57721,31,1768.975058
194.44843,31,1769.044549
62.853634,113,1769.133385
-172.11989,405,1769.222651
188.58485,30,1769.26868
109.248795,170,1769.36081
163.87585,90,1769.432583
159.26851,53,1769.552647
87.5526,205,1769.721525
104.78528,63,1769.733324
78.62825,276,1769.762233
72.34753,57,1769.809609
-96.41793,337,1769.846288
183.07411,40,1769.932335
165.22522,34,1770.043519
198.53749,31,1770.083337
155.98505,49,1770.15375
-1016.48737,674,1770.197637
175.35387,43,1770.226519
132.4057,96,1770.234951
184.1494,28,1770.327288
103.20116,72,1770.389387
177.9539,31,1770.475716
184.15646,30,1770.475765
-400.13074,46,1770.545238
172.78233,30,1770.909427
112.950165,41,1770.935378
-542.703,195,1771.044018
74.35923,242,1771.106242
105.33831,117,1771.121793
55.984177,210,1771.326144
-949.4789,1600,1771.364503
176.4504,50,1771.425835
113.54066,119,1771.531806
178.85403,31,1771.565934
160.75815,68,1771.648623
189.81888,38,1771.963696
81.85517,185,1771.986852
141.89539,45,1772.315026
192.95612,45,1772.34299
36.36208,120,1772.545189
159.591,39,1772.638456
172.59908,30,1772.794722
20.45248,244,1772.880476
-27.881454,382,1773.461945
111.33097,82,1773.509563
45.98348,245,1773.590317
-50.29296,275,1773.655406
147.15709,41,1773.822145
138.49248,36,1773.961272
-39.03986,363,1774.119587
-99.85563,449,1774.15734
114.53258,70,1774.196576
165.71759,41,1774.310757
166.89142,37,1774.423534
-515.1105,212,1774.454202
88.62622,62,1774.660133
137.73596,45,1774.680998
149.5894,68,1774.743272
69.26953,218,1774.750952
135.7941,115,1774.766354
192.27962,28,1774.883575
21.196232,172,1774.946728
135.9786,75,1775.03585
177.36201,51,1775.090468
184.78403,46,1775.120502
85.029015,49,1775.138501
117.1836,46,1775.257557
154.02844,59,1775.413756
-356.61157,50,1775.514959
163.90506,35,1775.531831
81.32047,68,1775.578378
90.607315,143,1775.610847
143.10631,34,1775.842745
-634.886,421,1776.287539
150.57008,40,1776.346472
206.11136,24,1776.45436
104.73253,118,1776.528005
-435.55246,85,1776.90813
53.033672,214,1777.19213
-549.9067,615,1777.202857
72.23646,67,1777.257492
-403.85068,62,1777.272027
-1754.8812,1600,1777.327519
173.78938,42,1777.426851
-372.88757,28,1777.555079
22.975737,199,1777.575256
185.52391,30,1777.734582
163.38913,50,1777.819484
-257.02792,852,1777.932352
-27.522123,198,1778.050608
77.112495,223,1778.146849
146.70538,167,1778.185064
107.42876,67,1778.204114
157.38704,37,1778.405407
123.00168,78,1778.49026
200.8388,36,1778.525834
133.62167,130,1778.572467
98.94478,69,1778.592787
61.167034,116,1778.689623
-1856.5165,1600,1778.719801
146.57312,144,1778.756739
-365.9123,47,1778.848518
172.45976,73,1778.89852
81.665924,173,1778.937147
128.51854,38,1778.95445
197.54028,26,1778.96501
150.504,39,1779.062909
138.52307,56,1779.062955
182.9588,33,1779.073249
189.23933,35,1779.273765
160.92569,90,1779.443228
144.44493,35,1779.616654
96.75593,80,1779.673041
138.03702,65,1779.693137
105.54907,70,1779.741786
154.7812,43,1779.851905
138.19879,83,1779.871076
178.16353,48,1780.070686
171.42616,43,1780.07988
-395.27188,38,1780.09992
198.72765,32,1780.174726
188.98254,31,1780.191699
98.74942,153,1780.472661
-3.4037313,167,1780.489164
157.55423,80,1780.489226
155.76492,61,1780.703027
-95.06251,278,1780.846927
187.58884,49,1780.951556
130.85945,81,1780.979455
172.70471,54,1781.016802
29.918844,329,1781.016849
-1759.1113,1069,1781.041591
156.32475,38,1781.05776
-1787.1033,1319,1781.074995
101.42704,103,1781.09916
-15.978756,275,1781.152839
117.08862,57,1781.346438
109.91519,61,1781.480783
142.5996,58,1781.528827
113.38798,78,1781.590572
174.57222,52,1781.744894
-314.81555,341,1782.0477
107.17674,76,1782.164692
82.9196,85,1782.172878
80.50915,102,1782.676067
51.078014,154,1782.695142
176.99672,31,1782.703768
-977.34674,1545,1782.7312
26.569096,184,1782.922014
188.57098,40,1782.922064
187.16197,26,1783.137142
124.453575,51,1783.137184
165.39189,55,1783.158026
48.394913,222,1783.283633
105.61097,68,1783.290991
69.85271,294,1783.342106
110.314476,42,1783.488355
181.76782,27,1783.503077
-33.08795,264,1783.533006
204.84473,35,1783.559427
-139.4264,353,1783.577582
-419.6865,68,1783.67254
83.24057,124,1783.689866
157.32962,36,1783.778511
160.73798,35,1783.854765
-626.93475,413,1783.993451
117.66843,137,1784.006413
167.70726,76,1784.097326
171.36191,51,1784.167637
164.87263,38,1784.308179
109.87501,79,1784.308232
143.65982,110,1784.425038
19.765818,231,1784.441299
-402.07657,58,1784.566954
86.874435,140,1784.641546
93.22671,124,1784.648288
-34.40649,414,1784.722765
118.721504,70,1784.731805
142.25764,58,1784.772095
108.55107,61,1784.930383
190.04951,28,1784.952913
138.11702,49,1785.04062
156.98152,58,1785.098731
61.68161,96,1785.190578
11.043117,260,1785.190626
184.00253,41,1785.255759
149.81596,54,1785.385666
-5.7138658,196,1785.40995
133.4953,34,1785.466248
197.4579,25,1785.587364
164.39629,62,1785.607208
133.78952,72,1785.625376
114.05431,62,1785.698343
172.83601,41,1785.803456
194.94154,27,1785.912788
34.774757,331,1785.985147
108.3264,91,1785.992928
160.79404,49,1786.002146
114.2111,185,1786.053279
-34.418797,235,1786.184891
202.65683,36,1786.191519
183.69528,33,1786.251242
156.01714,62,1786.278307
119.68419,44,1786.325187
-234.58807,605,1786.364985
113.52976,56,1786.475993
139.65446,70,1786.523348
185.12683,43,1786.590011
175.91003,68,1786.743318
142.7947,59,1786.771576
-28.321991,256,1786.781723
132.26772,145,1786.790901
160.07248,172,1786.799937
125.228775,76,1786.810068
193.39244,26,1786.839828
155.85504,48,1786.920776
120.62859,69,1786.935778
136.27603,69,1787.205651
-69.028854,390,1787.228204
162.54802,47,1787.300608
141.77957,51,1787.326718
187.41013,29,1787.546524
149.46968,79,1787.613178
193.20485,26,1787.624014
130.84317,63,1787.644398
124.74078,37,1787.724436
208.45909,26,1787.826458
193.98325,54,1787.836729
132.3833,99,1788.916854
149.65405,113,1788.980534
125.37216,42,1788.980596
7.121018,272,1789.038609
13.961422,379,1789.085011
142.81114,44,1789.188321
84.988434,68,1789.238072
186.70929,31,1789.302715
160.14255,72,1789.315046
156.94868,42,1789.429575
61.961266,171,1789.555021
126.40329,60,1789.566292
-365.4691,47,1789.61501
170.1954,73,1789.917913
125.844284,63,1790.051551
95.89635,55,1790.176816
165.02066,50,1790.25701
103.17936,62,1790.477134
197.41852,32,1790.477184
114.16206,56,1790.653852
-44.713474,253,1790.686244
82.06211,86,1790.709649
181.00206,42,1790.766837
100.626114,56,1790.859084
177.2369,35,1790.882925
185.01477,28,1791.030771
149.27736,43,1791.265203
58.7178,65,1791.448817
151.286,66,1791.633301
140.82011,46,1791.933862
195.90193,48,1792.096087
17.714506,307,1792.169979
42.593422,158,1792.21833
-166.38095,406,1792.325798
178.42145,54,1792.452861
24.486988,277,1792.511166
53.54758,276,1792.511225
48.250885,293,1792.578785
185.64236,49,1792.600402
20.1205,199,1792.802538
192.21176,27,1792.893706
136.38416,38,1792.893756
101.1257,51,1792.893764
-1964.2108,1600,1792.973001
158.63347,40,1792.973045
194.31807,30,1793.153845
150.88345,57,1793.163592
-27.537754,225,1793.350225
23.898788,213,1793.357718
141.97066,52,1793.489532
153.29752,78,1793.504116
142.32686,54,1793.520463
93.17142,130,1793.654939
174.39493,68,1793.713561
188.7974,39,1793.830654
155.44768,69,1793.969721
162.47353,88,1793.985032
166.96472,46,1794.010832
144.48074,51,1794.183542
84.6915,66,1794.191128
150.98871,34,1794.289871
-391.00543,497,1794.307267
190.5942,42,1794.315239
79.55501,72,1794.315284
107.49084,88,1794.366369
179.93556,33,1794.455986
167.26074,72,1794.574059
161.25912,40,1794.617998
194.111,44,1794.679804
122.482285,50,1794.733763
165.0368,67,1794.748482
163.26015,37,1794.764729
173.16927,32,1794.912504
207.30063,38,1794.929326
201.9639,27,1794.940041
117.19581,76,1795.068826
141.69432,51,1795.25404
150.48573,49,1795.511981
-392.02637,133,1795.523589
136.68648,68,1795.59091
-357.83713,28,1796.056879
127.81103,109,1796.079723
191.36156,39,1796.183253
-494.57224,114,1796.294726
-3.427935,340,1796.556683
195.55841,32,1796.590333
166.12459,34,1796.880706
185.61386,33,1796.915359
71.1301,80,1796.937081
120.7659,188,1797.001702
41.17259,121,1797.297635
-179.34837,343,1797.341419
31.46267,160,1797.462284
175.1966,27,1797.550057
58.929977,84,1797.802153
163.05122,100,1798.002512
142.33073,42,1798.262158
-342.25125,660,1798.2622
115.211365,77,1798.404858
92.927345,103,1798.573776
135.58147,66,1798.713138
203.29805,25,1798.832071
-1146.0167,1600,1798.842972
-15.422795,279,1798.920959
-1447.4587,645,1798.994388
-500.38275,349,1799.062941
41.19919,203,1799.063013
-405.55334,83,1799.211031
82.07491,101,1799.241538
-1017.7876,589,1799.27554
171.10187,32,1799.290763
118.04107,59,1799.344514
157.87091,34,1799.360298
188.96301,36,1799.377048
131.00513,57,1799.418133
135.0244,124,1799.427093
137.89369,83,1799.569906
173.17377,42,1799.569978
162.90701,42,1799.6647
158.71513,32,1799.754464
179.936,31,1799.754585
155.37119,60,1799.829168
108.63232,60,1799.989403
-448.6071,60,1800.217721
158.43242,41,1800.242101
192.88326,63,1800.306649
80.391655,111,1800.385129
-358.885,28,1800.490808
205.5426,33,1800.559038
116.62067,118,1800.568267
190.35483,28,1800.58721
132.2041,85,1800.607008
41.959248,81,1800.777572
175.3475,41,1800.797871
184.1446,43,1800.901463
204.89728,35,1800.901505
-195.57399,359,1800.932836
-293.09805,395,1801.007372
136.93704,45,1801.063673
170.63063,33,1801.125594
184.94684,30,1801.220393
145.36566,42,1801.23219
181.26622,32,1801.279383
192.603,28,1801.363625
-46.343357,273,1801.394352
189.9052,46,1801.496016
176.35811,71,1801.629495
-802.9371,668,1801.680529
125.44217,61,1801.739219
189.26868,29,1801.775697
152.02567,54,1801.775745
133.37268,63,1801.840999
76.7704,133,1801.910094
136.35312,56,1801.920534
187.23824,28,1802.011366
143.84705,47,1802.057684
128.65274,36,1802.082536
-28.079067,156,1802.092713
199.25302,42,1802.103818
44.695957,84,1803.73223
190.17598,26,1803.906166
56.598858,68,1804.011868
137.14838,61,1804.020072
159.42072,69,1804.273938
132.36385,74,1804.349692
173.38861,61,1804.527633
72.77098,139,1804.671473
128.19856,79,1804.921901
-198.79416,417,1805.044841
-288.43478,458,1805.195941
108.1206,112,1805.301217
-2830.101,1600,1805.32388
166.17775,49,1805.381567
-77.15424,290,1805.440169
-456.0733,85,1805.452811
25.288471,254,1805.498261
37.045616,217,1805.548407
85.18054,63,1805.810457
128.3693,52,1805.969566
155.04388,48,1805.981325
109.662865,71,1806.010018
150.17404,52,1806.252868
56.312588,206,1806.346955
64.776924,138,1806.517236
-52.284817,309,1806.566443
-478.03812,78,1806.592981
181.61426,35,1806.629098
88.56723,150,1806.742169
100.2532,96,1806.788251
208.60396,28,1806.882612
171.63359,52,1807.116243
156.6115,36,1807.189057
202.38893,27,1807.528926
133.26631,92,1807.543983
162.39383,36,1807.566932
156.13742,43,1808.065077
190.36588,44,1808.106405
113.95009,102,1808.117824
145.51457,34,1808.490076
137.2091,88,1808.585844
112.54619,44,1808.614794
24.590267,367,1808.812171
114.03677,60,1809.111136
145.49893,79,1809.470072
-87.082695,391,1809.479792
-19.514784,300,1809.548916
187.01994,51,1809.761106
148.24904,82,1809.785461
-89.48894,373,1811.193513
71.33642,70,1811.394428
179.23161,32,1811.538999
133.36359,63,1811.620573
152.12856,87,1811.634273
92.822525,165,1811.645351
195.42471,30,1811.77786
63.76776,109,1811.951896
170.26399,40,1812.009644
-798.50635,722,1812.054832
162.90639,42,1812.117944
170.68576,47,1812.170894
137.51668,47,1812.195722
-759.69165,975,1812.352659
-713.96643,740,1812.363855
-1748.3015,1600,1812.39217
193.57971,27,1812.440935
170.58954,37,1812.499009
180.30357,50,1812.539364
-527.31805,412,1812.63185
132.45128,58,1812.650795
156.86108,36,1812.720783
110.72641,58,1812.767618
146.39333,37,1812.835891
157.5972,50,1812.910897
141.242,32,1812.946828
136.45256,55,1813.132946
154.3423,33,1813.132996
127.80507,49,1813.173965
-251.68184,785,1813.174053
156.12878,36,1813.277029
123.81208,122,1813.369398
131.49048,31,1813.444731
102.09802,83,1813.510712
167.78006,81,1813.613934
137.7844,68,1813.700434
-397.1476,44,1813.716534
130.42804,76,1813.768463
180.0911,34,1813.884355
156.48341,84,1813.951557
162.64398,43,1814.037959
46.725407,270,1814.262205
119.781075,75,1814.661035
-467.68927,257,1814.703765
102.798584,158,1814.787401
131.92688,132,1814.958713
155.56961,37,1815.002744
119.86437,139,1815.081408
-17.849516,470,1815.287445
18.856705,191,1815.324365
100.66051,265,1815.340427
170.73538,47,1815.395549
204.98622,37,1815.632954
81.700134,85,1815.658123
164.98375,37,1815.696781
8.155817,243,1815.703725
154.17824,50,1815.750632
145.71713,33,1815.896791
139.10994,104,1815.936135
153.11343,43,1816.037516
-432.47797,728,1816.1647
207.49242,42,1816.269711
50.604954,75,1816.302393
77.67446,62,1816.383788
165.70296,33,1816.417442
86.63283,231,1816.528237
71.3664,65,1816.548641
80.71558,287,1816.588378
93.70472,111,1816.628184
105.771385,177,1818.294577
13.580092,252,1818.418725
195.81311,27,1818.455406
56.234528,86,1818.615496
98.19276,76,1818.626773
105.01277,78,1818.691748
150.82909,86,1818.886879
106.92823,85,1818.906954
152.62602,46,1819.050267
146.48987,71,1819.086292
178.13757,44,1819.105756
125.66756,143,1819.116729
-746.1829,512,1819.302843
84.40933,97,1819.367957
118.23656,46,1819.54138
-1184.9849,1057,1819.606691
186.31238,33,1819.616994
25.198313,90,1819.738721
123.470764,119,1819.747428
173.9508,35,1819.873976
145.29297,38,1819.991205
149.1974,41,1820.145399
113.94154,109,1820.165859
118.75781,86,1820.204682
137.88982,34,1820.320076
63.280407,86,1820.442706
-20.390345,265,1820.667523
102.0107,65,1820.758065
165.6184,44,1820.828503
148.15392,74,1820.871001
99.29646,198,1820.90986
210.1646,25,1821.091734
-77.87973,459,1821.312429
166.60442,43,1821.451318
-438.8554,65,1821.459958
41.819977,291,1821.575161
79.96447,200,1821.676098
-115.29214,369,1821.690758
41.31177,171,1821.817414
143.72446,42,1821.828144
162.77412,36,1821.896004
96.24236,138,1821.953332
148.72693,38,1821.999702
141.93076,63,1822.008143
139.78723,41,1822.046949
189.00232,27,1822.046996
190.3098,28,1822.274956
11.552655,313,1822.491797
127.8345,62,1822.49184
-357.08188,31,1822.508247
104.058624,107,1822.73579
170.4168,37,1822.774227
146.22226,39,1822.812413
144.28566,103,1822.823276
131.43362,61,1822.966594
184.46495,32,1822.989272
165.06999,33,1823.069102
-1970.4559,1600,1823.092192
-118.22519,471,1823.176347
149.07268,52,1823.387207
83.26684,60,1823.42759
58.88348,191,1823.443027
180.92067,32,1823.649518
34.031,111,1823.95614
130.4223,79,1823.980427
146.55263,34,1823.987041
94.691475,248,1824.04746
149.10849,37,1824.274596
-31.733545,337,1824.295102
-377.91565,47,1824.345281
136.8901,59,1824.415524
116.60644,94,1824.439392
133.84682,37,1824.590976
-4.370582,300,1824.669999
150.19559,35,1824.723847
135.14577,39,1824.903292
155.07988,41,1825.007504
76.63597,247,1825.007548
-448.184,73,1825.014215
98.39185,92,1825.095243
165.00931,35,1825.3002
145.77864,38,1825.326683
176.212,43,1825.376606
8.015958,183,1825.401725
132.47261,38,1825.420703
8.568985,277,1825.573827
99.84003,193,1825.63251
164.76045,39,1825.709314
-1232.8358,1357,1825.718782
118.15134,41,1825.752064
144.65715,55,1825.768469
193.88905,29,1825.875294
149.84642,56,1826.030633
-94.61912,320,1826.042266
116.95256,64,1826.221109
8.891473,203,1826.389383
117.58631,139,1826.453608
140.23323,54,1826.461695
157.2954,88,1826.565983
110.17687,94,1826.760779
70.023155,153,1826.920402
73.54627,61,1826.928836
5.730202,279,1827.163029
192.52089,35,1827.221058
120.70224,39,1827.250271
152.71687,68,1827.331146
-809.6809,796,1827.679433
132.11029,39,1827.693946
10.532422,160,1827.920808
-2086.4639,1600,1827.937733
104.07389,70,1828.005722
150.0414,53,1828.016796
199.57608,28,1828.06076
202.11665,35,1828.108752
161.6059,38,1828.249899
171.87444,34,1828.280273
183.92505,33,1828.325225
-9.324271,305,1828.495849
138.76433,56,1828.584049
170.56335,41,1828.642721
175.79855,52,1828.707138
150.95729,47,1828.744828
83.97111,233,1828.755149
194.31815,26,1828.819251
180.35338,29,1828.902919
-774.9777,543,1828.998631
160.65689,37,1829.071319
151.48154,36,1829.119847
-124.619995,421,1829.149658
45.414967,323,1829.149707
142.92583,77,1829.16708
159.31522,31,1829.276369
181.80856,29,1829.329715
202.5348,26,1830.141228
153.78064,59,1830.157907
201.47131,35,1830.201016
101.26011,90,1830.237555
149.10391,45,1830.397754
-43.349472,458,1830.534869
162.59818,33,1830.654167
185.37709,34,1830.79628
4.980567,192,1831.057377
-383.32162,126,1831.065213
186.0708,41,1831.105156
81.109955,160,1831.148398
73.33451,140,1831.234774
-538.29913,1158,1831.371865
192.11694,37,1831.429765
-132.81183,51,1831.626503
-159.76491,359,1831.694197
53.80252,137,1831.710982
-490.4017,233,1831.747163
161.83669,74,1832.022743
116.527695,54,1832.060479
122.9677,97,1832.145244
-835.5016,485,1832.176532
-808.66174,583,1832.202196
203.36354,27,1832.235523
84.35088,63,1832.243676
161.97244,67,1832.243721
155.76335,165,1832.406044
170.66351,33,1832.41275
163.51459,45,1832.420561
187.0906,30,1832.486483
129.03032,38,1832.510666
162.3316,44,1832.588487
164.15805,64,1832.752547
119.03186,45,1832.768081
125.14428,50,1832.830005
166.39865,33,1832.862556
-119.576935,344,1832.960572
123.47264,70,1833.055971
147.45352,52,1833.241674
143.06024,61,1833.337488
165.5666,52,1833.352195
184.15768,76,1833.358851
-367.204,52,1833.460787
85.16986,94,1833.523854
179.91995,55,1833.66783
76.73672,165,1833.719671
103.515335,153,1833.732497
122.47988,47,1833.741214
172.7434,50,1833.741259
-771.3114,630,1833.802795
179.59637,45,1834.121123
-826.3069,384,1834.140778
172.00671,49,1834.149337
133.04463,75,1834.325455
194.20267,27,1834.344826
69.95598,79,1834.427691
-1772.6768,1600,1834.459142
124.023224,33,1834.576339
148.60947,62,1834.603581
181.26303,29,1834.654961
141.78142,73,1834.676777
132.99641,40,1834.887659
78.320564,72,1834.896877
-388.0452,622,1836.511745
215.90343,24,1836.518865
78.65124,202,1836.556029
112.69541,68,1836.573436
140.47522,33,1836.766163
112.16298,94,1836.839995
137.93259,84,1836.987049
140.62936,57,1836.996818
130.08153,71,1837.06297
146.01628,37,1837.138153
172.45497,30,1837.236345
149.16577,32,1837.245221
-43.548237,311,1837.367333
200.44519,40,1837.408909
199.67926,26,1837.481136
-396.4624,44,1837.51709
20.360582,303,1837.595368
-0.8676572,222,1837.670154
107.843315,113,1837.702988
-224.67937,579,1837.76182
167.21768,54,1837.847469
159.55574,32,1837.918624
192.69553,44,1837.944344
185.67068,49,1838.128278
34.366062,252,1838.146411
102.78329,58,1838.273099
118.421455,130,1838.377013
102.24357,118,1838.397025
146.17499,57,1838.494768
186.0697,55,1838.651609
-393.63638,46,1838.717086
160.7371,36,1838.841274
112.35591,156,1838.926421
149.52925,32,1839.024138
102.97125,132,1839.092979
21.909225,302,1839.235082
104.26002,54,1839.467378
-27.244242,166,1840.021843
131.91019,132,1840.393826
99.842865,128,1840.484061
-11.314796,343,1840.730634
-299.0335,645,1840.780126
141.00201,39,1840.863208
181.76137,49,1840.873783
-23.259092,232,1840.920413
157.42442,37,1841.08027
137.98149,48,1841.206301
153.61003,44,1841.245926
-360.43552,27,1841.297973
132.28572,65,1841.466783
142.31787,77,1841.523847
-24.854952,390,1841.614688
-967.0986,1183,1841.62323
173.31046,64,1841.730649
-273.76184,811,1841.843812
98.9646,95,1842.01261
77.71126,55,1842.044566
130.72975,33,1842.816278
-395.0166,76,1842.929435
100.677574,100,1842.978967
174.44208,33,1842.990786
190.81206,26,1843.022252
-80.50391,392,1843.104079
144.04527,46,1843.129412
173.91808,29,1843.169985
202.45566,27,1843.2052
135.41443,35,1843.279123
144.84479,44,1843.386423
-726.111,513,1843.502857
-576.9709,433,1843.603096
9.085861,192,1843.785811
111.103546,33,1843.862731
93.26167,91,1843.909252
90.015175,77,1844.0056
-1459.9954,1286,1844.048554
17.92053,204,1844.093761
196.30348,42,1844.135351
157.10468,115,1844.143402
116.79424,81,1844.15811
-848.8218,570,1844.183897
32.04371,407,1844.192484
-344.50223,46,1844.239912
189.35635,51,1844.323315
123.127556,47,1844.44777
-370.11435,55,1844.471119
164.86897,171,1844.506675
135.77274,50,1844.598435
175.66978,48,1844.715644
145.99467,38,1844.741522
105.90962,81,1844.796703
145.15141,83,1844.804959
147.26495,49,1844.856176
61.006203,78,1844.872124
97.88115,111,1844.985311
120.215294,32,1844.993505
191.1203,25,1845.003109
165.07254,72,1845.075088
159.95058,49,1845.105461
138.37216,35,1845.129958
174.627,33,1845.129999
113.777466,45,1845.154978
166.84018,35,1845.285154
179.22499,32,1845.330639
28.85063,431,1845.494128
-72.4848,627,1845.517243
86.81462,285,1845.582395
192.7755,28,1845.813469
50.837627,212,1845.872427
32.5595,211,1845.887848
69.538895,95,1845.905383
81.376465,70,1845.905424
180.37575,28,1846.129257
150.29884,35,1846.189544
165.00737,141,1846.250587
184.96622,54,1846.306312
179.40903,30,1846.3685
69.55308,161,1846.432076
147.47362,52,1846.607261
-332.98212,45,1846.614907
183.58505,30,1846.614949
154.11734,54,1846.861583
-10.470166,236,1846.89443
86.84064,177,1846.919637
154.30627,40,1846.928854
139.99518,98,1847.098017
151.94865,34,1847.147974
118.58877,38,1847.21701
-117.940125,508,1847.250695
22.059866,87,1847.321519
-35.803295,291,1847.35401
-3.688047,201,1847.469022
85.93898,104,1847.488826
146.2062,44,1847.549033
-7.121167,291,1847.55969
180.03778,29,1847.65427
-9.635163,289,1847.730831
139.78404,69,1847.777072
7.2471833,224,1847.84006
170.74094,34,1847.886976
191.27011,28,1847.88703
-1523.0133,1600,1847.91928
-569.19885,278,1847.956265
167.90977,35,1848.588536
190.99489,29,1848.672791
151.61435,40,1848.727921
176.57443,34,1848.779794
161.65584,60,1848.891823
177.07605,33,1848.911146
151.46072,49,1848.960691
-460.78143,159,1849.015048
58.31668,114,1849.03654
134.35387,69,1849.112629
187.35844,27,1849.180635
146.01411,37,1849.253537
131.65492,105,1849.457164
58.617107,220,1849.623163
24.110647,191,1849.675304
59.224545,65,1849.675347
135.34657,45,1849.69452
107.18861,105,1849.814191
174.30629,30,1849.981587
151.60254,35,1850.008719
168.7814,49,1850.14161
195.85078,28,1850.245644
-41.399376,223,1850.245691
143.37103,94,1850.364538
169.10037,39,1850.384874
108.04018,72,1850.497956
1.4296671,143,1850.557487
77.112206,167,1850.575812
169.50224,57,1850.790984
199.68216,24,1851.023584
118.901955,59,1851.110776
70.375786,77,1851.11082
84.75987,80,1851.118416
89.69974,118,1851.248492
185.72726,27,1851.343543
160.54509,45,1851.499513
187.11934,33,1851.52494
116.22914,105,1851.897552
123.026115,152,1851.8976
116.93068,268,1852.03402
13.446763,210,1852.089005
95.86062,83,1852.187458
104.205444,135,1852.425966
125.09993,82,1852.539145
-171.95358,487,1852.572099
105.12278,65,1852.587278
-255.47005,451,1852.696329
-353.03616,874,1852.771081
-869.6659,563,1852.907109
107.22082,225,1852.907152
190.99333,36,1852.98176
170.26443,59,1852.997768
97.39484,60,1853.043864
129.33456,36,1853.060611
148.06795,33,1853.173129
188.65341,30,1853.291285
86.23209,52,1853.416596
109.0143,45,1853.425872
166.86809,57,1853.440766
86.11708,161,1853.456453
-444.59433,514,1853.551065
181.81639,30,1853.696055
44.99822,228,1853.696102
151.79616,77,1853.799858
187.71158,30,1853.937876
135.53873,57,1854.752118
146.1725,34,1854.804687
120.963066,97,1854.934841
135.8197,101,1854.98856
147.14853,39,1854.988607
118.269844,122,1855.00559
145.82164,40,1855.071486
99.65785,86,1855.130844
122.38505,40,1855.274953
143.64745,41,1855.375882
179.92412,41,1855.467535
74.24514,75,1855.476009
-296.3747,692,1855.485397
-81.65591,337,1855.520014
-173.74922,411,1855.589658
-653.714,677,1855.604295
-411.47275,78,1855.703611
74.67372,312,1855.720183
168.90613,87,1855.76115
150.59863,35,1855.795256
159.624,42,1855.918015
93.1814,104,1856.015286
-207.04222,334,1856.057352
177.09259,49,1856.097502
81.869064,88,1856.163357
129.82521,109,1856.337406
185.33516,29,1856.376708
112.57798,134,1856.427869
103.892235,114,1856.462753
118.31581,112,1856.563009
-20.51911,363,1856.593388
65.35396,70,1856.634629
28.29597,84,1856.706245
-107.82438,674,1856.760286
128.57307,115,1856.814306
162.36412,35,1856.865116
134.72157,77,1856.928123
-31.41185,347,1856.965545
193.92921,27,1857.017422
-345.89322,48,1857.124214
147.74222,44,1857.275556
135.15543,41,1857.291185
64.39006,235,1857.307039
-621.5388,259,1857.345565
170.26659,87,1857.390983
104.775246,135,1857.441463
19.921104,232,1857.633558
45.732353,152,1857.69199
-363.20294,49,1857.732648
173.31216,54,1857.740302
109.59904,78,1857.784397
169.50291,58,1857.934581
11.984839,275,1857.943717
153.47372,33,1857.997702
-37.676758,180,1858.021914
91.5086,82,1858.039907
162.78651,48,1858.175186
95.35865,79,1858.315115
95.94131,126,1858.321621
-47.39246,77,1858.342465
155.06476,35,1858.446714
166.89601,63,1858.518962
115.565956,143,1858.556977
149.1472,42,1858.658412
-354.04922,43,1858.692008
20.24299,339,1858.71744
161.06265,54,1858.74884
133.11119,96,1858.755974
-119.924,254,1858.920702
151.06985,49,1858.956454
87.8918,166,1858.965124
19.451221,294,1859.005862
170.34439,32,1859.222802
91.52699,61,1859.22285
149.88159,43,1859.280401
173.34706,47,1859.355074
143.32896,109,1859.417823
131.92583,93,1859.438844
144.57855,99,1859.580751
74.59475,114,1859.648919
178.67345,52,1859.665449
58.93413,215,1859.68882
161.27321,42,1859.713565
56.80012,54,1859.739184
161.30276,48,1861.367587
136.724,71,1861.367647
162.55153,49,1861.394054
203.35054,34,1861.51865
-57.00804,370,1861.618478
91.28016,62,1861.653112
130.91505,46,1861.67947
155.98367,34,1861.691701
154.59746,50,1861.691741
113.663345,65,1861.755946
84.840614,141,1861.755988
158.05975,48,1861.786319
137.8464,40,1861.873783
130.46266,32,1861.957051
172.16655,69,1861.965186
130.93338,33,1861.973605
126.92125,96,1862.030518
178.68922,30,1862.037338
42.869793,66,1862.224567
79.09826,62,1862.249922
177.2965,52,1862.283932
-413.55707,69,1862.307149
174.32188,39,1862.331803
-441.91956,62,1862.457792
146.50642,56,1862.475194
99.74293,101,1862.475235
-57.18713,356,1862.509613
157.42096,42,1862.661556
92.52818,138,1862.737837
203.7507,40,1862.789802
104.60095,79,1862.850853
106.92923,82,1862.930892
105.57963,80,1862.940131
138.55644,69,1863.019366
79.96143,100,1863.042852
89.85842,148,1863.126354
207.72542,24,1863.1264
7.9536533,345,1863.136007
-379.3216,84,1863.171382
203.661,32,1863.434605
-114.40014,673,1863.452541
96.294304,107,1863.529315
130.25517,71,1863.71354
186.70596,40,1863.752794
120.66959,140,1863.852308
-486.5786,137,1863.882803
-433.2904,56,1863.894465
181.89291,49,1863.907464
-12.259371,109,1863.914971
139.04758,36,1864.128885
2.485494,279,1864.159884
126.97311,63,1864.238553
123.46317,178,1864.268882
63.570965,174,1864.320802
170.03378,55,1864.320844
100.231346,165,1864.339233
37.68708,153,1864.355584
109.66544,59,1864.362818
11.318638,158,1864.395552
94.24295,62,1864.406109
169.10611,37,1864.442945
133.29419,98,1864.503232
166.77412,32,1864.51892
181.82558,31,1864.590401
114.50252,51,1864.600084
150.48297,41,1864.627957
189.4588,36,1864.635154
69.841324,91,1864.666493
167.89825,50,1864.768113
142.39362,58,1864.848346
175.05685,33,1864.89951
174.29451,59,1864.899558
72.455536,60,1864.94124
166.94254,50,1864.999607
-363.44763,52,1865.023556
142.49931,40,1865.084034
115.429756,50,1865.297541
-163.0864,668,1865.436704
132.05544,76,1865.45307
168.22466,46,1865.453115
92.75693,142,1865.526479
93.081085,91,1865.747741
152.52037,109,1865.837636
190.52301,40,1865.870377
149.19476,35,1866.035862
45.78253,214,1866.250407
23.697462,232,1866.413653
6.270512,120,1866.422405
100.7222,77,1867.313145
141.75058,40,1867.588686
131.32584,40,1867.637211
-25.20044,165,1867.667989
134.94211,97,1867.67891
130.89328,72,1867.706155
-37.163788,211,1867.941019
105.4554,34,1868.033611
-361.01343,30,1868.411215
-452.13724,62,1868.43498
138.48088,53,1868.655138
125.98095,89,1868.72295
133.11427,37,1868.895422
129.25075,64,1869.129985
150.21095,44,1869.147187
85.11717,132,1869.173879
122.810745,55,1869.196697
9.514589,301,1869.206594
141.93507,203,1869.399678
202.12097,27,1869.441441
169.6358,35,1869.472338
-24.128372,178,1869.543014
175.38731,44,1869.580087
85.9028,99,1869.853026
169.2499,31,1869.884408
77.64348,67,1870.091742
123.50286,67,1870.190649
131.9184,63,1870.453892
-141.78362,568,1870.540246
177.33461,53,1870.597261
-63.48479,499,1870.597308
138.52216,34,1870.868061
173.58159,32,1870.906509
144.5554,85,1871.00494
-186.14755,557,1871.014399
-362.01077,51,1871.102512
85.35497,196,1871.102566
190.06247,27,1871.153664
183.78717,43,1871.452423
136.759,56,1871.469852
31.60637,216,1871.566221
189.81773,48,1871.602616
-439.23672,1286,1871.646677
-782.44904,651,1871.654355
45.530735,80,1871.770368
-533.2222,520,1871.789176
140.69247,79,1871.838267
186.06012,30,1871.865998
173.14883,47,1872.050308
178.44856,44,1872.138533
153.11139,48,1872.230704
152.41568,65,1872.311304
105.93241,83,1872.53485
123.57833,65,1872.756175
97.07518,89,1872.854393
-38.103268,417,1872.992943
142.04373,60,1873.022434
183.85881,41,1873.083219
160.93071,58,1874.084122
179.52583,37,1874.386959
185.07776,26,1874.596144
6.602451,240,1874.739296
156.64592,46,1874.949947
-7.0471334,337,1874.973798
-1126.4022,1026,1875.385659
127.29575,67,1875.473193
199.70966,35,1875.656816
29.482279,92,1875.689621
47.791042,248,1875.722773
152.46333,129,1875.750319
-36.78532,427,1875.766538
-223.18108,544,1875.790597
62.4673,256,1875.815084
-222.8985,657,1875.823653
192.59036,27,1875.914714
102.510605,74,1876.056591
137.69736,54,1876.09397
166.59225,57,1876.229316
-8.606898,73,1876.320743
169.627,80,1876.460478
118.89417,79,1876.553486
133.37317,105,1876.599862
113.80685,78,1876.687765
128.71968,86,1876.780834
121.52418,80,1876.860804
98.67947,79,1876.936202
127.31366,57,1877.030938
87.85433,157,1877.030983
-727.0689,501,1877.065433
139.31375,37,1877.065479
149.804,37,1877.152139
188.63971,31,1877.278218
146.16965,35,1877.308613
163.58406,38,1877.365314
188.15594,43,1877.405992
-365.69962,43,1877.477874
162.10172,71,1877.486785
-510.23688,131,1877.570172
181.78128,45,1877.634854
188.5217,29,1877.715367
-1032.1938,1600,1877.810984
77.91892,116,1878.253048
94.45845,106,1878.270252
162.30905,115,1878.309848
184.13925,94,1878.358218
185.32802,30,1878.658327
163.36755,36,1878.665982
132.18044,49,1878.731444
124.52682,114,1878.742138
29.517075,164,1880.029779
69.937,95,1880.109693
121.14185,49,1880.126031
180.451,58,1880.205385
-196.31815,317,1880.339552
152.20038,83,1880.369241
71.89787,194,1880.518904
149.27574,34,1880.694647
147.74155,70,1880.784887
29.358122,131,1880.843492
-27.890783,273,1880.904509
35.918568,104,1881.036796
191.53354,28,1881.056298
-383.60162,90,1881.073141
167.26003,45,1881.284275
89.78258,120,1881.293564
124.51975,85,1881.342593
162.03893,33,1881.373506
200.67105,28,1881.525707
158.63832,30,1881.605877
182.81763,30,1881.628938
68.015045,142,1881.671388
182.9446,28,1881.872998
159.26465,111,1881.905627
139.47572,35,1881.905683
-1024.7954,1024,1881.936711
20.365784,82,1881.99424
106.325,144,1882.002561
172.03064,49,1882.078785
35.784534,143,1882.266461
161.81996,52,1882.316456
89.617096,52,1882.349474
-694.7444,663,1882.450099
203.83589,24,1882.458051
162.85434,50,1882.478026
-192.35391,616,1882.702207
167.34174,104,1882.726172
146.56854,36,1882.742046
189.86674,43,1882.790172
154.55902,107,1882.843375
141.14049,108,1882.859265
137.29257,38,1883.05279
147.95734,43,1883.077603
171.88103,34,1883.133626
142.46611,112,1883.212245
203.27617,31,1883.297556
186.30429,26,1883.334169
164.35838,63,1883.343752
186.80066,38,1883.378324
137.55481,80,1883.437097
61.74092,95,1883.471569
173.40373,40,1883.674321
-29.630606,265,1883.683039
146.44069,38,1883.753526
176.48907,49,1883.784612
194.7323,27,1883.886771
146.66257,45,1884.129455
-522.3269,231,1884.184825
-12.260421,294,1884.207626
107.812965,111,1884.225001
62.62554,76,1884.263582
146.1085,59,1884.336814
46.39148,265,1884.593023
134.41234,53,1884.658801
62.27089,62,1884.71677
133.4053,67,1884.732657
75.64037,182,1884.754019
55.89237,101,1884.935879
-1092.3215,1600,1885.075556
197.4667,26,1886.171375
84.6041,80,1886.180559
92.91293,73,1886.180599
132.2798,78,1886.260252
-606.57513,1294,1886.385795
-18.409842,260,1886.424693
136.80144,89,1886.528477
184.38547,47,1886.550154
145.4003,52,1886.578868
128.35939,139,1886.578911
187.76202,52,1886.588674
191.01466,30,1886.624265
106.64564,130,1886.648957
-42.984055,187,1886.649001
117.89292,47,1886.811706
178.33553,35,1886.819913
172.29437,36,1886.859322
163.09155,33,1886.917121
-137.22899,292,1887.022839
165.9908,47,1887.030722
-1000.4409,1600,1887.038519
188.90416,30,1887.119055
168.09282,33,1887.176387
163.87254,34,1887.234864
-969.3877,1600,1887.321006
107.609665,43,1887.374584
127.11336,41,1887.452583
142.44298,87,1887.577033
129.01575,55,1887.819328
-446.94797,68,1887.8747
35.656242,165,1888.011287
128.19368,70,1888.039875
165.35461,39,1888.28522
-53.796574,503,1888.297675
126.08658,119,1888.297733
37.136147,151,1888.387401
151.86295,44,1888.548693
149.32198,50,1888.629876
149.32822,33,1888.673262
118.22441,174,1888.805402
197.97975,28,1888.868839
136.00578,67,1888.965605
136.8751,145,1888.975384
132.56468,49,1889.090534
122.53651,136,1889.156312
177.79515,47,1889.203074
43.450745,100,1889.237285
22.61095,248,1889.281775
119.82075,63,1889.390301
-348.33075,55,1889.422915
-102.94975,492,1889.491054
145.22006,41,1889.558621
-335.70804,46,1889.75542
143.7857,38,1889.857574
121.37495,96,1890.163339
-382.32263,424,1890.27768
143.74068,81,1890.384828
79.066025,132,1890.522279
-626.7084,457,1890.612189
161.38661,46,1890.645411
50.265865,187,1890.666398
49.009712,223,1890.728285
131.77484,41,1890.83673
122.04593,59,1890.84378
36.885742,146,1890.997249
175.60753,47,1891.016153
-15.234249,252,1891.081498
67.88966,72,1891.174872
177.0291,45,1891.199094
42.34847,265,1891.243649
114.28579,136,1891.243689
-24.743935,338,1891.263167
130.07892,47,1891.377532
195.2775,29,1892.306311
153.17227,106,1892.402479
163.00642,43,1892.417868
189.88515,48,1892.60248
142.00952,74,1892.610138
-654.3907,417,1892.633601
146.02457,99,1892.650871
158.85242,30,1892.674145
-403.0494,42,1892.750031
180.32114,29,1892.83565
144.0798,54,1893.039841
3.0186293,122,1893.091564
132.91138,56,1893.13124
182.08513,48,1893.148601
136.60138,63,1893.166246
106.94522,160,1893.212759
83.13298,55,1893.291529
51.15604,162,1893.35346
135.51244,32,1893.413597
142.84003,50,1893.452734
171.91136,47,1893.59671
164.18224,58,1893.605614
105.9967,127,1893.671224
165.34671,56,1893.892646
157.43996,79,1893.923114
173.88753,47,1894.029499
187.57451,31,1894.129618
57.161316,95,1894.340748
54.341835,121,1894.357127
136.18947,114,1894.485942
55.432,73,1894.494352
116.99328,62,1894.518704
130.7538,32,1894.618681
172.06898,34,1894.618729
196.65594,27,1894.841241
107.27995,46,1894.87204
188.49045,99,1894.93016
140.29695,58,1894.963188
84.64144,55,1894.971212
27.681782,237,1894.98663
121.483696,236,1895.053611
182.57285,41,1895.171933
186.98732,28,1895.187739
-384.41406,974,1895.196097
177.1726,30,1895.228326
136.26207,37,1895.228378
106.64182,82,1895.282553
130.7593,46,1895.341906
159.26366,63,1895.384685
-401.87704,32,1895.44847
154.23837,35,1895.456578
201.30376,25,1895.544341
183.46245,32,1895.544389
163.31316,47,1895.612141
146.36098,36,1895.841644
-208.72162,540,1895.848338
78.669395,63,1895.894661
-1391.9081,1600,1895.996755
91.23779,69,1896.012779
150.35692,38,1896.176116
91.3934,124,1896.20852
163.38327,35,1896.250824
140.37334,59,1896.285531
-127.57884,513,1896.426052
38.34467,126,1896.597813
138.29288,37,1896.712515
91.514046,153,1896.742579
129.18669,96,1896.742627
63.06256,86,1896.916243
-400.3945,49,1896.972352
143.88933,118,1897.12588
141.8394,53,1897.15063
189.36168,30,1897.202616
53.07395,141,1897.509666
-496.11404,904,1897.530041
103.67304,55,1897.582719
196.82115,28,1897.606866
188.60432,32,1897.69811
186.84184,29,1897.83774
64.53919,66,1897.878204
149.14888,35,1897.954948
147.47322,74,1898.118867
158.46715,68,1898.129002
87.41106,55,1898.333547
166.00299,31,1898.374329
60.137375,77,1898.468125
-44.79388,198,1898.544849
-105.61249,431,1898.717096
172.35715,47,1898.726289
-429.72015,96,1898.773175
-72.54675,419,1898.773222
162.39429,51,1898.921217
192.22754,29,1899.00886
162.381,57,1899.08458
-182.18633,687,1899.13254
114.768074,38,1899.142421
109.475914,63,1899.319624
-359.90646,444,1899.319672
68.262535,120,1899.4731
-399.54062,56,1899.540206
178.82597,32,1899.629022
191.68651,29,1899.830541
-417.05472,53,1899.840671
125.123795,72,1899.840718
96.04049,37,1899.840726
-524.98145,267,1899.869164
129.24086,81,1899.913188
133.5845,39,1900.001709
185.47444,31,1900.121605
204.39189,34,1900.223816
84.68309,53,1900.350807
148.19722,60,1900.385901
56.80967,77,1900.548695
192.83722,79,1900.56018
142.07762,47,1900.662737
177.98563,72,1900.673567
139.05191,34,1900.709819
-309.33063,487,1900.729026
182.04678,32,1900.856804
-155.71289,455,1900.930835
-1063.9816,1575,1900.962597
93.597275,97,1901.034691
173.86647,53,1901.187011
134.0316,40,1901.422935
71.74084,88,1901.507322
137.01756,109,1901.59985
154.4525,52,1901.693633
137.64091,76,1901.713319
57.90299,109,1901.760048
201.12244,37,1901.77684
150.38531,34,1902.009866
131.22125,114,1902.017625
166.30916,32,1902.055484
130.43782,39,1902.105149
158.04324,44,1902.40872
82.482506,94,1902.45042
34.445976,188,1902.482821
-99.197685,402,1902.549757
-564.639,247,1902.631425
159.36429,69,1902.654577
185.87155,31,1902.694791
184.9479,46,1902.767729
137.27663,39,1902.781446
155.52693,35,1902.815935
199.14246,30,1902.870234
61.335606,224,1902.880585
171.68091,32,1902.914062
-85.831474,427,1902.998023
195.60611,28,1902.99807
160.25111,160,1903.051514
140.95605,51,1903.319465
136.77887,47,1903.319513
154.97168,49,1903.377328
135.90923,38,1903.420939
145.67511,56,1903.447868
138.48442,42,1903.66245
208.3385,27,1903.670305
155.56677,70,1903.873507
82.895645,112,1904.042545
103.71112,50,1904.042595
-496.54886,156,1904.042602
90.28387,85,1904.042609
-797.34326,662,1904.109529
133.3257,47,1904.236635
155.66685,57,1904.482742
135.48672,38,1904.52334
-460.90778,195,1904.638123
125.772766,96,1904.79255
97.86842,97,1904.800617
70.290215,184,1904.858167
15.814203,330,1904.866097
-245.28987,673,1904.916814
105.146255,63,1904.985756
166.05643,74,1905.115648
170.93121,62,1905.344042
137.23328,55,1905.344091
-862.5003,1600,1905.352453
158.13498,73,1905.369163
172.85849,32,1905.612508
29.894512,195,1905.62836
34.059402,210,1905.680393
184.6933,34,1905.885413
-457.6003,161,1905.893601
174.98453,74,1905.914118
-63.700413,475,1905.914162
48.449886,114,1905.999514
165.86998,67,1906.151456
25.314775,104,1906.179873
133.2455,38,1906.242084
-433.98965,166,1906.315772
-251.95941,440,1906.519104
95.90749,76,1906.536501
141.67332,77,1906.553386
167.22679,36,1906.615027
180.94077,48,1906.650224
113.6124,75,1906.79199
141.21094,34,1906.825702
88.546486,97,1906.82575
149.25986,36,1906.864998
158.99881,35,1906.914336
132.1874,38,1906.972398
1.5697033,442,1907.203249
144.70833,50,1907.247328
132.12086,87,1907.255954
169.9161,51,1907.338057
103.693245,74,1907.455617
182.03105,30,1907.686606
109.65868,57,1907.712542
70.198654,64,1907.719328
-12.356187,304,1907.839466
134.97786,86,1907.970839
8.888979,276,1907.991562
192.96077,38,1908.044147
126.7168,147,1908.089575
-71.02546,402,1908.09845
184.20341,31,1908.250228
162.8489,69,1909.432253
168.48528,41,1909.496885
67.521996,165,1909.514064
120.11634,74,1909.6555
130.94093,42,1909.776138
109.773926,59,1909.776192
161.74518,34,1909.983787
-93.93193,243,1910.063939
84.53689,95,1910.137975
44.607365,106,1910.202885
161.65718,71,1910.212457
156.41397,87,1910.277152
170.52838,35,1910.334766
177.61304,33,1910.399238
92.91841,66,1910.441054
168.03818,32,1910.471055
14.728302,386,1910.471139
82.09067,100,1910.482459
187.37718,34,1910.549213
-390.5019,79,1910.569457
-146.0392,544,1910.688877
162.10083,38,1910.708661
202.58789,31,1910.768341
98.03029,49,1910.871081
91.334724,46,1910.912122
45.593002,271,1910.979447
148.57506,72,1910.979491
182.7859,32,1911.015711
-1102.0764,1600,1911.025
78.46993,68,1911.090598
183.24782,39,1911.140645
176.30936,32,1911.327668
162.92137,51,1911.35413
165.51816,36,1911.354172
-411.11874,50,1911.387579
176.07146,105,1911.479272
138.62256,73,1911.669906
135.70724,65,1911.747707
127.63242,47,1911.819753
148.04395,98,1911.884599
180.25296,68,1911.942527
125.51263,45,1912.060773
-604.41266,532,1912.11276
74.59657,167,1912.112813
142.3531,47,1912.159783
102.4058,104,1912.284425
-834.0682,1116,1912.307799
181.11967,73,1912.435832
46.14401,197,1912.466997
42.91917,165,1912.554949
83.54096,74,1912.572483
67.87241,83,1912.589993
65.28573,232,1912.645504
125.26908,49,1912.697703
109.26984,77,1912.759805
179.33557,73,1912.767381
197.86076,27,1912.814556
-442.456,74,1912.922816
163.46725,35,1912.932483
85.32239,112,1913.051813
166.30916,39,1913.095406
-354.65747,56,1913.222845
139.9432,45,1913.298548
162.16608,92,1913.315385
161.48305,39,1913.361173
136.27527,97,1913.369898
48.274677,114,1913.377787
207.62825,24,1913.41234
157.73143,102,1913.53969
202.60785,28,1913.621689
118.388054,64,1913.621736
127.418144,102,1913.662348
164.84335,44,1913.67097
91.05148,91,1913.683709
-143.08533,56,1913.785493
161.68767,62,1913.92396
144.54436,69,1913.942234
142.17587,38,1913.974691
142.81863,47,1913.998044
91.12339,303,1914.029328
98.41037,240,1914.046405
142.90216,54,1914.100789
123.63219,60,1914.108745
-832.8513,593,1914.133875
-155.91856,448,1914.13392
155.45506,44,1914.143168
177.66005,35,1914.226812
182.61034,35,1914.281976
-499.77,353,1914.329225
197.13841,29,1914.34041
126.292786,40,1914.357149
157.43683,36,1914.424049
185.52847,37,1914.440246
132.23143,64,1914.450006
153.9988,34,1914.506876
86.97895,121,1914.522544
193.03229,30,1914.531028
180.38379,69,1914.540503
181.24051,36,1914.649882
-422.34555,74,1914.726451
132.72551,42,1914.758604
175.23012,41,1914.768142
75.606926,139,1914.803794
103.25536,60,1914.818041
162.67305,38,1914.835916
126.33132,40,1915.226674
194.85193,31,1915.265405
143.59401,75,1915.373688
162.9739,45,1915.381849
125.619415,142,1915.454954
69.0363,55,1915.512833
141.66977,37,1915.520817
193.01971,37,1915.555563
56.81244,156,1915.609563
-52.623707,250,1915.650472
140.64809,85,1915.740618
179.24236,38,1915.759536
62.04639,85,1915.778584
166.45818,48,1915.778631
163.45064,55,1915.962823
15.866614,175,1915.999676
-370.83505,63,1916.017697
130.29346,49,1916.043355
167.05971,47,1916.117004
97.74535,66,1916.140995
138.59998,48,1916.160795
100.87171,59,1916.245922
55.09889,90,1916.287401
116.487236,37,1916.304692
154.96161,40,1916.447339
185.49957,41,1916.480885
92.9389,45,1916.534205
92.09035,217,1916.548573
158.76495,35,1916.599905
46.232468,235,1916.671826
84.18748,211,1916.70657
210.0644,28,1916.788859
197.165,34,1916.885614
137.02444,34,1916.947495
101.46996,119,1916.947536
159.28809,65,1916.987832
166.11627,44,1917.062087
81.99354,110,1917.155007
94.74938,47,1917.162672
193.46555,33,1917.208293
97.33279,85,1917.225251
134.02705,153,1917.269866
197.61566,26,1917.367101
-24.333742,334,1917.422246
137.02896,53,1917.494684
146.13808,72,1917.535364
183.09834,33,1917.552003
168.2661,42,1917.558612
158.57387,38,1917.666934
163.90808,66,1917.690807
137.33737,41,1917.740995
144.81454,37,1917.783336
176.6861,35,1917.823632
158.26738,37,1917.991441
-422.52502,62,1918.05457
191.86124,38,1918.128299
12.299722,144,1918.145891
170.31433,61,1918.238751
125.89808,118,1918.491392
115.34328,45,1918.506313
153.23851,61,1918.55328
107.17284,74,1918.604198
-427.4353,61,1918.734114
-395.2623,49,1918.891599
171.03714,40,1918.918031
118.07339,97,1918.93846
125.1363,157,1919.050801
102.27727,65,1919.067028
-1.4505728,274,1919.095005
-111.94449,411,1919.095055
-154.68127,349,1919.125928
99.83102,61,1919.221493
-409.18683,47,1919.31042
173.13737,37,1919.378273
176.59468,34,1919.632668
59.86133,99,1919.65289
-432.48407,71,1919.660815
-26.025612,257,1919.709003
143.68466,73,1919.773967
128.5054,108,1919.874262
109.30059,111,1919.916923
206.19727,29,1919.996039
-87.682335,455,1920.118996
-543.58044,209,1920.119058
134.53957,67,1920.330744
204.12137,32,1920.39408
149.21469,47,1920.432993
163.86722,33,1920.527977
70.04661,73,1920.615918
197.13159,36,1920.697377
188.59929,49,1920.734452
179.36256,32,1920.790693
117.39461,61,1920.938238
38.96475,139,1920.966245
140.82103,44,1921.137932
161.7597,37,1921.217796
67.13774,228,1921.231881
-38.01346,490,1921.264845
15.399809,196,1921.346996
71.73895,270,1921.347038
190.26042,59,1921.42112
146.70097,100,1921.476689
201.64648,35,1921.492644
-51.8465,336,1921.687602
117.463905,44,1921.759323
144.38754,78,1921.868841
157.93158,32,1921.938026
188.17981,37,1922.050235
-652.2783,1150,1922.118524
63.476322,142,1922.250581
129.58578,43,1922.293605
136.94124,37,1922.4335
128.73387,47,1922.44983
113.85032,132,1922.536666
20.249548,254,1922.637302
29.487665,248,1922.743684
147.01144,54,1922.789621
137.15569,35,1923.034667
-25.93273,218,1923.147162
188.30264,52,1923.204023
185.07791,31,1923.28058
123.235466,98,1923.280629
44.983257,172,1923.312169
122.23261,39,1923.507369
179.62971,37,1923.570878
-4.160909,284,1923.657629
175.41284,33,1923.752267
173.89578,37,1923.848522
24.371878,196,1923.857876
-76.576744,447,1923.85792
127.76551,83,1923.948337
133.64944,38,1924.145131
126.87284,39,1924.250951
129.86125,79,1924.365412
179.66948,37,1924.430866
-716.9512,599,1924.547496
103.34729,122,1924.596158
-41.062454,415,1924.805301
175.78448,36,1924.825044
88.04287,64,1924.911297
150.20857,93,1924.953071
189.31525,28,1925.008766
-95.99869,329,1925.034682
151.9934,50,1925.202352
48.081745,115,1925.243848
182.86652,35,1926.025001
143.4513,32,1926.025048
168.17798,38,1926.24559
180.93268,35,1926.299854
142.69975,47,1926.393708
192.00143,37,1926.597868
145.27748,112,1926.872779
-289.27673,392,1926.930956
-195.36687,385,1927.007682
114.05234,61,1927.071496
170.76508,51,1927.254979
-1320.9275,1387,1927.297305
96.7153,137,1927.312524
185.38153,33,1927.320858
118.18722,63,1927.405303
149.61086,34,1927.520822
35.77142,282,1927.520871
77.21769,73,1927.560177
177.9308,33,1927.576188
165.74718,35,1927.589017
-860.6583,741,1927.843439
138.08278,41,1927.867803
80.87334,95,1928.182891
99.1065,239,1928.306555
0.96519506,337,1928.343543
-343.1415,627,1928.35266
103.227844,64,1928.409398
89.185974,104,1928.445232
156.86414,46,1928.620372
124.363434,135,1928.83754
-421.9735,38,1928.837604
98.016556,45,1928.852405
67.50467,177,1928.905398
129.87976,63,1929.013224
191.10172,54,1929.095084
136.72197,56,1929.365762
97.7618,76,1929.767257
117.1315,123,1929.776756
-20.1303,221,1929.844831
117.983345,93,1929.969553
-27.493013,483,1930.045041
-890.0223,1600,1930.214572
151.02347,52,1930.26774
194.8279,33,1930.288636
108.20088,129,1930.4088
124.42365,66,1930.675645
185.21042,36,1930.740739
79.715004,96,1931.123468
88.05356,92,1931.151397
81.5517,237,1931.280049
108.47184,85,1931.483257
177.69424,31,1931.785522
-138.90575,442,1932.02843
129.05966,68,1932.088313
59.54525,116,1932.405535
-51.26353,329,1932.636958
-42.501816,265,1932.833048
114.16154,109,1932.857013
128.53381,100,1932.873068
-187.71147,398,1933.022003
-89.11393,346,1933.064186
188.37556,75,1933.223342
200.46518,37,1933.319066
116.47594,60,1933.335563
-7.9652205,172,1933.495013
159.78049,40,1933.648716
168.63033,45,1933.670717
117.513725,47,1933.8548
182.25941,42,1934.002246
18.776495,212,1934.072413
94.83229,162,1934.117103
182.66014,41,1934.34528
110.83451,67,1934.409215
82.522835,118,1934.593725
147.7814,69,1934.635974
126.97407,69,1934.939477
194.23352,32,1934.939526
164.31226,70,1935.010601
193.53293,47,1935.018861
-630.1481,249,1935.118379
-7.0150676,278,1935.154974
-110.70264,596,1935.193144
142.58435,33,1935.300117
66.73734,143,1935.334335
170.02635,48,1935.342466
100.41073,45,1935.390136
176.26036,35,1935.439026
181.81017,43,1935.470364
196.72813,29,1935.530364
195.53712,30,1935.57005
124.93015,35,1935.665036
206.87898,28,1935.690324
100.178,45,1935.699143
157.2625,48,1935.817056
174.38252,38,1935.835764
174.7755,35,1935.853498
203.38934,30,1935.914469
188.51057,32,1935.953149
-105.02267,580,1936.131215
-1175.2242,1484,1936.138974
181.97458,30,1936.139017
-1153.4341,1333,1936.215347
132.3324,52,1936.237955
35.600395,381,1936.3268
191.40395,30,1936.459538
146.14395,39,1936.554466
100.494,101,1936.620956
153.35756,50,1936.732525
168.99472,85,1936.820095
-716.4749,993,1936.843035
176.85895,30,1936.960895
175.31671,36,1937.481694
132.39867,36,1937.766439
-420.31766,962,1937.802501
75.940765,213,1937.919236
90.74132,138,1937.936721
140.15399,34,1938.071805
161.77312,48,1938.13916
-0.8062266,210,1938.189211
-26.992416,217,1938.246022
-85.548515,204,1938.556552
142.63959,54,1938.628423
155.25839,89,1938.65453
-380.83545,897,1938.720372
-1057.1097,1600,1938.744038
1.8880429,430,1938.768752
88.52059,251,1939.032732
88.64046,112,1939.080907
-587.00397,220,1939.149372
171.368,53,1939.22393
87.63825,60,1939.320331
-864.0484,398,1939.332288
-117.10558,471,1939.417034
153.1159,42,1939.440472
128.41838,41,1939.480586
159.04019,35,1939.568275
27.400162,100,1939.577677
179.97415,46,1939.596164
184.18971,34,1939.671115
184.05171,33,1939.768377
109.779724,120,1939.85178
180.41939,31,1939.881065
139.3292,65,1939.957886
154.87152,49,1939.957927
157.53542,37,1940.025029
39.878265,223,1940.069551
-425.66376,53,1940.078924
148.97598,53,1940.109746
158.87367,40,1940.145173
101.02692,176,1940.202773
161.18219,33,1940.268466
164.38254,41,1940.268512
147.67366,33,1940.336988
182.7091,35,1940.40378
-71.61307,370,1940.44133
14.144716,205,1940.559896
173.65167,33,1940.58746
176.78247,43,1940.691928
76.746086,74,1940.862452
118.18834,55,1940.874172
144.36894,106,1940.874213
167.05446,48,1940.874222
112.15009,151,1940.884676
193.61592,30,1940.88472
126.4776,60,1941.049319
200.3219,45,1941.139187
175.84157,33,1941.203417
138.27815,51,1941.371113
160.70459,37,1941.490967
160.49551,60,1941.618556
115.532814,85,1941.706934
167.87091,48,1941.83921
133.04988,191,1942.041012
206.12372,30,1942.099248
87.63697,61,1942.159225
38.310352,170,1942.419743
-143.52309,463,1942.505969
82.22921,52,1942.522404
58.203903,181,1942.529474
64.53476,183,1942.54686
-35.0933,273,1942.607285
-478.53796,135,1942.661863
94.488235,113,1942.661915
114.24967,80,1942.692653
196.74768,42,1942.760554
202.23021,33,1942.79515
193.45866,30,1942.899601
146.17409,57,1943.74455
185.61179,48,1943.817852
45.708435,120,1943.909337
117.030624,45,1943.934467
141.24225,72,1943.958891
95.49574,65,1943.99307
177.94637,47,1944.061935
179.80273,40,1944.220368
169.96738,51,1944.352522
-150.61314,298,1944.49449
135.03929,163,1944.592628
185.26079,34,1944.642981
-677.6788,677,1944.674494
-0.4587163,175,1944.730814
137.28926,36,1944.785268
-118.652985,461,1944.901492
117.19264,95,1944.989779
37.589134,186,1945.033066
171.67792,39,1945.039855
158.81564,70,1945.200315
-607.0839,458,1945.267243
193.45937,31,1945.281528
129.34953,38,1945.344392
58.401928,177,1945.352077
163.38123,55,1945.438434
114.14818,66,1945.446227
98.84133,217,1945.502746
138.27777,40,1945.589797
141.10828,124,1945.58984
8.516484,203,1945.622762
177.8149,48,1945.670524
168.48044,58,1945.670586
145.17276,49,1945.834402
156.23953,35,1945.872958
187.96439,74,1945.947403
105.37304,68,1945.981594
177.74509,33,1946.127567
85.98772,77,1946.193435
144.22873,73,1946.193479
137.20174,102,1946.305183
152.25958,44,1946.330329
124.57715,72,1946.397215
61.74424,95,1946.42167
97.52486,104,1946.492307
176.0785,47,1946.501811
87.99326,78,1946.564271
-362.78427,30,1946.571933
152.0696,37,1946.606315
93.91915,61,1946.681029
172.61841,35,1946.696247
143.70738,60,1946.866155
82.51844,85,1946.866203
131.95328,40,1946.883323
169.27565,38,1946.904409
166.70625,34,1947.14246
66.20767,73,1947.142507
112.83426,40,1947.194383
185.49542,37,1947.201119
137.95941,90,1947.208276
158.89995,47,1947.266881
2.3921165,337,1947.477373
188.64339,36,1947.484148
50.963886,148,1947.663823
182.59798,62,1947.687324
187.70868,35,1947.754132
116.66305,78,1947.754191
164.76627,39,1947.778609
-221.50014,472,1947.811815
70.38068,81,1947.828611
105.03652,77,1947.868689
-92.95836,320,1947.888077
50.406246,166,1947.987352
151.33173,39,1948.049606
189.93126,39,1948.06916
121.19132,35,1948.08223
173.98102,34,1948.109269
128.60939,57,1948.116752
97.46788,54,1948.157655
132.24535,50,1948.178349
159.34782,49,1948.23615
150.19983,31,1948.357644
178.12135,33,1948.364243
158.89105,45,1948.423118
199.7,34,1948.437894
128.23088,51,1948.455578
130.7418,41,1948.695249
-814.49554,624,1949.573495
118.81278,70,1949.619701
171.48225,98,1949.637251
122.63592,83,1949.637293
175.20377,33,1949.793578
147.4139,69,1949.836976
-66.08376,295,1949.847012
124.16846,70,1949.86261
184.6056,33,1949.929782
-77.3836,270,1950.1323
34.25303,67,1950.173505
166.79529,40,1950.196957
143.9557,38,1950.206125
136.95044,61,1950.339453
-111.624825,609,1950.384369
192.92107,33,1950.47717
58.732635,100,1950.491582
107.26467,44,1950.499644
175.19139,47,1950.562529
124.67523,45,1950.575787
-452.6312,78,1950.588807
196.7822,31,1950.622975
42.164875,169,1950.673782
194.99698,32,1950.727725
73.84963,136,1950.787558
-559.8669,254,1950.870032
-723.60583,1141,1951.038205
-69.59419,325,1951.097223
132.09734,50,1951.105453
121.95823,49,1951.15931
166.54387,47,1951.22964
-936.062,1600,1951.252046
165.54723,99,1951.336809
89.39293,105,1951.399854
197.22635,53,1951.417824
118.80717,127,1951.446383
-422.74936,49,1951.45512
49.1887,147,1951.455162
108.895515,125,1951.51747
176.36803,57,1951.525581
172.61502,33,1951.582061
129.49335,52,1951.607799
107.17545,71,1951.688687
44.16369,149,1951.688728
157.81654,50,1951.820868
178.03508,50,1951.827852
-15.938987,179,1951.844736
120.19113,37,1951.863519
117.8653,55,1951.871844
122.96642,37,1951.88716
116.91584,174,1951.985315
205.89561,28,1952.04765
152.76558,36,1952.117047
159.299,33,1952.133612
165.79231,101,1952.192992
196.6465,27,1952.200663
166.40218,46,1952.21946
99.449455,46,1952.253341
177.20357,30,1952.289714
181.04318,54,1952.297507
146.19547,103,1952.320844
186.50812,28,1952.344448
192.94646,34,1952.559372
167.23814,31,1952.567438
127.41927,57,1952.667362
99.91055,70,1952.740832
149.16043,63,1952.75002
119.334236,71,1952.899952
134.80832,92,1952.923947
107.73937,40,1952.981296
162.76184,72,1953.126871
139.72379,110,1953.166296
149.32736,36,1953.189761
113.5537,137,1953.224569
128.38695,66,1953.459027
149.5821,96,1953.521617
74.208755,262,1953.589983
152.68289,58,1953.651285
-73.71391,315,1953.710217
138.12172,32,1953.710264
146.60316,74,1953.718074
93.805534,150,1953.94243
198.5557,34,1953.985348
120.2109,59,1953.993271
132.56808,42,1953.993329
184.65627,38,1954.029805
79.10036,102,1954.044203
128.64705,74,1954.323361
145.09393,40,1954.362142
96.9375,173,1955.406947
147.73337,35,1955.476719
138.3368,82,1955.498488
94.596436,79,1955.520557
39.850746,213,1955.539861
133.79193,87,1955.539902
27.623354,383,1955.57808
193.66338,28,1955.626805
98.83186,153,1955.664724
164.59775,69,1955.702401
-428.60516,408,1955.779648
18.611137,119,1955.786527
170.43663,40,1955.821635
156.9614,35,1955.821683
190.15092,29,1955.862453
-337.04364,43,1955.890271
136.14528,42,1955.917653
96.91801,56,1955.977782
120.439964,37,1956.108049
91.36329,57,1956.213313
190.41579,34,1956.221598
50.745792,118,1956.396744
121.66462,76,1956.40462
151.0,109,1956.626658
74.91946,128,1956.69422
73.83974,81,1956.728452
143.08691,139,1956.929937
125.19982,106,1957.034269
23.83632,161,1957.148036
76.190384,68,1957.212463
-391.6881,78,1957.219054
149.32732,49,1957.295877
130.43347,49,1957.408397
87.71952,132,1957.418009
-32.99137,157,1957.434263
129.36334,38,1957.519321
155.45631,33,1957.570332
-153.28172,265,1957.736258
131.55188,66,1957.755697
155.62157,46,1957.814477
111.84351,63,1958.019616
117.40453,76,1958.019665
163.87503,33,1958.06912
140.31857,175,1958.101003
145.3514,34,1958.34259
67.99394,55,1958.463502
145.06488,62,1958.471566
157.73354,82,1958.620973
160.9553,43,1958.663181
125.71201,145,1958.891608
-407.61093,57,1958.960001
81.312706,178,1958.980359
125.95579,71,1959.081578
141.28755,55,1959.162304
65.79144,261,1959.239009
14.511228,228,1959.257685
192.53998,31,1959.42824
15.551181,229,1959.617723
-915.9999,1130,1959.708792
138.5848,84,1959.851454
102.49289,70,1959.898972
-24.905323,431,1959.919951
143.91391,59,1960.002811
149.77272,34,1960.241589
137.69519,61,1960.296473
150.3233,43,1960.307358
159.21881,80,1960.387351
122.649635,125,1960.445753
111.9976,64,1960.465245
171.68808,49,1960.476406
200.84074,27,1961.65057
155.6261,36,1961.659767
150.7722,39,1961.8391
66.3972,241,1961.875605
174.7681,47,1961.927986
185.83517,31,1961.947834
122.52883,68,1961.957837
-190.92368,615,1962.049418
92.50482,65,1962.081543
166.06989,39,1962.224635
107.63152,111,1962.313768
139.44409,57,1962.489433
130.5778,37,1962.542234
137.7408,75,1962.566333
-1698.8853,1140,1962.65732
120.73778,86,1962.715658
140.07523,35,1962.771387
28.29159,305,1962.795312
188.70671,28,1962.897579
199.92815,34,1962.997261
185.13612,32,1963.037997
-1202.9174,1475,1963.128496
95.32785,71,1963.155673
190.77547,36,1963.200413
91.70566,136,1963.220088
41.774048,115,1963.274623
180.02895,38,1963.312951
112.29697,49,1963.438528
173.93408,34,1963.472743
97.73909,49,1963.531405
-183.96371,396,1963.53145
174.1076,33,1963.54051
136.5806,53,1963.588668
-72.47984,413,1963.60532
91.83342,233,1963.674645
113.079346,47,1963.691505
65.60955,209,1963.706225
142.78482,37,1963.738857
165.38632,65,1963.738906
168.34113,36,1963.767388
128.20354,39,1963.859545
106.86586,130,1963.868021
164.93497,35,1963.895014
200.33762,30,1963.939028
104.74095,58,1963.998786
200.03358,35,1964.020171
161.28357,64,1964.040459
-497.84903,238,1964.05646
111.929794,60,1964.064476
-374.80304,29,1964.080322
184.1512,31,1964.126601
147.38301,46,1964.23019
144.12883,37,1964.359082
-8.455791,224,1964.35913
120.61145,83,1964.367251
142.1146,53,1964.41994
175.07768,61,1964.419988
148.89964,51,1964.453808
84.29817,53,1964.489433
172.86551,35,1964.646071
-411.436,121,1964.706835
132.70076,37,1964.778925
131.13774,56,1964.808858
168.33928,49,1964.844016
157.28621,74,1964.959241
167.2071,40,1964.95931
196.63022,29,1965.005923
98.10143,83,1965.075687
61.486347,131,1965.116189
83.04768,55,1965.131129
138.92136,56,1965.50182
-482.65842,182,1965.51888
44.108223,67,1965.543164
183.0675,53,1965.554763
82.6262,161,1965.56292
183.88707,50,1965.581364
-476.60822,177,1965.597802
125.48063,54,1965.631249
76.24486,150,1965.676022
-1069.9298,1367,1965.740306
152.26083,34,1965.863747
127.50652,44,1965.919423
178.49394,52,1966.058513
175.02179,48,1966.058562
151.74011,63,1966.116792
175.49135,72,1966.132901
184.93578,30,1966.162495
119.83146,73,1966.180293
88.92812,54,1966.210043
186.54372,33,1966.332844
124.373184,73,1966.473454
71.388245,176,1966.482798
111.85812,46,1966.498857
-752.83466,344,1966.538901
91.98756,50,1966.546552
102.54168,106,1966.579648
153.31084,51,1966.587905
165.26865,43,1966.686923
184.95245,31,1966.738184
130.9866,82,1967.68984
89.9849,48,1967.723746
130.12251,57,1967.770939
149.38503,55,1967.869094
142.72539,41,1967.909103
142.68442,140,1968.050827
124.651115,47,1968.079322
-466.91544,135,1968.159036
-709.1214,429,1968.167439
192.34828,36,1968.167478
162.1492,55,1968.182307
148.68657,105,1968.240332
101.33756,44,1968.275749
-12.713495,313,1968.292892
131.85487,119,1968.368157
129.76297,106,1968.400265
161.90683,45,1968.429654
128.8056,35,1968.46253
126.13884,86,1968.493634
125.67701,142,1968.598054
95.61566,48,1968.63749
125.75734,69,1968.653455
159.88634,61,1968.661259
166.92181,48,1968.687188
160.83058,38,1968.709979
-68.810394,361,1968.717853
-383.71088,33,1968.756729
153.57004,59,1968.850733
149.85085,37,1968.977404
125.3596,98,1968.985507
68.193634,69,1969.049618
141.76436,50,1969.113783
156.82738,55,1969.154284
108.96138,94,1969.315281
140.84045,74,1969.327116
141.74864,126,1969.3541
179.70427,35,1969.42012
146.34352,50,1969.431726
121.00076,73,1969.514974
163.83946,77,1969.52748
205.07466,31,1969.728501
157.20401,51,1969.786465
98.9912,59,1969.786514
166.77222,36,1969.835696
166.50867,41,1969.84695
100.853386,48,1969.891845
141.77328,53,1970.018183
147.02592,48,1970.036631
151.69815,35,1970.07618
131.79718,42,1970.203182
78.398994,97,1970.21604
194.82852,27,1970.282414
-1602.544,1600,1970.312967
86.36787,55,1970.333519
133.95255,82,1970.362581
129.39952,53,1970.372086
168.77573,37,1970.43612
-398.447,134,1970.468598
169.10681,34,1970.533913
195.65009,29,1970.562975
132.75229,64,1970.665856
176.69221,34,1970.705653
172.31941,58,1970.890417
195.8765,27,1970.943643
101.1582,113,1970.964997
144.32643,42,1971.001714
146.03706,69,1971.058765
-95.3138,279,1971.079124
135.41805,65,1971.100374
137.59828,66,1971.139254
169.66005,92,1971.139301
110.5583,44,1971.157948
129.51694,93,1971.27018
155.7825,40,1971.350979
109.85154,153,1971.420075
162.31631,34,1971.502268
32.28989,275,1971.623232
130.624,63,1971.682432
-141.60255,562,1971.694961
206.30203,31,1971.722919
140.72343,53,1971.793776
126.2555,85,1971.841131
88.37598,79,1971.919609
99.88932,105,1971.940861
163.68536,34,1971.960112
186.30315,68,1972.155106
120.67103,50,1972.176373
176.53854,37,1972.274234
164.3472,36,1972.303124
95.05738,54,1972.313069
132.45358,41,1972.333619
148.37306,73,1972.429825
183.82637,33,1972.475188
109.330986,84,1972.490844
117.56573,123,1972.536068
128.10556,33,1972.574895
130.5375,34,1972.632939
115.97475,47,1972.727974
126.909775,65,1972.758137
172.71605,33,1972.802056
-344.08258,42,1972.837831
-424.60336,52,1972.993391
-229.5949,432,1972.993453
147.17296,64,1972.993461
180.92303,32,1973.06075
171.86397,31,1973.085902
142.12819,93,1973.203385
148.20499,55,1973.210679
174.89104,28,1973.239433
134.5367,74,1973.336791
-359.0404,44,1973.371283
156.85052,33,1973.371337
152.84291,92,1973.398905
165.87747,50,1973.487078
192.50009,40,1974.907421
162.58488,52,1975.023108
161.3725,38,1975.060911
160.12471,49,1975.148043
134.54967,53,1975.148093
164.78886,36,1975.208076
69.0797,70,1975.349659
184.22989,41,1975.357
184.96681,32,1975.663688
138.95406,65,1975.788114
133.7767,73,1975.798048
104.51365,173,1975.857723
155.22342,38,1975.983047
-877.95013,411,1976.132649
191.36638,29,1976.228942
140.25531,101,1976.257403
169.9524,36,1976.551281
35.003445,170,1976.624459
107.92822,74,1976.744518
163.39433,115,1976.767116
-488.67276,273,1976.926366
81.472466,131,1976.950674
114.75435,96,1977.016322
64.78159,68,1977.101874
118.84805,66,1977.147404
-113.19021,539,1977.18665
-97.74348,466,1977.203128
165.16507,40,1977.261442
129.10855,45,1977.277173
-105.82537,548,1977.284924
176.93256,43,1977.354481
104.01931,84,1977.411518
192.26187,29,1977.419562
198.69978,32,1977.460413
-185.73997,632,1977.4932
166.15672,92,1977.501554
159.35439,32,1977.553609
121.06166,34,1977.676398
108.884995,51,1977.684317
119.85217,43,1977.692436
148.76242,57,1977.717169
174.98265,45,1977.852375
174.22493,33,1977.970484
161.50912,65,1978.045296
99.224335,52,1978.086757
157.67117,37,1978.132643
123.39341,88,1978.180228
-62.479595,411,1978.256572
166.96028,49,1978.368792
177.71382,35,1978.420926
160.28067,36,1978.470716
-467.17612,172,1978.50987
151.27454,34,1978.527846
152.57507,114,1978.600198
74.795525,164,1978.711443
-355.33963,749,1978.742383
132.56668,36,1978.801369
149.36147,65,1978.970984
94.964264,116,1979.008862
183.79454,59,1979.059644
183.5465,33,1979.067782
137.9871,74,1979.094195
83.2712,152,1979.270419
141.03226,57,1979.540236
-90.820465,306,1979.547326
143.47726,67,1979.572614
10.643562,271,1979.635103
102.66357,114,1979.681217
132.63963,163,1979.742953
179.96216,33,1979.825936
84.6778,98,1979.86696
122.58492,35,1979.945105
92.49442,53,1979.956731
116.72093,50,1980.89859
130.87172,99,1980.948259
134.6908,36,1980.997514
138.21425,134,1981.069219
-320.95755,805,1981.18562
-529.91833,197,1981.195266
168.99106,55,1981.350631
170.24988,31,1981.428632
-50.668114,275,1981.455864
100.67528,61,1981.490822
106.802986,87,1981.528304
101.89575,145,1981.583534
131.23175,52,1981.603517
-360.66605,85,1981.640474
193.23581,31,1981.716081
187.90839,27,1981.716126
-88.88373,396,1981.739804
-421.42734,712,1981.755232
117.74072,63,1981.863599
139.26227,47,1981.989614
140.81233,36,1982.007602
122.30391,37,1982.015469
181.59805,36,1982.029672
157.95825,54,1982.07808
184.92097,71,1982.10676
96.12076,66,1982.124242
179.39719,32,1982.272927
194.56697,65,1982.37404
159.34276,81,1982.39776
176.8876,51,1982.419001
136.39459,50,1982.479091
144.77972,76,1982.699963
98.226166,93,1982.715088
117.236694,53,1982.816855
96.60881,54,1982.840632
102.16942,72,1982.848946
177.93327,30,1982.954713
148.11322,77,1982.979299
162.58244,90,1983.159228
11.989097,323,1983.173881
161.41072,46,1983.290466
142.08568,63,1983.305387
-725.582,327,1983.415287
177.33707,35,1983.434468
-384.466,80,1983.442473
173.51495,87,1983.470862
146.33275,35,1983.581309
71.77915,194,1983.618673
167.44287,38,1983.716255
131.45226,98,1983.72782
188.5607,32,1983.727861
201.46439,27,1983.843437
-49.54388,357,1983.884058
197.97404,28,1983.972615
182.1832,69,1984.021879
152.19975,34,1984.030184
171.05286,35,1984.038804
200.38551,37,1984.178775
131.14345,89,1984.200068
111.63855,129,1984.21607
173.08446,33,1984.248684
182.38884,29,1984.265272
174.76031,31,1984.297358
180.00256,35,1984.323669
156.80637,32,1984.474606
118.42444,109,1984.49843
169.23914,27,1984.539849
163.64024,33,1984.563074
155.94377,55,1984.609688
106.068565,46,1984.627151
156.99701,113,1984.807707
137.74173,36,1984.835955
140.28583,76,1984.843999
157.76775,52,1984.878661
99.7427,208,1984.975335
-201.38574,660,1985.11613
152.25475,51,1985.189305
75.71239,133,1985.225868
149.31877,35,1985.233927
102.60091,90,1985.317108
139.69225,94,1985.33022
196.91629,65,1985.33935
192.09303,76,1985.460315
85.579834,131,1985.506637
153.69098,40,1985.553498
134.64597,43,1985.674114
177.76054,35,1985.734505
179.13187,33,1985.800491
143.68039,67,1987.257993
78.73363,142,1987.350646
181.50528,39,1987.386598
155.96854,34,1987.40868
78.51104,53,1987.630968
65.28555,98,1987.680165
111.0767,140,1987.702842
132.85341,39,1987.711025
88.19245,55,1987.81463
-78.75296,479,1987.892839
-627.7926,256,1987.94099
131.51918,78,1987.964816
170.61473,45,1988.074152
180.73076,63,1988.138846
-358.78293,26,1988.145511
152.10622,37,1988.182398
83.8935,72,1988.278074
192.75235,28,1988.412086
141.42012,38,1988.446931
110.39556,54,1988.514313
98.76156,164,1988.559392
132.05792,114,1988.606346
70.2251,269,1988.686413
109.05603,61,1988.783839
184.55539,32,1988.821243
154.5621,92,1989.217716
51.55222,140,1989.346133
-65.996315,330,1989.511221
78.67663,104,1989.607395
174.50801,82,1989.60746
163.8202,34,1989.652783
94.74839,80,1989.652848
-334.43085,944,1990.025071
196.40265,29,1990.025115
108.72646,51,1990.044245
191.86024,30,1990.063087
164.20932,33,1990.063137
165.5194,36,1990.122249
108.90086,152,1990.296758
212.21335,30,1990.314466
-53.008705,412,1990.334756
165.69681,36,1990.373239
180.45135,38,1990.412268
163.11446,31,1990.422328
60.67627,198,1990.548916
61.065407,300,1990.701914
168.31273,68,1990.721996
140.4974,48,1990.760324
110.22012,64,1990.951529
207.18793,27,1990.984779
61.39047,260,1991.03451
69.64641,84,1991.124077
144.64098,39,1991.134229
104.0141,77,1991.156857
114.40494,74,1991.258359
129.83185,97,1991.305881
164.22635,33,1991.347221
190.26285,25,1991.398706
-1200.2374,1600,1991.47791
154.34981,73,1991.669278
143.71733,59,1991.67949
170.2089,31,1991.679544
127.464005,59,1991.690587
122.71301,113,1991.778319
-193.22466,399,1991.816396
123.32384,56,1991.878038
148.81131,67,1991.950726
148.39647,75,1991.981872
98.9238,163,1991.993978
178.99945,31,1992.004546
72.94029,114,1992.051431
171.42867,70,1992.154101
-346.46985,50,1992.164622
123.87977,76,1992.419927
141.21237,57,1992.689607
143.15938,81,1992.734821
115.930725,112,1992.817379
-569.34436,1088,1992.855436
113.119286,112,1992.855487
159.125,50,1993.922502
147.5096,85,1993.96498
163.92278,41,1994.012796
91.79117,70,1994.129565
129.82518,144,1994.204821
114.81747,175,1994.229232
-504.6264,167,1994.308094
117.1236,48,1994.308142
122.72441,54,1994.393108
-360.51392,29,1994.433938
108.077614,99,1994.47144
162.9678,33,1994.565759
132.62059,55,1994.565809
155.55786,71,1994.573496
167.60646,32,1994.648392
194.76784,29,1994.698867
134.3345,41,1994.754784
36.20375,247,1994.868844
169.53635,40,1994.948649
146.66582,36,1994.969794
191.49031,29,1995.089183
69.03579,107,1995.126123
56.919914,131,1995.253798
166.28868,44,1995.292874
75.96215,95,1995.301144
43.113476,301,1995.308752
205.75539,30,1995.332672
-104.25155,341,1995.373147
-405.1608,122,1995.50883
-12.08518,335,1995.528085
141.84917,32,1995.576291
198.37787,28,1995.584164
99.00863,47,1995.657712
115.76954,55,1995.682264
126.60252,143,1995.682311
125.225136,57,1995.757852
-363.2838,31,1995.836692
92.371956,71,1995.860987
67.175255,57,1995.967391
117.49552,50,1995.984101
199.18608,30,1996.067015
98.3592,145,1996.101431
121.990654,42,1996.17626
161.41267,34,1996.238546
183.43024,67,1996.281431
193.0102,28,1996.329973
139.97083,42,1996.408998
94.70952,67,1996.723499
115.924706,71,1996.809657
121.33501,150,1996.872311
123.28634,158,1996.912647
190.71872,67,1996.933414
-30.509098,435,1997.088531
118.30636,52,1997.149663
-1188.1708,1600,1997.17399
99.28996,51,1997.357738
-32.26303,219,1997.437994
160.52313,57,1997.605492
130.671,73,1997.685156
153.8628,105,1997.733197
179.6268,36,1997.733243
84.03564,138,1997.922035
45.64498,77,1997.970185
139.27339,49,1997.989368
175.61725,50,1998.110107
105.15206,164,1998.202628
149.95267,50,1998.300193
-82.157814,380,1998.54642
148.08301,106,1998.546466
112.58203,77,1998.585165
82.711464,49,1998.604433
109.96599,66,1998.62866
26.30457,197,1998.716591
146.75896,56,1998.740696
196.83945,36,1998.908838
149.72475,37,1998.958384
191.24707,37,1998.997189
112.6071,37,1999.124385
-366.60605,25,1999.172307
150.84273,38,1999.241138
93.4583,65,1999.358335
154.73682,43,1999.380438
136.24207,43,1999.506738
143.75574,41,1999.533303
167.73297,36,1999.550029
28.041786,185,1999.550074
190.74545,28,1999.783115
183.84258,31,1999.783162
-120.18126,422,1999.848676
147.10179,45,1999.961308
206.26138,28,2000.110039
170.77592,38,2000.136345
195.5889,27,2000.222179
54.097435,95,2000.248657
111.98244,85,2000.345775
191.26102,32,2000.421197
164.5415,34,2000.465247
134.37311,38,2000.610138
-1.7397277,224,2000.620231
51.350334,162,2000.857845
-226.0055,537,2000.886852
139.55107,47,2001.057347
-258.0042,704,2001.075155
168.38474,37,2001.20155
98.68071,96,2001.373851
-24.148823,418,2001.394791
84.56193,128,2001.441524
188.6098,29,2001.488097
173.58908,104,2001.605651
42.912743,199,2001.675545
96.414925,69,2001.731288
104.24749,48,2001.862437
129.15001,59,2001.950564
141.37097,54,2002.388805
122.7478,159,2002.421276
152.41507,93,2002.508598
28.685944,226,2002.521988
119.0164,135,2002.867093
102.24669,116,2002.994714
153.06004,49,2003.049664
158.55548,49,2003.178807
83.90916,61,2003.3215
120.20897,123,2003.370553
117.92989,53,2003.583329
155.49605,31,2003.616953
122.08833,68,2003.884834
172.47113,30,2003.934237
-153.91417,342,2003.969272
41.715057,212,2003.992392
-87.15086,302,2004.265565
129.63274,40,2004.36525
117.8531,51,2004.381785
149.47539,55,2004.45019
106.10415,68,2004.574665
65.08764,106,2004.591685
121.863495,36,2004.674229
87.58715,150,2004.759751
-403.79175,50,2004.767776
-355.6386,26,2004.814091
-1615.3956,1600,2004.891188
-451.01892,257,2005.125725
18.377861,210,2005.164922
192.159,57,2005.164967
137.00143,49,2005.290037
-1690.1825,1600,2005.313297
134.95549,46,2005.359586
113.40853,72,2005.377503
146.29376,68,2005.470826
101.65589,79,2005.526426
104.3169,51,2005.573641
107.3544,66,2005.663885
148.76015,61,2005.663929
126.76912,139,2005.702672
134.58652,47,2005.765442
78.26522,70,2005.893432
143.34528,39,2005.900193
114.75839,56,2005.974632
-368.20593,26,2006.083917
125.73725,51,2006.102481
151.20238,79,2006.110911
124.54252,61,2006.259048
137.89688,87,2006.358424
165.22993,38,2006.426171
-329.2883,47,2006.473166
150.55142,34,2006.526674
161.36902,33,2006.688326
114.91814,76,2006.723894
160.96988,32,2006.734026
164.56763,50,2006.769508
122.91506,54,2007.130879
96.480896,54,2007.171805
200.05539,56,2007.21668
160.4423,40,2007.484699
126.41331,91,2007.493059
73.73857,196,2007.514719
50.5509,193,2007.585757
-3.535195,257,2007.797673
173.82286,68,2007.835765
178.57933,59,2008.014145
143.65495,36,2008.102481
60.79328,82,2008.18259
109.27682,50,2008.404272
177.95699,42,2008.428575
30.654093,239,2008.514082
77.0067,98,2008.594494
183.27464,32,2008.662972
-74.6803,414,2008.759693
-350.57645,47,2008.768152
-1395.8302,1600,2008.849694
-271.40094,451,2008.978796
155.27576,40,2008.98797
159.75145,50,2009.158136
-361.434,26,2009.203079
205.24995,31,2009.235959
90.294395,86,2009.310483
175.5334,61,2009.355621
-265.7181,760,2009.600917
132.76973,49,2009.641084
-510.45084,200,2010.004918
96.74041,54,2010.004977
133.72655,74,2010.07264
171.2952,34,2010.072687
20.638245,280,2010.093713
80.7535,166,2010.093758
210.99757,34,2010.308315
-1730.8716,1600,2010.347365
183.85326,36,2010.389009
164.79843,50,2011.218287
179.35222,48,2011.25927
180.99571,27,2011.393878
105.9884,68,2011.456695
173.41985,30,2011.482137
137.26193,43,2011.49888
-29.625814,366,2011.538361
-367.31097,29,2011.636902
91.87165,66,2011.645158
182.9397,35,2011.762748
143.57799,38,2011.762794
171.65973,34,2011.772708
192.56743,32,2011.89169
201.37447,32,2012.003577
123.05454,71,2012.081917
199.79042,35,2012.156801
115.074356,75,2012.331689
88.02829,150,2012.435157
-598.02496,276,2012.435199
178.12892,30,2012.569296
202.26382,50,2012.829742
50.973175,253,2012.891089
115.39272,117,2013.031493
-145.67303,336,2013.050045
154.25853,77,2013.096942
152.75111,31,2013.125681
182.34798,30,2013.173597
-470.40555,178,2013.182339
27.95022,194,2013.182378
105.94277,51,2013.45566
-33.31061,178,2013.60663
-22.164698,381,2013.65282
75.77348,88,2013.767048
-2424.5486,1600,2013.829409
131.86673,53,2014.104882
165.75185,41,2014.122482
133.5239,152,2014.395902
164.46599,34,2014.395956
96.39909,150,2014.433751
118.44789,87,2014.560692
-451.0721,121,2014.618569
165.42583,75,2014.727204
54.158905,261,2014.734076
184.68661,30,2014.813714
155.3051,36,2014.922318
61.465057,226,2014.970524
188.49078,29,2014.989368
166.14177,44,2015.119164
160.38196,97,2015.189337
196.19818,28,2015.215622
103.116776,52,2015.236794
120.38487,113,2015.319194
178.95404,31,2015.431812
80.64262,256,2015.555515
119.1742,45,2015.588768
124.87441,51,2015.613488
153.70769,41,2015.636101
41.090195,316,2015.775057
182.34293,32,2015.823802
195.0823,28,2015.84971
45.911003,68,2015.972511
77.43929,129,2015.998052
-35.421406,357,2016.102326
62.781704,65,2016.172264
193.29819,31,2016.246696
131.3926,57,2017.151604
125.226654,91,2017.182639
161.90265,42,2017.202632
-1594.5261,1600,2017.210354
196.9169,28,2017.397961
160.9161,44,2017.536231
32.706356,225,2017.599698
109.40776,81,2017.637608
92.67022,79,2017.680888
160.20837,35,2017.691473
93.73522,59,2017.702422
92.15687,146,2017.83213
189.00668,37,2018.013638
96.13531,50,2018.101604
134.53792,56,2018.111089
140.75056,46,2018.228445
100.549866,98,2018.414434
189.5927,52,2018.578066
172.58899,43,2018.61026
186.5732,34,2018.701251
63.868572,126,2018.791107
126.44388,92,2018.82526
-375.34998,30,2018.849518
131.92493,40,2018.999622
165.94884,37,2019.057973
195.96051,28,2019.066431
105.92489,169,2019.107237
193.41808,32,2019.327217
191.80336,35,2019.345274
-949.26904,1600,2019.502473
57.656178,86,2019.640191
-412.47418,1079,2019.651361
168.80737,87,2019.669128
109.74104,67,2019.729764
103.81013,41,2019.743873
-48.09628,453,2019.871315
9.3182,193,2019.871359
-369.99976,29,2019.906833
149.80501,39,2020.003384
-160.05164,333,2020.062163
185.53195,29,2020.16932
-159.7009,338,2020.271892
117.810715,79,2020.282553
104.827835,51,2020.396581
157.45177,38,2020.396628
137.52275,36,2020.537711
150.0827,75,2020.693039
78.68112,103,2020.702416
152.881,62,2020.711082
187.0541,30,2020.711132
107.547325,49,2020.794497
132.45993,56,2020.85285
186.66219,31,2021.158599
166.16919,48,2021.190374
133.07805,61,2021.310966
106.17625,195,2021.311015
67.54637,163,2021.377597
-53.026302,248,2021.413549
87.24818,105,2021.457515
182.39253,31,2021.468236
69.56212,111,2021.651307
176.21536,33,2021.781164
161.36598,37,2021.811257
116.76832,77,2022.120582
84.13347,74,2022.130854
145.6987,36,2022.130914
-328.63864,48,2022.279643
189.0951,35,2022.459966
-1068.6648,1093,2022.469774
139.05354,39,2022.509144
71.34883,138,2022.666036
62.39939,198,2022.666086
28.844177,296,2022.677632
-2719.5764,1600,2022.940655
114.08262,80,2022.964153
187.32262,28,2023.435119
133.14732,76,2023.464585
169.30707,33,2023.486999
33.253777,211,2023.495659
100.28263,115,2023.636617
-12.410958,275,2023.696368
145.72256,47,2023.850856
62.04657,65,2023.966637
96.514,52,2024.052789
49.723907,144,2024.060725
151.91245,76,2024.117222
143.1288,38,2024.165649
-25.00435,283,2024.188141
74.3841,156,2024.272436
44.890106,170,2024.390146
166.44066,111,2024.404263
112.152435,62,2024.502223
136.0584,39,2024.545291
127.08502,43,2024.556342
157.11938,66,2024.65799
143.27936,80,2024.76533
157.13982,63,2024.962818
127.85285,78,2024.970218
126.20057,108,2025.066439
131.10594,65,2025.109261
68.76972,178,2025.221891
163.19853,35,2025.270299
96.57558,79,2025.317701
144.13026,45,2025.480343
135.6989,76,2025.594646
154.66043,127,2025.609159
155.90997,50,2025.677613
84.171135,56,2025.677655
192.76413,31,2025.73331
-362.15082,26,2025.893326
169.18471,40,2025.946738
-16.103207,203,2026.223644
191.13216,37,2026.261086
-2001.3744,1035,2026.284697
174.90698,39,2026.563654
122.99862,39,2026.629355
105.291145,49,2026.686511
132.24026,45,2026.925643
149.824,37,2026.925688
-549.936,323,2027.153808
-38.962543,295,2027.235572
60.666565,193,2027.355066
106.99801,221,2027.543485
-232.24759,742,2027.560152
195.65161,30,2027.612865
-312.9179,568,2027.62064
124.67525,44,2027.923141
160.14621,38,2027.944666
71.99039,175,2028.153026
165.6551,38,2028.494671
-160.80559,362,2028.795518
188.29977,28,2028.851601
-11.073672,212,2028.859469
74.53172,112,2029.024867
74.20221,197,2029.08497
136.5628,43,2029.2096
-168.95058,721,2029.272295
119.60572,48,2029.309362
183.13615,30,2029.362756
168.38867,66,2029.657843
112.33011,47,2029.874547
112.598564,100,2029.886264
-1466.084,1600,2029.987864
128.77696,45,2030.620789
182.89507,54,2030.646635
81.72469,118,2030.735718
130.40234,118,2030.778711
-774.4541,610,2030.89432
188.92203,33,2031.00588
126.519066,43,2031.180293
168.69135,55,2031.202592
176.37668,31,2031.308943
56.554443,186,2031.347198
185.34503,30,2031.481611
148.62492,151,2031.481662
188.71208,30,2031.631389
160.51321,105,2031.919451
100.54412,97,2031.959681
-341.1849,59,2032.053127
-374.65094,48,2032.076488
85.80018,57,2032.207259
195.62222,30,2032.355348
189.15936,30,2032.448114
186.1979,36,2032.559534
139.65463,56,2032.665743
-445.01865,91,2032.809761
-376.603,53,2032.89383
137.07503,34,2033.049418
-249.28003,763,2033.13353
180.67986,68,2033.367062
114.45751,58,2033.431854
133.76797,39,2033.508662
191.10759,30,2033.69679
131.5752,69,2033.758588
116.883835,54,2033.758649
50.626404,327,2033.941597
147.49493,50,2034.022634
158.67072,59,2034.206605
136.5643,40,2034.239074
168.68367,41,2034.250585
-486.48053,261,2034.403532
115.14069,65,2034.469246
132.60417,38,2034.675748
190.26414,30,2034.833076
152.75735,80,2035.140939
133.48518,54,2035.343333
75.63604,107,2035.495093
-713.7145,668,2035.516344
32.791542,148,2035.565616
154.08728,113,2035.738881
-127.89351,48,2037.300353
116.47279,47,2037.308139
87.09854,129,2037.623151
168.3297,44,2037.649724
67.56896,98,2037.767177
191.28052,27,2037.864548
-7.017447,246,2037.885228
148.7671,51,2038.15388
155.68236,53,2038.272312
-241.79721,958,2038.27236
117.65757,53,2038.29771
-435.80133,954,2038.457155
95.80054,149,2038.482413
-82.00676,368,2038.665339
144.60825,132,2038.665382
191.42072,30,2038.694917
158.33919,33,2038.744004
-1096.937,1600,2038.844739
15.723477,216,2038.862947
107.633156,74,2038.886072
197.47255,36,2038.950002
139.17747,111,2039.03652
-368.22104,49,2039.083453
178.72292,32,2039.103556
180.66246,33,2039.129286
168.32286,51,2039.297575
188.43298,32,2039.350776
93.80325,59,2039.438508
178.10002,28,2039.595514
144.06935,57,2039.611921
113.102455,41,2039.656548
100.075745,175,2039.711696
120.75167,87,2039.787635
43.84849,187,2039.824568
160.13034,45,2039.846809
173.77995,29,2039.907455
135.24585,43,2040.196443
178.48337,69,2040.203734
178.12111,40,2040.218884
158.36026,80,2040.413438
-148.51006,668,2040.458785
207.10107,28,2040.465819
183.4441,52,2040.627866
132.61522,117,2040.653442
-12.390334,236,2040.726785
-709.9509,254,2040.786711
120.39523,51,2040.81046
147.67523,47,2040.818498
167.68118,37,2041.036466
157.30174,37,2041.128109
172.23587,70,2041.198201
102.34382,126,2041.222229
109.81804,58,2041.265067
142.32227,38,2041.423229
45.37649,280,2041.439846
148.33902,34,2041.488241
125.081375,104,2041.488288
160.94319,41,2041.522561
107.865776,67,2041.562185
166.73537,106,2041.664836
194.16858,26,2041.699308
-380.62152,35,2041.707503
125.37286,47,2041.820196
170.47789,72,2041.836188
0.39006755,262,2041.940934
156.47876,71,2042.070918
197.92264,30,2042.070961
162.47002,74,2042.158454
100.2589,76,2043.041727
-13.36218,238,2043.091493
115.59609,50,2043.182335
94.15598,54,2043.212941
137.7645,105,2043.229696
-1283.2098,1600,2043.254987
178.42186,35,2043.366825
23.909082,352,2043.422593
193.62639,30,2043.460073
137.74388,40,2043.510714
141.23035,43,2043.610249
153.74294,36,2043.743404
173.88046,42,2043.75795
132.11047,120,2043.977005
82.110725,214,2044.105029
-216.13872,819,2044.105082
147.88606,110,2044.222019
167.43166,40,2044.303916
96.64322,79,2044.368495
-53.122623,230,2044.393587
166.05112,34,2044.402361
115.021576,114,2044.410955
171.01756,45,2044.494944
151.43048,40,2044.639099
203.86157,32,2044.655872
189.0571,31,2044.663877
166.0063,35,2044.686747
42.81366,308,2044.714623
-1633.1218,1600,2044.841995
198.00623,63,2044.881229
-1064.3619,1600,2044.895829
110.1117,96,2045.009903
-26.219107,274,2045.072173
140.59259,35,2045.109269
172.91501,35,2045.156556
186.77888,45,2045.252364
187.33405,31,2045.355415
162.41393,40,2045.382422
199.32492,29,2045.382466
158.85971,95,2045.432847
125.61216,60,2045.484094
-121.116035,46,2045.602439
1.8589966,253,2045.602487
193.44637,32,2045.625658
-493.32745,131,2045.684659
-14.777914,247,2045.716194
129.79211,39,2045.74015
71.36032,62,2045.830158
68.32015,172,2045.845788
157.90926,65,2045.888416
130.45245,56,2045.916993
111.37074,165,2045.932299
177.8323,35,2045.984228
163.57692,55,2046.023243
150.8798,65,2046.088124
177.24886,51,2046.107994
121.29138,66,2046.176197
137.77118,60,2046.429297
121.4665,59,2046.467539
98.359856,86,2046.49413
119.62942,57,2046.535553
125.810875,95,2046.551205
-380.44843,55,2046.610311
162.14441,70,2046.663627
167.33551,37,2046.73064
111.64258,43,2046.816718
189.9987,30,2046.847843
133.20732,58,2046.992247
60.78452,147,2047.047141
136.51976,53,2047.077425
194.72427,33,2047.103611
119.841705,48,2047.182781
84.47853,205,2047.208044
119.52503,96,2047.249485
93.772736,188,2047.333038
177.76323,44,2047.333086
197.3238,30,2047.446063
140.16615,58,2047.500675
84.0492,107,2047.557825
-16.688093,388,2047.660131
123.80285,63,2047.72325
41.602894,162,2047.802231
99.8933,46,2047.83639
147.9584,73,2047.883787
190.08452,30,2047.892546
119.33882,98,2049.603782
203.91933,28,2049.611751
57.143646,120,2049.689528
153.17221,37,2049.79756
168.7357,51,2049.879423
-2008.567,1600,2049.917022
130.43379,42,2049.952129
96.17969,53,2050.016006
125.21861,126,2050.158998
191.66603,31,2050.245324
49.924377,195,2050.413743
87.73505,162,2050.413833
69.63679,77,2050.479533
126.818115,144,2050.555476
135.94223,40,2050.649018
95.80163,81,2050.745426
-353.32883,59,2050.76082
180.59785,28,2050.807262
167.97737,72,2050.835617
172.7205,31,2050.948583
143.0271,36,2051.059473
138.5928,60,2051.120454
156.91656,49,2051.23446
178.38467,33,2051.26539
162.35358,50,2051.29335
166.49892,35,2051.39594
170.68056,32,2051.423812
178.43753,33,2051.552869
198.79474,43,2051.68933
174.97432,40,2051.793833
89.69947,130,2051.85083
60.947117,227,2051.946397
169.7616,76,2052.024524
155.12613,39,2052.05228
45.41546,174,2052.079019
-11.991386,256,2052.146876
-493.3131,928,2052.181443
-546.36664,861,2052.226701
71.5305,86,2052.245617
145.62206,71,2052.597543
60.322353,84,2052.796907
-420.44452,104,2052.806357
-606.78754,291,2052.832989
148.17053,66,2052.83306
123.7869,124,2052.937493
181.14163,32,2053.094511
-463.61197,111,2053.104607
196.2236,33,2053.145038
97.37172,127,2053.229766
107.160774,47,2053.249238
-390.50464,49,2053.293497
112.40508,82,2053.360376
176.19977,31,2053.425364
101.38444,56,2053.447886
29.810898,159,2053.612214
113.91293,53,2053.674165
98.746544,52,2053.682536
136.04225,69,2053.690465
-241.18965,864,2053.891377
93.165375,71,2053.936297
177.82646,34,2053.963534
-44.885654,342,2053.971817
82.73138,86,2054.006793
174.52492,55,2054.081428
163.06197,76,2054.081476
108.53922,140,2054.286834
164.0055,35,2054.295749
137.4089,42,2054.313576
-516.5973,237,2054.322991
115.45764,113,2054.354015
104.971436,84,2054.371846
93.37826,84,2054.388232
128.89641,67,2054.488291
16.580288,271,2054.506798
155.85573,71,2054.559795
168.3468,37,2054.68103
141.36067,48,2054.690727
-362.23877,47,2054.781679
86.03922,58,2054.7988
160.34726,39,2054.829261
178.59041,42,2054.874772
112.87407,105,2054.958821
132.66238,40,2055.142967
173.55049,39,2055.164368
129.37437,63,2055.324142
182.26585,54,2055.333547
204.60596,28,2057.474072
87.169044,90,2057.523276
51.294754,165,2057.540342
150.52904,77,2057.686849
184.31602,35,2057.701823
156.40326,155,2057.747504
153.42436,39,2057.800212
-476.6529,926,2057.813517
150.9568,36,2057.845788
19.366774,173,2057.862936
38.17789,227,2057.886385
-84.594124,45,2057.90144
85.13136,159,2057.983147
90.60641,53,2058.123512
181.05244,33,2058.132894
120.90072,50,2058.261974
190.34486,33,2058.262019
150.98862,67,2058.369872
189.21431,31,2058.395672
135.96222,101,2058.550608
68.06102,97,2058.61658
75.921104,219,2058.616627
109.55466,61,2058.640877
134.98306,45,2058.64092
178.00507,39,2058.723051
132.49295,55,2058.723098
28.69965,168,2058.809179
159.33846,57,2058.856545
190.59999,31,2058.881741
164.76212,34,2058.935968
150.56517,45,2058.936014
114.14244,57,2059.102318
-8.323731,326,2059.125276
136.34816,38,2059.133742
-369.9419,25,2059.141271
136.64706,64,2059.269023
132.14363,51,2059.283425
-234.27072,734,2059.292691
147.71684,77,2059.292734
176.56305,50,2059.348206
170.46135,33,2059.371795
192.99332,33,2059.405301
-377.87137,51,2059.562728
-366.5377,26,2059.562776
157.50146,36,2059.586328
130.31909,42,2059.610811
186.34589,33,2059.830805
165.44382,34,2059.892972
156.31915,81,2059.966563
194.12837,68,2059.975729
132.32837,151,2059.991991
79.57656,252,2060.015918
-359.40625,55,2060.023754
169.62236,38,2060.157738
68.41507,108,2060.181038
149.39413,33,2060.238931
37.37933,189,2060.435103
160.9543,68,2060.444422
186.60674,59,2060.485691
188.27275,62,2060.485737
123.52318,63,2060.529072
99.08419,59,2060.740672
165.85217,100,2060.824254
8.8411255,431,2060.850339
107.22859,149,2060.850382
180.27715,42,2060.88106
166.85022,48,2060.890046
131.21214,88,2060.91966
117.28116,54,2060.938229
135.3589,49,2060.948546
188.30829,30,2061.228657
159.687,39,2061.228753
154.50247,42,2061.290711
22.286884,400,2061.321277
186.58282,41,2061.348206
122.31505,72,2061.442646
-359.21887,53,2061.442694
13.27397,149,2061.556823
147.41122,33,2061.567465
178.52469,29,2061.617403
78.658745,52,2061.818447
118.62873,93,2061.818494
113.69931,50,2061.858404
164.48851,34,2061.895722
163.49147,64,2062.085188
112.16637,67,2062.117601
181.67996,58,2062.147958
89.99878,134,2062.157707
184.50772,32,2062.176391
-41.41902,338,2062.176446
142.058,49,2062.299776
118.2908,73,2062.336882
110.18232,113,2062.354292
166.91855,51,2062.391197
186.62296,63,2062.429312
202.89731,31,2062.464993
174.2852,39,2062.483955
168.30943,37,2062.522742
185.5384,36,2062.647197
155.69286,53,2062.656477
135.05344,39,2062.713484
124.16389,43,2062.853059
136.37204,57,2062.90669
148.3666,44,2062.916215
130.17775,83,2062.957823
144.91026,53,2062.988566
90.84375,64,2063.434358
135.49213,64,2063.499662
155.34503,35,2063.751463
167.90463,73,2063.768038
107.57127,75,2063.775729
133.66216,87,2063.822513
113.297386,127,2063.875549
190.35612,34,2064.094224
113.40312,152,2064.181487
175.82188,39,2064.189354
-113.28755,527,2064.315028
39.581593,91,2064.494081
164.13246,53,2064.59994
69.200165,118,2064.686048
187.85405,29,2064.721025
175.9346,40,2064.905672
145.03949,35,2064.988586
125.11138,66,2065.207517
-168.02983,835,2065.214998
132.14842,146,2065.327883
166.83336,45,2065.341912
167.03677,32,2065.444461
-770.0153,250,2065.491605
158.82588,47,2065.572744
125.53547,89,2065.602781
56.57713,248,2065.705097
-39.306667,324,2065.760907
49.33936,326,2065.805472
-630.5442,394,2065.857381
53.30438,227,2065.864919
142.06183,37,2065.889987
-177.75185,433,2065.91451
163.90186,48,2065.949057
175.90373,30,2066.011003
87.61439,80,2066.083991
82.82191,232,2066.145508
44.212624,104,2066.163522
170.14615,37,2066.224863
191.69264,28,2066.241676
132.47652,53,2066.31263
134.93513,76,2066.337463
129.3306,105,2066.34525
-213.46329,644,2066.360691
145.19945,60,2066.393888
110.75752,62,2066.646517
126.8982,51,2066.695271
143.41957,54,2066.737727
156.48375,70,2066.779711
91.44252,99,2066.983768
150.03131,50,2067.117661
149.39201,51,2067.171385
170.75726,63,2067.179261
90.032265,137,2067.203372
113.258156,38,2067.273386
135.05313,123,2067.289796
119.64273,138,2067.44458
-1456.11,1600,2067.518373
-8.107492,286,2067.577582
140.23853,52,2067.601289
73.12812,197,2067.611061
157.63509,46,2067.636595
121.27426,61,2067.655215
-104.530426,790,2067.734624
153.63303,38,2067.871843
97.32629,248,2067.87979
108.03907,98,2067.879835
187.11356,34,2067.910842
195.9435,30,2067.967951
127.66759,72,2067.998964
156.65309,69,2068.049189
184.67346,30,2068.136827
78.55078,73,2068.980198
11.510332,244,2069.030994
152.60016,37,2069.068981
166.55716,41,2069.181824
160.06831,37,2069.317119
188.23753,83,2069.343686
42.63569,119,2069.351964
175.02733,56,2069.419983
146.6496,102,2069.479139
167.19406,40,2069.495465
149.703,57,2069.514488
92.96109,142,2069.552458
106.69725,80,2069.585902
184.76302,34,2069.617111
126.77684,49,2069.701826
31.196272,223,2069.714642
143.70724,40,2069.730385
135.06834,39,2069.8014
90.928276,48,2069.860649
195.25192,36,2069.868373
179.43661,35,2070.016209
102.175514,64,2070.070916
-41.501522,335,2070.070965
183.3943,29,2070.118672
141.83383,74,2070.118721
142.3843,42,2070.229526
129.84319,35,2070.361393
-47.68634,285,2070.481982
171.8282,35,2070.549086
177.99315,31,2070.656041
175.45457,49,2070.668531
96.343704,82,2070.681034
156.76021,48,2070.720868
161.57442,111,2070.932118
184.17987,34,2071.001298
128.91916,35,2071.087545
-376.93817,45,2071.180503
180.89297,42,2071.315619
84.08539,49,2071.42983
-121.70135,284,2071.447875
82.99084,216,2071.447923
96.89875,129,2071.487541
126.26309,84,2071.551972
-338.9069,51,2071.622765
187.61429,33,2071.741837
139.23477,38,2071.78266
184.69524,35,2071.85721
-354.4666,52,2071.88642
175.81903,36,2071.938154
30.693262,156,2072.027166
127.49465,92,2072.114055
136.55893,39,2072.190744
72.290215,134,2072.236042
115.62822,59,2072.236085
173.86266,39,2072.346971
-413.06857,50,2072.354896
146.9396,77,2072.434879
56.23612,225,2072.546045
140.53267,126,2072.553581
159.21129,36,2072.6466
114.28951,58,2072.678041
3.578156,451,2072.748044
29.824863,323,2072.756587
148.60672,92,2072.892432
165.0297,64,2072.902392
122.40501,60,2072.946805
-328.98105,47,2072.955087
-411.5067,86,2072.97328
174.5002,94,2073.045636
137.53445,51,2073.093971
201.00519,29,2073.13949
200.68167,29,2073.187643
151.0333,63,2073.215274
100.5661,48,2073.354644
125.195656,60,2073.404199
207.11488,29,2073.444969
91.93857,98,2073.55423
162.35056,59,2073.561095
50.10267,68,2073.583321
145.14743,36,2073.627769
-756.01086,460,2073.780025
157.3049,85,2073.810257
88.60431,60,2073.857548
119.28157,146,2073.923846
-372.71384,63,2074.032269
133.70909,36,2074.076946
-503.64554,189,2074.076987
120.78873,50,2074.146895
175.1541,35,2074.195676
143.4363,41,2074.363208
-632.391,305,2074.371876
160.22592,46,2075.192342
-715.2701,934,2075.292109
94.65441,46,2075.328395
91.85906,48,2075.535607
158.7341,77,2075.567953
105.76888,66,2075.686581
152.2497,63,2075.84998
155.36337,41,2075.922695
133.72067,46,2075.937488
46.80521,211,2076.113244
185.01572,31,2076.184554
109.910126,127,2076.278754
155.93575,57,2076.371525
49.16377,285,2076.631601
42.928204,102,2076.674975
43.099697,290,2076.702368
113.521,170,2076.752684
14.656216,235,2076.789208
180.87097,37,2076.94233
161.8884,35,2076.990678
11.93779,345,2077.010195
-18.618721,404,2077.019325
109.53027,88,2077.099097
87.85156,101,2077.105931
-368.63776,49,2077.179996
99.03614,70,2077.25291
158.40451,68,2077.30538
181.01181,52,2077.363573
192.66522,34,2077.379303
148.23537,37,2077.397147
155.57965,34,2077.581423
182.77531,32,2077.647548
149.21693,37,2077.674971
89.46734,65,2077.709837
125.14511,70,2077.914395
155.66653,36,2077.930534
150.61818,117,2077.93816
125.396645,48,2077.955152
-193.69994,418,2078.022562
184.09839,33,2078.18517
168.31564,35,2078.285749
103.71327,46,2078.294796
200.75096,45,2078.302672
142.65176,39,2078.570925
121.47769,60,2078.743994
179.49602,63,2078.760947
143.90378,46,2078.932582
41.226173,261,2079.025705
147.5449,49,2079.137397
135.29224,52,2079.182749
35.22279,279,2079.20017
-12.036372,207,2079.303309
-117.81485,47,2079.537024
154.82603,83,2079.675002
-47.516182,229,2079.681707
-174.78276,506,2079.699707
174.43922,30,2079.778097
108.66359,73,2079.874506
195.39862,43,2080.111791
186.02211,33,2080.128642
110.95845,59,2080.147133
121.78226,140,2081.374882
136.22586,102,2081.614186
178.86836,46,2081.632213
-288.952,1105,2081.660505
-1115.0935,1600,2081.714904
140.42291,128,2081.892205
170.52202,80,2081.938434
105.38234,66,2082.015582
172.23306,91,2082.0953
65.78161,225,2082.14629
-383.2023,47,2082.349462
108.70574,75,2082.436592
-116.453896,450,2082.476395
176.22784,41,2082.53702
116.37665,101,2082.635557
147.16682,39,2082.717775
177.37996,36,2083.055366
129.89816,47,2083.073734
115.799965,79,2083.215477
152.92654,86,2083.245668
-443.9779,180,2083.351952
-446.3307,156,2083.500145
71.322655,201,2083.536099
170.72806,36,2083.565609
181.69914,32,2083.661129
173.07068,66,2083.687658
163.6662,53,2083.760144
189.86789,28,2083.781945
194.83426,77,2083.82098
178.0278,34,2083.874053
-168.85184,787,2083.933563
-328.60178,46,2084.000718
182.71436,37,2084.108206
151.72972,47,2084.116656
151.60826,40,2084.162721
171.18765,36,2084.171105
177.35954,35,2084.219928
200.91843,26,2084.370638
-87.75817,710,2084.370684
-475.46994,854,2084.405655
189.02388,30,2084.414538
175.28893,31,2084.471407
107.26219,46,2084.484551
162.26085,58,2084.569995
180.82158,33,2084.730606
59.24135,142,2084.833246
184.64111,38,2084.856818
82.08914,123,2084.969273
-531.75476,339,2085.081089
165.11975,39,2085.12889
103.949524,102,2085.148818
144.17596,92,2085.162908
100.6154,65,2085.222131
110.63765,111,2085.245698
169.64584,55,2085.374082
172.08772,56,2085.580413
125.4149,70,2085.658796
123.00489,42,2085.697934
130.24881,78,2085.740887
122.15295,97,2085.816774
103.82141,127,2085.825624
132.68854,58,2086.045283
18.286486,292,2086.060009
75.77322,115,2086.133367
144.23735,55,2086.244543
-764.36194,1361,2086.244585
159.12083,46,2086.401275
150.28174,34,2086.508031
134.64775,69,2086.592643
175.34795,64,2086.729558
62.84949,125,2086.729607
206.36354,29,2086.961655
113.88491,81,2086.979247
72.053085,139,2087.016196
128.78377,51,2087.016253
-21.147442,341,2087.153702
107.405334,62,2087.194784
-466.09387,182,2087.23615
202.76476,29,2087.252942
132.95445,75,2087.349152
-655.1702,878,2087.484017
138.6587,56,2087.631189
146.57704,86,2087.689429
-59.582386,298,2087.697963
190.97485,31,2087.75143
102.715836,69,2087.832744
125.23275,163,2087.832805
75.69748,107,2087.87433
-405.93198,77,2087.982989
117.30299,128,2088.071452
168.23676,32,2088.123732
153.16792,37,2088.123775
128.30984,120,2088.186368
83.4335,69,2088.244999
144.55263,67,2088.275736
149.8692,71,2088.395243
107.15091,143,2088.405257
85.80923,104,2088.461078
117.439964,48,2088.507008
70.42192,103,2088.50705
135.39804,48,2088.565171
162.8588,60,2088.722777
130.18027,93,2088.722835
59.072666,118,2088.996132
115.741615,77,2089.003566
126.54451,58,2089.010418
66.258354,80,2089.018762
-312.33603,841,2089.027236
172.51375,41,2089.335285
124.67217,142,2089.388047
139.39594,53,2089.414598
158.97461,54,2089.446295
163.41048,33,2089.586402
190.97781,31,2089.645404
97.475105,150,2089.666621
8.051921,200,2089.682124
165.6642,49,2089.829408
179.0194,57,2089.829456
131.83412,105,2089.837401
169.50645,108,2089.84463
179.7255,32,2089.937396
161.31024,42,2089.980655
151.89156,51,2089.989159
178.10988,28,2090.060799
37.738464,175,2090.083634
192.38924,38,2090.134485
177.13585,37,2090.141867
124.98765,39,2090.14191
141.00809,32,2090.250088
182.67194,29,2090.398579
130.06377,39,2090.408111
182.91757,44,2090.487395
124.38675,61,2090.548989
148.3986,44,2090.579489
139.23177,78,2090.692898
191.74512,34,2090.82871
121.47349,55,2090.893212
178.39804,31,2090.980784
133.45691,47,2091.012309
61.696266,78,2091.06473
118.23516,41,2091.064809
-255.29778,799,2091.064821
45.53423,141,2091.117671
155.89876,38,2091.117723
-1770.1995,298,2091.19012
139.68723,53,2091.353559
147.10283,46,2091.381218
141.20143,38,2091.422453
171.53174,32,2091.433758
161.93253,50,2091.461379
169.02399,37,2091.48577
-651.09503,339,2091.536429
-155.77243,681,2091.695573
147.28546,71,2091.732066
68.2502,69,2091.760277
153.6835,60,2091.780325
129.04767,35,2091.780379
169.73221,44,2091.859192
173.23888,37,2091.895491
100.439125,85,2091.913568
98.84781,57,2092.036927
118.374016,73,2092.064351
89.63726,47,2092.178999
197.14252,28,2092.179043
145.68616,53,2092.197471
133.55487,39,2092.636522
180.50629,42,2092.815881
135.34798,35,2092.93751
-419.22034,66,2093.128352
155.26285,52,2093.128401
-523.36975,109,2093.331138
179.88051,34,2093.460849
157.0015,54,2093.475255
129.97781,64,2093.493222
-1720.7107,1600,2093.553314
163.40276,48,2093.59974
132.1478,101,2093.676775
169.73236,41,2093.730383
164.96205,53,2094.023808
67.683525,70,2094.09755
62.18734,207,2094.154561
194.38199,57,2094.219139
193.73251,36,2094.31864
197.4481,28,2094.326082
192.20303,29,2094.556397
138.265,122,2094.623915
75.89291,155,2094.775661
151.15134,68,2094.868266
-515.9398,1369,2094.88458
59.48919,346,2094.952278
156.58546,58,2095.100056
-64.17581,399,2095.134966
129.96686,74,2095.169956
199.50505,48,2095.178965
162.42618,50,2095.305399
-370.7687,47,2095.347108
186.96179,29,2095.427934
116.847374,38,2095.482954
174.77158,48,2095.537487
171.33754,34,2095.577736
141.03204,65,2095.629174
-81.671524,393,2095.656519
154.62813,35,2095.801689
92.879364,52,2095.88706
153.10721,34,2095.895997
178.54471,42,2095.903865
1.8324177,296,2095.94336
169.20944,67,2095.943402
166.01,31,2096.043149
178.07526,56,2096.102577
206.19121,30,2096.143835
134.49846,38,2096.197296
160.07637,45,2096.256051
183.07677,27,2096.372381
158.12415,54,2096.38888
83.0093,56,2096.406436
187.83543,31,2096.475076
188.73332,30,2096.664898
-393.97018,80,2096.723064
26.93092,309,2096.739376
140.19666,50,2096.793765
-7.8521476,333,2096.85983
99.35379,58,2096.866965
197.64288,28,2096.938032
107.255165,102,2096.947085
110.208496,199,2096.955635
-28.203009,560,2097.00865
181.7592,32,2097.049373
195.37257,33,2097.134423
161.14484,62,2097.161981
203.3445,28,2097.168498
206.96584,30,2097.287568
182.15807,56,2097.46084
148.92926,37,2097.468907
97.31438,117,2097.665588
108.402985,48,2097.665635
127.731766,64,2097.665642
100.653725,111,2097.753708
124.05284,115,2097.874041
-420.45117,124,2098.112405
112.59801,111,2098.182891
176.00943,37,2098.338287
121.76491,53,2098.346152
120.301926,51,2098.494746
137.64528,85,2098.494791
114.2481,116,2098.536502
-451.92184,592,2098.63534
175.89891,47,2098.689124
154.83917,112,2098.705761
82.16033,144,2098.747733
-366.6841,796,2098.794876
172.97336,45,2098.845253
164.7118,33,2098.964214
131.03452,86,2099.006571
89.72352,165,2099.117082
155.2489,64,2099.237426
-460.8392,80,2099.25504
180.86519,54,2099.262851
164.92332,100,2099.271374
164.52834,35,2099.535017
160.30841,37,2099.543307
65.30441,98,2099.550176
156.77946,38,2099.565381
157.40892,133,2099.565425
153.77219,44,2099.58432
117.15272,74,2099.697524
124.7419,91,2099.714044
-171.0004,421,2099.761729
134.68364,103,2099.771226
134.55502,40,2099.867251
200.34201,38,2099.880423
123.131,43,2099.895313
130.50485,41,2099.920476
184.12961,30,2099.96668
193.99248,28,2100.001426
182.84709,32,2100.042758
173.02693,36,2100.213133
186.38017,29,2100.22872
57.12631,197,2100.251772
40.964565,267,2100.276645
151.32176,52,2100.28449
173.88412,46,2100.330395
158.44867,40,2100.359097
147.87933,101,2100.376817
103.360466,93,2100.468278
167.5758,37,2100.609246
201.76196,31,2100.651079
140.82625,57,2100.699292
174.99106,38,2100.788473
78.85764,87,2101.005417
92.84334,94,2101.013483
86.60725,81,2101.036952
139.97723,38,2101.094911
66.00634,92,2101.101734
-431.02686,54,2101.134245
146.7236,119,2101.235515
168.03545,37,2101.318245
55.979355,98,2101.422599
141.12463,48,2101.545359
173.19083,65,2101.564708
166.11546,69,2101.627992
108.513,67,2101.677683
128.2705,126,2101.705729
-430.57397,70,2101.910022
196.5884,28,2101.910074
155.89247,59,2101.920649
135.46953,44,2102.076209
147.22394,102,2102.120156
136.77539,73,2102.18884
60.278526,138,2102.270202
25.735943,83,2102.326153
189.0744,31,2102.334641
134.48117,76,2102.538641
160.62791,38,2102.63843
61.34497,65,2102.792678
-455.16266,111,2102.827242
68.83769,95,2102.883779
-1445.961,1600,2102.926759
55.471706,184,2103.063903
201.2268,29,2103.119266
88.818306,74,2104.112361
-293.112,409,2104.161068
124.279236,66,2104.202058
152.72026,78,2104.43437
154.64102,42,2104.503498
178.78775,39,2104.52203
103.816315,69,2104.560205
115.25465,146,2104.603527
50.895916,135,2104.785663
160.65463,38,2104.792557
28.993013,226,2104.870099
86.84291,46,2104.94826
172.97798,31,2105.024764
143.84373,80,2105.12672
-508.07104,1144,2105.148547
159.96007,50,2105.167749
39.3141,305,2105.224577
-3.8737648,167,2105.247934
205.64468,23,2105.322396
185.77505,41,2105.328922
77.397446,159,2105.343381
-709.7554,1443,2105.488472
145.18214,35,2105.488519
97.276474,141,2105.513361
193.76082,36,2105.767073
193.85515,36,2105.767121
77.37664,119,2105.845178
139.38762,87,2105.907379
115.250206,80,2105.943896
140.64575,35,2106.039638
83.85205,99,2106.109648
142.10037,80,2106.134132
164.02466,50,2106.158633
198.03978,28,2106.267427
153.87112,55,2106.288846
105.43367,124,2106.288893
206.28008,29,2106.405348
172.279,45,2106.480409
113.4067,72,2106.524958
-104.51723,428,2106.57864
212.76572,32,2106.665011
171.1452,61,2106.771903
145.75526,94,2106.909755
100.83058,84,2107.171278
-221.17401,265,2107.291996
133.83073,79,2107.318645
-799.4848,1225,2107.371932
138.35378,36,2107.48719
98.97497,127,2107.600203
196.32463,37,2107.636433
182.9887,36,2107.778008
-345.7011,49,2107.987628
79.16935,255,2108.01163
-690.45544,948,2108.138197
60.464306,203,2108.226953
85.21814,63,2108.261311
152.37268,51,2108.37522
177.924,39,2108.529829
206.06587,35,2108.529871
153.07646,71,2108.544915
145.16362,56,2108.562628
35.58127,244,2108.731162
190.53345,29,2108.775436
130.92796,39,2108.83615
117.12058,39,2108.836197
183.38017,29,2109.157499
127.7894,89,2109.157549
-337.95367,43,2109.203261
108.43643,50,2109.213173
-33.04108,281,2109.248004
88.1208,249,2109.430282
179.83296,38,2109.507737
-826.5503,1096,2109.666531
69.88189,268,2109.806396
111.75922,86,2109.822414
116.26885,82,2109.876664
155.96425,59,2109.956902
123.21742,49,2110.050634
93.8065,124,2110.118352
172.77284,43,2110.139075
113.76229,47,2110.32723
116.41159,70,2110.380128
-37.83058,233,2110.48266
95.626625,49,2110.55966
90.633224,146,2110.601154
-410.17236,91,2110.635202
129.50797,74,2110.680381
172.04893,43,2110.853981
128.99644,49,2110.854032
189.05312,27,2110.90567
177.56447,45,2111.196627
122.14126,61,2111.268617
176.32318,41,2111.268676
136.05128,48,2111.297093
13.126389,226,2111.31396
186.41156,30,2111.537715
166.92328,40,2111.723223
96.6984,75,2111.732758
91.59412,48,2111.769688
187.74992,30,2111.832015
146.43428,57,2111.851798
110.89276,44,2112.136852
112.21829,58,2112.295244
-584.0252,365,2112.333642
106.24654,57,2112.390401
119.89692,115,2112.440517
183.41536,34,2112.479445
-289.5827,947,2112.729158
114.145546,109,2112.838584
132.35269,40,2112.838629
79.18324,51,2112.89415
29.23706,190,2112.894193
67.55487,79,2113.070348
183.01337,41,2113.227745
10.393195,238,2113.311429
-524.77246,969,2113.340743
158.25371,33,2113.377749
147.46445,123,2113.522797
150.00897,81,2113.60755
119.859955,117,2113.607596
163.72258,53,2113.738639
-0.7090959,196,2113.757113
-579.2329,987,2113.838759
189.47432,29,2113.889379
123.65316,40,2113.911111
202.13754,27,2114.006434
167.28581,40,2114.117143
91.764366,131,2114.15056
173.6665,82,2114.169915
180.59573,35,2114.178717
-329.29013,875,2114.204837
153.70259,40,2114.263282
74.08683,106,2114.343934
140.83092,42,2114.393018
174.2511,37,2114.483814
151.37906,35,2114.503692
-409.3514,45,2114.512681
-451.37854,135,2114.561379
158.63681,64,2114.692874
158.00377,54,2114.715235
156.51941,31,2114.740466
89.38862,201,2114.740513
139.52942,52,2114.773968
155.72658,54,2115.411685
164.19136,48,2115.558858
131.74782,58,2115.657513
136.3213,44,2115.748708
82.40464,76,2115.748756
-422.3577,916,2115.988512
121.731674,63,2116.073917
143.99785,205,2116.090318
-252.33347,1050,2116.098843
125.62357,132,2116.260569
169.29494,69,2116.313565
-77.980644,366,2116.38874
161.97133,43,2116.421423
189.93797,30,2116.494607
149.4577,60,2116.556829
179.01204,35,2116.58068
68.652504,306,2116.627578
105.70206,136,2116.74541
148.81927,33,2116.845359
112.19708,103,2116.88336
142.97864,64,2116.897312
-384.7874,51,2116.897352
23.891716,280,2116.897359
98.898346,68,2117.105957
191.70544,30,2117.136731
-140.56578,239,2117.136778
125.578865,40,2117.443831
-53.652206,326,2117.451872
125.92191,112,2117.793791
118.85768,43,2117.811054
-402.33008,46,2117.826679
0.34381709,233,2117.843144
123.80497,151,2117.961599
-421.39615,134,2117.978823
151.34978,41,2118.13196
-581.4656,390,2118.148744
-16.322157,162,2118.18544
141.11714,49,2118.214992
193.53278,31,2118.215042
114.13672,212,2118.349699
141.75674,52,2118.403204
176.3991,29,2118.455238
191.12057,33,2118.488902
113.687675,45,2118.505044
193.37012,29,2118.743966
-6.9715934,371,2118.753884
65.7705,237,2118.78288
125.62355,37,2118.803847
160.7814,51,2118.840309
115.63548,85,2118.864773
-1.065984,482,2118.86482
193.26424,26,2119.031858
163.66469,45,2119.138839
145.6347,33,2119.138886
73.63682,168,2119.234382
130.48509,65,2119.329138
61.041756,120,2119.351312
154.72112,34,2119.418313
90.7305,148,2119.425014
171.81715,35,2119.425055
-125.90676,372,2119.453881
191.06,29,2119.462851
92.61703,104,2119.679285
54.17941,237,2119.782873
114.8585,67,2119.931548
124.533,70,2119.947957
94.99089,154,2119.983882
147.18207,84,2120.073399
118.20541,140,2120.130733
126.04117,64,2120.273324
-403.31415,54,2120.34909
109.64709,83,2121.366385
90.48579,167,2121.544151
124.68745,87,2121.612061
-364.9176,26,2121.612105
148.37468,88,2121.811045
177.22922,41,2121.932539
52.13092,131,2121.961225
115.20599,143,2121.971694
192.60231,27,2122.067008
76.52623,241,2122.126394
3.6528397,254,2122.229058
182.01117,31,2122.242561
129.87938,67,2122.260826
188.82635,30,2122.269677
44.980087,137,2122.394846
137.84282,52,2122.478726
-372.7696,42,2122.683465
104.05834,60,2122.729164
77.04673,118,2122.768841
-88.270996,306,2122.914569
34.4603,69,2122.95395
203.8235,56,2123.035398
137.06349,67,2123.061038
194.84369,41,2123.169568
44.184242,106,2123.28457
112.50852,67,2123.388737
133.09225,45,2123.500139
156.10928,34,2123.51003
144.68376,81,2123.710196
161.0181,42,2123.793008
128.91043,81,2123.821152
97.47766,68,2123.941332
170.51605,107,2123.990663
99.44939,49,2124.167668
115.33706,72,2124.195575
156.13069,38,2124.535464
41.981724,198,2124.592036
-469.28696,116,2124.599501
-482.98218,83,2124.608852
96.846886,76,2124.71099
179.37296,63,2124.773247
5.7163405,307,2124.987465
152.19385,35,2124.987509
188.8094,52,2125.018945
92.007416,52,2125.038358
70.80988,133,2125.128833
103.262184,47,2125.153447
189.75943,31,2125.275352
185.71709,29,2125.384942
105.48677,98,2125.403658
132.0311,43,2125.469776
186.06151,62,2125.485643
20.523727,205,2125.567306
-777.0045,1600,2125.595216
124.95681,44,2125.62327
145.09633,33,2125.665785
31.219406,139,2125.673489
128.55783,80,2125.68532
-459.85303,910,2125.764541
-363.8765,708,2125.863422
-365.10495,28,2125.915916
174.33693,32,2125.932791
107.09097,65,2126.022882
134.36873,50,2126.038876
80.08007,82,2126.058304
-372.3528,46,2126.058349
99.846855,61,2126.11151
-534.02423,432,2126.143179
163.67444,76,2126.20145
135.34122,45,2126.296244
189.33005,35,2126.305294
157.07982,56,2126.312523
149.00562,34,2126.328159
157.84814,35,2126.33552
186.12247,30,2126.567033
148.95584,77,2126.644254
123.783615,42,2126.652515
155.29794,70,2127.145837
-64.100365,232,2127.154701
103.69545,107,2127.281857
121.88264,67,2127.495088
37.600468,167,2127.5625
107.51471,49,2127.562564
156.06583,53,2127.592198
161.68423,77,2127.592252
47.475094,122,2127.599691
54.131855,154,2127.756724
128.72122,143,2127.772024
199.4772,25,2127.780356
194.14388,27,2127.830353
194.06543,31,2127.830406
194.08127,31,2127.859828
150.9931,46,2127.894471
154.60391,71,2127.894531
45.405235,188,2127.949731
-319.04895,977,2127.972761
174.19264,31,2128.024135
99.94743,51,2128.032835
176.3228,29,2128.088493
-403.59818,850,2128.159789
190.7258,31,2128.208724
-26.91112,264,2128.23389
118.91007,48,2128.243009
115.13153,59,2128.279064
146.84131,63,2128.315588
117.857315,48,2128.370701
138.94337,61,2128.521352
179.84917,46,2128.529263
103.49865,86,2128.597651
166.00485,49,2128.597698
158.74689,43,2128.710772
135.74173,57,2128.725709
147.30756,37,2128.811857
77.2516,88,2128.918603
120.318855,43,2128.927682
130.12491,51,2128.995062
160.86385,38,2129.003386
160.62488,54,2129.143701
-419.94116,55,2129.238003
178.05966,55,2129.354173
-129.289,47,2129.368479
173.33957,35,2129.513612
166.31438,53,2129.55838
-36.041676,371,2129.883764
151.56151,72,2130.169709
161.54213,34,2130.17725
14.782228,313,2130.438683
64.306046,239,2130.46485
86.82622,56,2130.641994
-298.5658,605,2130.712839
71.19172,172,2130.79421
39.595676,315,2130.803694
64.74616,156,2130.831728
118.32291,46,2130.831778
89.86663,80,2130.862143
-92.963165,367,2130.871387
-83.52076,337,2131.15836
203.0895,27,2131.180802
119.4319,81,2131.295949
123.08493,41,2131.33971
131.67792,65,2131.369743
58.09038,228,2131.500132
172.91733,32,2131.569269
-59.54943,405,2131.569312
-3.2658596,290,2131.619651
131.30484,72,2131.628731
122.67048,85,2131.657683
127.265724,44,2131.657727
151.4897,34,2131.657735
151.7018,36,2131.698113
128.2694,37,2131.72667
92.28077,81,2131.737831
179.56076,31,2131.896632
40.236298,104,2131.896675
185.51323,31,2131.922615
126.27799,42,2131.932003
153.65388,101,2131.943508
141.26326,40,2131.96641
164.86845,54,2131.966454
58.679688,341,2131.991565
-968.55725,1600,2131.991607
164.28267,34,2132.014682
200.94812,26,2132.138031
168.17763,34,2132.214695
179.53421,67,2132.227433
188.23041,34,2132.303865
139.96503,38,2132.317219
98.80986,47,2132.366783
107.82271,59,2132.396158
180.03683,31,2133.566051
143.01595,81,2133.653536
117.71338,100,2133.653582
155.42168,78,2133.669449
142.56964,109,2133.696729
124.615845,61,2133.734004
131.07455,36,2133.773177
164.00816,46,2133.773226
125.558495,85,2133.78117
109.58544,54,2133.831017
188.51776,29,2133.909659
117.1826,46,2133.940719
88.45811,108,2133.940766
156.31488,46,2134.032532
134.60173,46,2134.032576
186.59627,44,2134.086301
141.05766,60,2134.258257
188.71942,31,2134.275404
144.56717,34,2134.303569
99.41871,47,2134.323487
96.00071,51,2134.323529
148.19505,111,2134.351648
38.847656,204,2134.351715
158.36372,36,2134.384446
126.16179,48,2134.68579
-512.9988,115,2134.695145
157.66283,65,2134.883014
168.21193,37,2134.983596
94.29762,88,2134.983646
199.42947,40,2135.03983
105.15708,86,2135.062286
173.08232,30,2135.160307
15.731443,297,2135.190628
51.70505,109,2135.238704
84.14062,115,2135.26336
151.71916,57,2135.490505
127.868195,39,2135.554687
104.359985,53,2135.564506
157.40114,72,2135.59917
-12.251342,284,2135.599215
180.55804,29,2135.727158
122.84997,44,2135.905831
189.9566,29,2135.958186
173.42061,49,2135.958231
100.18241,112,2136.068755
138.32756,40,2136.228724
129.75468,39,2136.267617
127.28744,51,2136.473324
134.8906,35,2136.504085
21.484673,196,2136.550496
26.53645,296,2136.68283
-374.80475,27,2136.715181
103.884315,147,2136.760792
115.838264,68,2136.800842
187.95824,33,2136.808813
-210.6649,915,2136.833418
198.83078,26,2136.967691
148.95479,38,2137.093775
184.09732,30,2137.202079
140.32558,48,2137.21026
-578.2384,434,2137.233269
134.60498,90,2137.399511
142.17354,86,2137.492151
171.4333,44,2137.559912
200.18956,27,2137.769594
134.72525,38,2137.787524
-114.66366,468,2137.975326
38.318466,199,2138.028145
164.91093,39,2138.080842
175.43367,32,2138.276061
151.32709,115,2138.284314
124.50968,44,2138.318712
-4.861293,417,2138.644102
175.3206,63,2138.715936
186.45343,60,2138.906888
158.95764,34,2138.929438
65.67695,198,2138.938078
-46.179626,243,2139.163918
155.44493,32,2139.197207
134.0671,96,2139.236515
-4.0373363,448,2139.285693
103.15691,46,2139.305098
100.56442,126,2139.44759
161.189,34,2139.478598
178.3165,30,2139.485305
-326.29483,685,2139.545298
156.9391,34,2139.584836
-354.7932,26,2139.66459
83.65202,52,2139.711268
163.77718,32,2139.744846
-370.75253,28,2139.771722
-408.91916,83,2139.840006
164.06642,42,2139.916087
123.10273,59,2139.949701
176.67215,33,2140.098965
177.29898,31,2140.205489
166.76259,47,2140.298883
76.92802,70,2140.33205
83.97606,86,2140.408058
-34.92471,219,2140.503654
206.9736,28,2140.528584
-4.1580224,210,2140.615024
167.38286,45,2140.701614
178.76967,36,2140.799052
54.10518,365,2140.843693
182.13997,59,2141.193113
160.17236,46,2141.231319
116.91413,147,2141.320005
116.998604,67,2141.366507
146.65604,99,2141.442186
147.51802,65,2141.783027
38.73412,180,2141.966768
138.87134,83,2141.996374
86.06696,84,2142.104091
164.7954,36,2142.123327
145.90553,37,2142.333106
112.10096,49,2142.481018
170.4535,38,2142.501893
177.73582,31,2142.639637
153.81677,32,2142.799291
156.3964,33,2142.832198
-1049.6935,741,2143.116934
162.5705,51,2143.147032
-750.35785,1110,2143.192021
167.22008,39,2143.212366
30.081696,213,2143.431229
127.87887,55,2143.65983
149.8085,54,2143.677906
101.403496,49,2143.677954
-101.360016,380,2143.697998
187.26772,34,2143.763084
-724.2739,1043,2143.952852
182.49348,30,2143.9912
199.03136,33,2144.001078
141.73381,90,2144.097498
161.26436,53,2144.171529
184.86485,32,2144.4416
157.63307,33,2144.441644
-402.65024,51,2144.712147
188.80547,32,2144.739879
118.380745,112,2144.869164
203.30608,27,2144.946617
184.65659,27,2144.971156
0.028867707,293,2145.056414
161.18965,109,2145.082127
190.77168,30,2145.127607
-315.876,602,2145.250966
92.410706,52,2145.527874
121.6989,69,2145.559464
89.76052,61,2145.577149
135.44357,40,2145.597625
205.47629,29,2145.804916
105.15454,84,2145.843351
121.66256,37,2145.90964
195.5869,34,2146.175794
153.76512,51,2146.216128
155.40059,177,2146.428073
125.31053,113,2146.464562
153.74193,34,2146.504043
-841.5061,329,2146.772022
174.54138,52,2146.896147
144.16675,65,2146.969899
144.75313,173,2147.00527
128.52011,35,2147.046746
-275.70563,716,2147.085001
-9.390005,329,2147.101579
-359.6059,27,2147.10968
171.8522,117,2147.144814
209.05875,38,2147.345304
-978.60114,1600,2147.463797
149.18358,46,2147.509435
137.69481,72,2147.544558
102.358475,71,2147.576781
19.501701,392,2147.732908
184.97563,35,2147.9968
-449.9397,927,2147.996842
131.80742,61,2148.032854
128.8093,147,2148.291044
158.27303,50,2148.404724
142.90346,63,2148.505411
104.58834,260,2148.59903
73.437965,60,2148.771875
172.68253,29,2148.835697
70.62759,235,2148.991796
155.16034,43,2149.187464
-112.82912,208,2149.251822
-76.558464,244,2149.327213
110.876144,141,2150.697669
107.85557,58,2150.712998
98.68752,56,2150.783739
-1003.0141,1600,2150.821028
-190.36125,795,2150.821116
74.307945,65,2151.004314
200.6359,26,2151.037151
-9.149934,356,2151.145568
-369.77026,50,2151.279805
-369.8479,29,2151.351212
27.933956,176,2151.507649
145.5574,63,2151.585651
200.20316,29,2151.667775
124.77543,57,2151.700068
108.36744,82,2151.821715
86.878044,77,2152.112941
125.92855,61,2152.132919
-994.4801,348,2152.433118
-620.9191,415,2152.45208
-115.323,305,2152.461244
-1069.7277,1600,2152.63015
161.05623,58,2152.681933
187.41998,28,2152.73392
194.18176,30,2152.763771
192.05681,26,2152.890488
156.93088,129,2152.918012
171.12965,108,2152.918056
56.023296,299,2153.127017
-58.50602,490,2153.137936
122.2421,38,2153.293869
154.31287,60,2153.322352
140.71367,61,2153.484896
71.869446,143,2153.530679
-221.10329,733,2153.556439
-15.879168,188,2153.604126
96.65443,51,2153.636353
174.97702,37,2153.897997
143.73157,68,2153.985772
129.24721,56,2154.105276
185.61906,29,2154.171296
133.5169,72,2154.289839
13.890052,87,2154.316851
123.17772,100,2154.58274
144.0128,49,2154.626346
130.87332,74,2154.675494
181.0473,50,2154.78223
28.248655,211,2154.782276
-144.01242,330,2154.877983
126.178635,188,2154.902584
-265.32544,396,2154.902641
178.03616,32,2155.173303
-65.12567,270,2155.210008
165.46509,52,2155.337918
145.29085,64,2155.411175
-22.196295,334,2155.547446
68.86563,145,2155.565601
80.340805,121,2155.621099
-2320.3037,1432,2155.742113
163.64046,36,2155.817362
50.87778,128,2155.832064
166.71913,79,2155.847714
157.41608,43,2155.890719
178.58003,88,2156.044443
138.91316,36,2156.11701
-27.439075,238,2156.14134
-107.15725,323,2156.149823
90.37427,53,2156.166614
151.38962,55,2156.294725
165.26933,33,2156.326209
29.611948,205,2156.334469
178.52809,35,2156.794959
163.67331,56,2156.795008
71.92121,66,2156.900042
170.90816,62,2157.045161
168.43506,62,2157.054676
-346.17575,263,2157.063237
11.031276,447,2157.075666
158.96846,42,2157.142946
132.5006,99,2157.203418
155.23853,47,2157.285167
155.47772,35,2157.33793
135.64322,69,2157.353371
147.80219,37,2157.374212
58.83685,172,2157.477338
33.622643,231,2157.508574
181.26978,58,2157.53242
206.15779,25,2157.676687
169.91107,52,2157.758116
147.71169,34,2157.807059
105.027855,70,2157.90946
153.1188,51,2157.909506
167.24644,32,2157.927088
-17.693447,365,2157.979811
101.61718,98,2158.066287
147.23872,46,2158.196248
146.65683,38,2158.260509
149.06456,36,2158.294457
62.902462,159,2158.356396
175.33788,72,2158.560365
180.13318,33,2158.569698
165.42612,39,2158.716869
195.1412,29,2158.872764
146.11389,34,2159.012208
137.5722,69,2159.039448
24.451502,107,2159.093182
51.929367,230,2159.153468
-196.42093,448,2159.192026
-169.0678,364,2159.235568
212.39165,25,2159.235614
173.1068,73,2159.267094
-24.852282,167,2159.276795
194.21465,31,2159.356477
-38.77924,364,2159.469968
-1212.6996,847,2159.518818
154.14783,66,2159.574426
-210.99898,445,2159.58601
151.40588,56,2159.63141
106.25807,96,2159.66332
147.20407,67,2159.691528
108.61366,71,2159.801038
26.570854,185,2159.832742
163.50908,36,2159.920812
141.79958,40,2159.990357
146.00122,51,2159.997926
125.550865,71,2160.051509
56.426365,251,2160.104443
123.8109,50,2160.232559
112.48063,134,2160.326758
124.49989,103,2160.334841
-50.500698,375,2160.36279
136.64641,41,2160.414445
154.63716,69,2160.530456
161.56102,75,2160.567055
127.49054,38,2160.63289
109.59264,134,2160.632933
154.78064,46,2160.689229
52.21219,401,2160.740078
173.24452,71,2160.781553
145.9807,53,2160.963488
131.20412,143,2161.053154
174.03969,66,2161.170823
105.84934,143,2161.180112
146.16249,56,2161.245542
123.17241,51,2161.4015
147.1114,36,2161.494498
-16.154825,216,2161.545311
167.97319,38,2161.572639
106.71236,142,2161.587189
72.591545,297,2161.628025
179.6293,32,2161.75672
188.40808,28,2161.780698
99.57458,126,2161.797787
122.34661,72,2161.797847
-542.7791,319,2161.939352
-371.12103,42,2161.939399
11.832088,282,2162.709078
102.684944,127,2162.841503
192.00467,28,2162.881299
189.02354,30,2163.122419
155.78929,125,2163.13588
60.004425,219,2163.156245
149.87944,82,2163.171684
105.77777,65,2163.17173
195.16281,26,2163.313062
154.1778,36,2163.439505
51.796505,99,2163.602357
104.3365,67,2163.648727
-72.72361,358,2163.959985
149.81052,50,2164.028084
53.862343,101,2164.092957
149.50922,44,2164.297958
187.56406,29,2164.320632
19.588118,123,2164.390666
102.45449,241,2164.390713
70.15611,161,2164.409385
109.58106,125,2164.570277
168.4215,70,2164.862795
125.34668,68,2164.934016
114.896545,98,2165.166934
50.305252,105,2165.240703
-47.86382,396,2165.411369
-507.95673,347,2165.418229
132.66478,75,2165.464388
-649.4307,524,2165.471207
96.22415,57,2165.621566
180.67094,34,2165.735357
63.233788,160,2165.828946
165.46613,33,2165.862856
-443.62296,83,2165.87918
137.05067,35,2166.000516
187.88672,27,2166.037926
96.69421,87,2166.082748
42.4028,381,2166.12185
181.831,32,2166.135854
101.27844,99,2166.237947
204.18468,50,2166.513243
61.028465,225,2166.71321
133.00755,86,2166.842012
164.11082,50,2166.94234
153.2835,33,2166.992766
119.88038,51,2167.37478
127.355705,168,2167.382643
96.95959,183,2167.462941
-419.14612,76,2167.531304
-11.368117,270,2167.55442
-1.9803576,211,2167.554491
124.56011,48,2167.852336
195.04784,30,2167.860502
-291.29416,816,2167.99577
174.6914,49,2168.039368
72.33485,66,2168.177163
139.91243,73,2168.595228
132.45346,57,2168.63797
105.00585,148,2168.749438
124.75565,118,2168.809038
166.21263,42,2168.971677
-5.8297296,369,2169.132954
151.59267,87,2169.277392
150.07994,68,2169.286579
65.81051,166,2169.372769
83.11038,196,2169.42892
177.43903,60,2169.596065
142.69597,48,2169.649824
160.6226,38,2169.656438
120.18841,54,2170.019485
87.407074,49,2170.047457
91.80614,63,2170.157715
131.31412,36,2170.303423
104.53357,192,2170.321231
187.23317,31,2170.593369
180.05486,30,2170.829356
89.607315,98,2170.845263
39.556564,135,2171.221299
139.73595,51,2171.232522
158.8476,57,2171.270643
-1144.6177,905,2171.307328
53.82961,373,2172.258593
135.30977,115,2172.529932
76.761856,266,2172.879215
-196.92792,155,2172.96401
21.225107,158,2173.0337
-1157.6713,1282,2174.392414
-1286.1741,1600,2174.486589
142.68417,43,2174.82118
-176.07626,475,2174.959978
88.18428,250,2174.993083
164.93277,60,2175.313168
116.82005,150,2175.542305
55.922314,174,2175.606123
106.84124,216,2175.652352
138.06598,83,2175.677368
111.89276,137,2175.677428
193.74123,59,2175.790167
143.24744,37,2175.953533
148.25252,60,2176.001999
189.24048,32,2176.222355
21.67641,247,2176.250753
99.048935,68,2176.330117
153.94104,83,2176.330163
207.06581,28,2176.444929
159.67537,34,2176.604394
-1007.6303,714,2176.741051
168.58928,55,2176.880613
-2013.7609,1600,2176.912336
136.52734,122,2176.984493
192.8259,55,2177.038485
-1674.9155,1600,2177.055485
50.927307,263,2177.073621
191.7401,32,2177.169868
119.70479,49,2177.283285
169.6422,33,2177.318462
188.2459,31,2177.334344
78.985374,56,2177.439412
109.25882,61,2177.55248
167.56003,37,2177.579551
57.705208,261,2177.688384
144.09,50,2177.7118
51.35558,201,2177.859226
180.06303,50,2177.968122
207.03587,25,2178.054959
-545.7367,546,2178.061518
167.2878,53,2178.097824
197.20741,29,2178.279846
141.17259,121,2178.377019
176.08498,32,2178.509686
-1019.1913,1600,2178.841307
160.31052,61,2178.980603
-102.439156,313,2179.191111
43.46355,161,2179.197738
169.64581,40,2179.292881
101.91032,121,2179.310027
-42.57677,246,2179.832756
-100.61587,486,2179.848676
26.157698,186,2179.909631
90.09525,75,2180.152253
136.19269,87,2180.252479
93.05714,132,2180.252527
147.39096,56,2180.260606
178.7567,40,2180.470233
208.10063,30,2180.494907
-1245.6189,1375,2180.527102
140.57214,107,2180.681253
152.931,74,2180.873585
136.16367,56,2180.994994
19.52787,327,2181.003323
-1711.7177,1600,2181.207149
189.37823,30,2181.258658
-1736.474,1600,2181.858707
152.47217,123,2181.92704
101.40555,118,2182.005183
145.18663,34,2182.217648
179.91304,53,2182.499089
179.35779,34,2182.535669
130.71231,79,2182.554969
199.78102,30,2182.784782
20.19466,270,2182.829269
-501.77118,637,2182.93329
-149.2495,311,2182.958935
105.62503,54,2183.044983
1.1996201,201,2183.054326
-366.2923,29,2183.05441
185.71278,31,2183.12094
158.07672,63,2183.149595
-625.8541,384,2183.226785
16.547138,309,2183.226841
191.42604,28,2183.317863
148.68231,45,2183.364735
162.71777,43,2183.457838
119.91374,56,2183.497306
180.99008,29,2183.50683
175.54056,33,2183.545961
164.26065,44,2183.546009
187.141,31,2183.622121
127.6705,37,2183.71319
201.39279,28,2183.758527
187.53789,29,2183.776459
117.30092,41,2184.005374
-268.8001,874,2184.005418
156.27086,32,2184.063223
66.596886,314,2184.08211
-378.46585,43,2184.119649
189.34785,33,2184.374628
155.64981,41,2184.3953
169.92421,66,2184.643834
160.53217,37,2184.737361
111.18461,173,2184.801314
100.8312,83,2184.881083
179.97803,30,2184.929768
187.0334,30,2185.032395
100.28286,173,2185.194105
204.1915,34,2185.242956
144.49153,43,2185.272728
181.81744,29,2186.386569
164.9994,38,2186.500729
168.61649,35,2186.657355
83.72183,158,2186.742791
180.04439,73,2186.811954
151.35786,39,2186.811997
69.47349,136,2187.096891
171.87761,35,2187.096965
116.30235,50,2187.212612
-721.35065,336,2187.436132
199.79967,32,2187.453565
128.84149,125,2187.628707
151.61813,56,2187.879457
69.52685,168,2188.046383
136.77441,84,2188.075066
85.1376,294,2188.121282
190.90503,71,2188.172404
208.84497,28,2188.249016
142.52576,40,2188.416924
183.663,75,2188.439336
197.55922,30,2188.67703
129.92822,37,2188.707611
174.19826,62,2188.73661
190.14362,34,2189.016902
-640.4758,253,2189.048074
183.85367,49,2189.113473
56.10536,134,2189.130527
-30.802328,304,2189.448119
102.29896,63,2189.54582
-578.50256,1055,2189.571605
167.6208,67,2189.664074
-338.89862,942,2189.686375
145.96553,77,2189.730686
137.13292,37,2189.850883
76.53417,109,2189.893723
148.19534,56,2189.908459
114.89959,45,2189.939711
130.72496,54,2190.172695
125.30203,53,2190.323213
-244.95398,679,2190.339094
-141.89969,765,2190.421423
-440.19067,66,2190.445027
185.62862,29,2190.567784
143.2942,41,2190.715661
-27.993841,268,2190.810134
118.41795,146,2190.81018
165.13553,77,2191.027821
101.40612,82,2191.200267
165.84592,37,2193.052992
117.3734,133,2193.086056
114.66755,93,2193.282964
-2540.2927,1600,2193.442008
160.4763,32,2193.534541
162.49182,86,2193.601986
135.6757,83,2193.703883
-1690.1633,864,2193.792167
81.56192,171,2193.800752
195.59225,27,2193.81727
-3008.4841,1600,2193.970959
199.7449,38,2194.008785
53.18615,282,2194.108824
123.53084,130,2194.108871
103.27195,91,2194.158065
67.34277,63,2194.284098
136.09203,49,2194.337676
-364.92484,52,2194.40046
181.11128,42,2194.473049
173.77238,34,2194.609993
100.27238,66,2194.618326
-666.5396,1041,2194.626259
103.54818,108,2194.664089
108.17008,48,2194.789585
161.64018,45,2194.978731
86.415,45,2194.985831
141.01955,158,2195.047456
149.8032,35,2195.073327
-653.63904,452,2195.148152
189.06876,29,2195.205366
75.461365,84,2195.338874
-3724.864,1600,2195.592958
109.636185,168,2195.61585
103.093056,83,2195.644126
156.6194,75,2195.670132
-47.387627,403,2195.73413
-334.3176,739,2195.749605
149.93575,54,2195.76475
203.85185,26,2195.80825
133.5854,107,2195.906181
134.83517,47,2196.021809
159.82643,37,2196.033678
168.07997,55,2196.070661
173.55211,31,2196.150282
160.10683,34,2196.325968
202.49037,47,2196.399513
109.74308,117,2196.592082
99.75675,69,2196.689085
18.012201,259,2196.689128
154.59285,47,2196.756495
72.50022,107,2196.854644
1.5101398,436,2196.975298
143.10745,64,2197.345072
85.0368,103,2197.469715
123.20535,71,2197.509659
-34.923397,312,2197.653994
69.16483,128,2197.678849
-512.4801,241,2197.688474
145.62837,33,2198.864014
23.944908,283,2198.881133
152.99586,83,2198.929169
-66.81334,228,2199.031121
-458.0832,84,2199.119392
179.37292,34,2199.150317
163.81854,31,2199.185313
124.684,65,2199.429978
200.79642,35,2199.450284
175.20477,55,2199.665352
209.68741,30,2199.69972
81.790016,150,2199.841693
102.1729,87,2199.8741
184.44583,30,2199.963769
85.62233,61,2199.98641
159.99016,52,2200.115335
67.372314,129,2200.151284
202.52783,38,2200.167306
153.33441,36,2200.182899
131.11751,38,2200.306269
132.68143,35,2200.460818
150.70833,34,2200.588991
-1639.8889,723,2200.842514
131.66975,53,2200.997027
85.15759,136,2201.254478
161.05244,37,2201.276069
-220.03682,354,2201.299827
57.848957,156,2201.355067
173.86331,70,2201.388057
-227.46877,776,2201.643505
125.40694,46,2201.69128
149.58153,167,2201.796819
182.6284,52,2201.796868
0.19273892,396,2201.876076
165.62846,45,2202.030736
130.9383,107,2202.322003
-1484.9271,780,2202.425029
199.37627,45,2202.451962
73.08741,84,2202.557248
43.669453,115,2202.870222
139.05403,56,2202.87027
136.58212,56,2203.011204
71.25118,61,2203.030775
140.71016,54,2203.097052
140.05292,37,2203.234403
26.733545,153,2203.332896
188.96515,28,2203.367371
-175.68256,239,2203.460388
-215.89928,812,2203.510247
-220.1431,691,2203.574856
94.29939,199,2203.584347
118.725,56,2203.584389
-197.21838,250,2203.604095
173.73073,50,2203.731308
197.34926,28,2203.880868
172.58003,52,2204.020481
-388.512,80,2204.121811
138.17007,62,2204.187036
169.60527,70,2204.261531
-411.01465,78,2205.594635
210.6631,34,2205.612775
112.06147,103,2205.634877
93.9167,60,2205.69387
142.13231,39,2205.860306
168.79063,34,2205.893228
76.623795,53,2205.91288
159.00179,52,2206.079583
209.67001,31,2206.12337
60.8571,91,2206.170147
-3.5578372,208,2206.204283
-382.5821,542,2206.21453
137.82205,63,2206.230582
-504.51538,579,2206.339629
46.472523,166,2206.457519
142.51692,45,2206.48755
161.76315,75,2206.515339
185.64273,38,2206.515386
162.30504,49,2206.570485
-397.46756,66,2206.607911
178.81621,56,2206.663553
-1498.1428,1600,2206.859776
151.67372,49,2206.887481
170.15689,55,2206.965678
158.60136,59,2207.083489
142.23363,64,2207.083532
182.07065,28,2207.083539
-1780.2354,1600,2207.105411
126.10876,38,2207.18302
193.53798,46,2207.463965
-26.07148,233,2207.516278
143.56438,57,2207.685066
188.67477,27,2207.712493
68.831375,190,2207.806997
41.502846,137,2207.815947
123.930214,105,2207.849566
-585.1623,365,2207.889696
102.5671,97,2207.916082
134.13571,49,2208.105488
153.95615,50,2208.140182
174.26247,42,2208.174531
145.1684,39,2208.183151
-376.92075,28,2208.382094
164.68874,56,2208.399416
-87.92822,488,2208.426567
117.50577,154,2208.42661
101.187355,57,2208.582395
123.92832,52,2208.602644
150.33087,98,2208.623364
190.18358,28,2208.648023
164.23265,33,2208.856115
53.356926,67,2208.906337
147.64354,63,2208.921988
83.342514,62,2209.07336
96.24981,112,2209.285791
50.857777,360,2209.301826
74.79442,181,2209.36354
98.82643,225,2209.371815
136.00407,60,2209.388748
140.21286,68,2209.407373
161.02858,98,2209.430485
173.41943,66,2209.454791
112.82094,50,2209.471167
149.64642,107,2209.479584
130.98822,36,2209.573624
195.02727,27,2209.696969
167.38492,43,2209.713274
157.87045,36,2209.720093
177.52048,49,2209.76951
156.04959,51,2209.804554
86.916916,60,2209.900715
-414.6764,66,2210.005835
55.81992,86,2210.014454
185.9376,66,2210.0239
154.92732,40,2210.038757
-539.6448,378,2210.20879
116.11555,62,2210.275577
177.8457,60,2210.292843
172.85211,40,2210.350216
191.7308,60,2210.383873
140.21724,71,2210.581834
136.06451,40,2210.62333
161.27614,43,2210.629943
93.010826,134,2210.667878
160.7849,45,2211.850499
153.26596,99,2212.008543
75.85115,136,2212.043346
121.984375,77,2212.054864
123.6105,37,2212.20369
136.40222,59,2212.395321
145.45563,49,2212.479341
145.24991,54,2212.668536
104.0229,50,2212.784032
139.13843,93,2212.894366
103.69421,64,2213.149296
-1319.6248,1542,2213.298301
116.890114,128,2213.423673
-279.44336,728,2213.443278
131.35764,158,2213.472411
163.19493,61,2213.491209
188.22151,31,2213.596993
57.05733,146,2213.608359
97.72921,99,2213.636734
83.46511,54,2213.673762
163.95332,37,2213.775427
155.28941,37,2213.845795
141.59009,43,2213.883573
-11.232035,315,2213.923146
118.80468,54,2214.107272
143.80405,76,2214.166474
158.1801,53,2214.176121
101.49345,48,2214.232922
-655.4713,545,2214.297262
-241.11388,745,2214.308871
166.27657,49,2214.31917
142.24677,56,2214.426007
31.963509,174,2214.475302
82.818375,230,2214.694996
128.97536,45,2214.752112
122.15261,57,2214.863806
119.676285,52,2214.990965
-322.2817,823,2215.014617
193.49463,30,2215.05226
160.69571,42,2215.110206
125.536705,105,2215.147435
130.44954,37,2215.227731
81.86909,132,2215.674626
183.8907,65,2215.695565
176.81058,61,2215.695605
154.11513,98,2215.884263
33.702206,243,2215.891734
56.486034,216,2215.942462
176.67358,38,2216.003996
142.59224,43,2216.028791
72.30847,124,2216.080673
73.073746,102,2216.097773
181.87393,32,2216.152396
27.118664,274,2216.180259
152.90768,36,2216.257273
117.30537,146,2216.331518
192.17142,30,2216.347327
130.17473,38,2216.42178
110.7739,40,2216.504995
157.89883,33,2216.513479
161.72632,57,2216.612101
157.4558,37,2216.62808
170.43015,33,2216.767986
130.28564,125,2216.913426
166.56853,64,2216.93039
149.06894,37,2216.930435
-190.10147,311,2216.930443
169.62971,56,2217.067634
126.60328,39,2217.085755
-77.648895,349,2217.245337
178.5279,44,2217.284993
88.88831,51,2217.325243
132.19072,43,2217.421968
99.5802,60,2217.422018
166.56552,42,2217.590736
192.94978,30,2217.661447
136.2217,42,2217.669625
63.261955,262,2217.961944
88.7515,58,2218.032559
22.904907,228,2218.03261
87.37585,128,2218.112948
149.02567,38,2218.123136
12.107539,436,2218.213355
128.53984,54,2218.24157
84.27874,111,2218.323503
124.02315,37,2218.323553
18.237677,237,2218.37879
165.83786,36,2218.411629
178.0151,46,2218.483076
151.93845,58,2218.501038
184.28287,42,2218.552035
131.2775,36,2218.627047
156.07036,49,2218.64511
108.81807,122,2218.725302
175.07962,30,2218.733279
136.08331,46,2218.75628
-5.669078,326,2218.804401
128.20236,114,2218.894792
180.23172,36,2218.908973
174.0143,36,2219.032743
167.52592,43,2219.138815
152.25954,64,2219.14759
179.05383,28,2219.26382
-385.2532,48,2219.282673
176.07564,28,2219.376942
165.58873,34,2219.424064
141.97655,68,2219.47114
75.80532,106,2219.60119
109.4256,140,2219.649345
24.16812,309,2219.740122
61.638268,125,2219.740171
189.29333,45,2219.828788
156.5001,70,2219.837351
144.1099,77,2219.909564
107.444336,67,2219.927491
119.37546,171,2219.935565
111.04421,48,2219.975947
96.50431,75,2220.036961
171.67918,55,2220.085979
201.6721,27,2220.148129
197.813,28,2220.163582
144.61263,40,2220.23863
108.41254,238,2220.265668
157.276,68,2220.287946
151.91647,40,2220.305447
154.0863,62,2220.335819
89.94444,63,2220.350555
162.03029,36,2220.439926
202.93327,28,2220.495323
203.41858,34,2220.525045
139.63474,56,2220.549722
191.2048,29,2220.603146
132.29967,56,2220.639241
156.93643,37,2220.656057
156.91522,35,2220.880556
160.38043,36,2220.924236
98.90411,77,2221.074071
62.982635,138,2221.170268
99.834564,72,2221.477027
187.77615,48,2221.567935
139.47314,115,2221.591174
173.2578,83,2221.609972
160.47147,65,2221.617313
199.9897,30,2221.730361
197.12682,30,2221.870821
53.13483,188,2222.108191
168.60428,55,2222.136616
65.55473,192,2222.167469
132.69,77,2222.286096
170.46048,63,2222.305204
192.6681,42,2222.457326
167.54028,67,2222.476849
-780.21765,707,2222.491546
-249.05127,331,2222.527518
-360.68182,48,2222.536201
88.143875,109,2222.536252
124.63757,41,2222.634298
159.41068,37,2222.840758
181.98074,50,2222.892245
177.4432,31,2222.892293
163.5795,51,2222.917046
166.1736,33,2223.337997
178.31874,80,2223.425331
-17.44809,319,2223.470979
103.026436,55,2223.55971
119.77691,108,2223.567554
108.24126,100,2223.575835
154.46632,58,2223.608315
195.02574,29,2223.650498
181.76974,29,2223.812193
-787.75977,627,2223.839155
139.82852,48,2223.997862
94.749016,73,2224.051731
77.793396,127,2224.138584
144.57343,82,2224.224905
191.61162,36,2224.334126
55.425137,232,2224.417694
107.03309,54,2224.568787
87.38474,63,2224.723906
156.2005,60,2224.810639
163.6833,77,2225.021868
173.96019,52,2225.133091
-750.42755,1600,2225.337375
94.935905,182,2225.421363
191.02744,41,2225.448458
60.11779,215,2225.506171
105.69963,95,2225.551371
107.45031,77,2225.61916
165.4363,39,2225.644321
-1011.408,1600,2225.70314
-512.7936,311,2225.790354
148.53062,44,2225.798418
195.28264,39,2225.865
146.48137,37,2225.924719
-374.09497,32,2226.057165
169.79787,34,2226.127652
172.13013,56,2226.143659
139.43944,65,2226.16154
6.0717854,331,2226.179807
100.48131,90,2226.223039
41.24003,211,2226.232004
215.33623,24,2226.336146
155.86513,52,2226.609883
-17.691006,383,2226.722943
-295.97595,546,2226.804961
72.657616,76,2226.868917
116.87749,83,2226.932419
-1557.6927,786,2226.965119
131.2044,77,2226.981657
118.76407,46,2227.09241
98.57465,112,2227.116035
-361.40723,47,2227.182273
197.0623,28,2227.20565
173.52289,34,2227.39736
146.06607,75,2227.46942
48.387524,251,2227.469467
117.53921,54,2227.522525
176.24503,27,2227.681062
113.85249,66,2227.708432
-258.44327,885,2227.782649
81.974304,74,2227.810312
177.48122,55,2227.844287
-55.31718,221,2227.875248
-1259.0073,1600,2227.890644
154.14558,45,2227.898642
93.3983,60,2227.960992
-479.6905,255,2228.0048
131.39862,45,2228.054648
164.85992,39,2228.118085
9.903223,248,2228.192992
189.11288,31,2228.217577
107.28772,46,2228.249098
172.27223,61,2228.689387
137.29726,70,2228.701464
181.59595,50,2228.717566
53.605137,168,2228.741596
174.70038,35,2228.757387
5.589182,326,2228.870993
204.83452,30,2228.900825
180.24661,29,2228.948832
170.62196,36,2228.980465
155.14064,91,2228.989552
-346.63745,85,2228.989594
130.3427,57,2228.997561
116.285805,83,2229.085778
-842.5594,602,2229.085821
128.58066,63,2229.100249
143.93243,35,2229.140561
196.86449,52,2229.151141
115.84456,58,2229.221431
155.33044,52,2229.310692
147.39189,33,2229.350365
152.53108,35,2229.363197
183.37776,36,2229.390229
190.68428,28,2229.44095
162.97644,37,2229.440997
162.3509,40,2229.47274
106.707695,66,2229.519353
-370.79868,26,2229.576302
65.49119,126,2229.632145
150.71132,46,2229.682822
177.985,34,2229.747244
43.818245,99,2229.784874
74.171074,57,2229.814003
-403.40073,46,2229.81405
71.96652,66,2229.950336
132.05826,51,2230.013418
141.6817,69,2230.022113
130.14317,39,2230.160441
193.97516,76,2230.173007
128.2408,65,2230.203669
145.36154,50,2230.233823
112.743385,66,2230.266612
179.34354,31,2230.291635
122.510635,47,2230.35363
169.08556,30,2230.428856
-22.806898,382,2230.479506
73.41244,185,2230.488212
113.79571,81,2230.52289
124.8179,39,2230.531029
179.12816,28,2230.58811
121.99318,66,2230.588173
153.70508,73,2230.765807
180.8529,67,2230.77262
173.2111,38,2231.073242
142.3416,63,2231.090273
99.135254,116,2231.225408
86.41048,109,2231.302942
141.17696,133,2231.329953
171.8126,36,2231.369019
154.25406,39,2231.377744
176.40814,111,2231.409227
144.77893,107,2231.432407
104.80669,129,2231.547236
178.68065,29,2231.598175
173.58534,67,2231.745386
140.61288,64,2231.798383
-393.81702,48,2231.807915
181.01854,62,2231.816208
-442.5965,56,2231.849138
-546.54626,398,2231.931844
149.26385,53,2231.970572
187.03142,28,2232.063855
153.27292,86,2232.079537
159.32947,33,2232.08737
-88.03694,396,2232.257107
-544.58246,224,2232.349266
167.67209,42,2232.395288
150.36258,42,2232.567477
-70.85778,663,2232.567525
127.30531,52,2232.662179
172.39099,59,2232.775416
13.03843,261,2232.815006
188.98909,50,2232.940852
172.28552,30,2232.990767
101.68584,103,2233.138409
179.19823,28,2233.138484
47.859013,131,2233.18751
141.77646,61,2233.363929
84.24861,69,2233.553453
135.22433,45,2233.563873
112.13796,106,2233.601729
113.86084,76,2233.6808
26.20331,208,2233.736707
61.941936,116,2233.82393
144.50867,70,2233.855365
189.9444,37,2233.920106
167.70895,41,2233.950861
174.2231,62,2233.961454
116.53554,45,2234.038729
140.39038,39,2234.057046
45.65375,132,2234.268889
143.88052,40,2234.627538
181.6641,29,2234.656894
142.03195,60,2234.865131
-26.559706,398,2234.894745
198.59625,38,2234.965538
158.09981,65,2235.004362
127.183205,45,2235.085604
107.14365,85,2235.114272
182.76376,49,2235.157214
189.56091,26,2235.168677
127.79836,39,2235.268394
96.740486,196,2235.372809
-377.4428,34,2235.423942
177.51105,29,2235.443754
107.01942,50,2235.473476
157.37082,54,2235.542533
186.76834,28,2235.712932
3.158141,301,2235.766783
196.73251,39,2235.78282
-84.53497,361,2235.795391
106.309166,51,2235.832732
90.9889,53,2235.892118
199.63719,30,2236.023741
187.39444,28,2236.065547
185.08012,27,2236.116149
187.80154,47,2236.11619
113.482376,45,2236.164037
179.73235,30,2236.304796
93.04302,137,2236.320948
122.08141,46,2236.390674
168.38852,38,2236.413432
150.28337,77,2236.421559
-100.45941,260,2236.541335
64.92412,275,2236.565572
-386.4927,826,2236.752595
167.28273,46,2236.768651
106.21752,82,2236.776806
185.75287,27,2236.794086
-29.432571,296,2236.818434
124.6542,62,2236.826378
92.44114,84,2236.842429
184.48413,53,2236.979744
151.48152,69,2236.986639
113.77826,48,2237.16854
73.380875,58,2237.282142
146.97702,62,2237.291787
161.03615,67,2237.291845
141.36626,50,2237.395591
190.64575,28,2237.395636
27.74752,232,2237.443029
139.62524,62,2237.479717
85.7074,80,2237.48781
202.27135,25,2237.496135
212.4027,32,2237.647398
178.23485,32,2237.694273
95.50635,53,2237.71711
186.74286,47,2237.764294
139.6856,68,2237.832055
145.5637,34,2237.967645
148.23642,41,2237.974816
198.36406,35,2237.998634
-1010.3347,356,2238.128101
169.64336,46,2238.1971
194.41954,55,2238.205131
60.20479,192,2238.367788
118.197685,119,2238.439919
143.02101,42,2238.465704
171.18433,73,2238.551153
114.70847,47,2238.585517
-303.16385,970,2238.681984
142.96373,36,2238.83187
99.18164,57,2238.885087
-399.8185,50,2238.983965
-31.099009,319,2238.984014
115.56255,132,2239.031733
103.5137,204,2239.126826
120.32039,73,2239.27933
-25.740187,316,2239.319864
152.35478,38,2239.352021
189.51222,53,2239.425147
156.21707,80,2239.548393
142.67262,35,2239.557289
94.91756,87,2239.837675
109.58724,75,2240.357619
-77.05862,453,2240.392893
117.89306,40,2240.670023
141.21005,58,2240.731243
-14.107971,263,2240.746852
55.441216,189,2240.792666
-171.38846,632,2240.863715
89.228645,143,2241.003448
148.23866,35,2241.016945
149.75847,85,2241.071413
192.5693,54,2241.104818
132.13269,44,2241.104867
43.87043,173,2241.167766
165.22435,34,2241.26012
152.21611,43,2241.35527
179.62253,30,2241.393385
183.16174,31,2241.492701
100.98805,67,2241.616974
117.74101,72,2241.626132
79.7964,111,2241.668619
188.4876,29,2241.731067
-55.3013,370,2241.75714
117.15521,66,2241.877672
-1244.4946,1061,2241.902637
-395.33792,45,2241.983483
-223.98027,333,2242.086252
201.82918,32,2242.268619
119.94394,72,2242.277396
167.29008,51,2242.311666
149.12355,41,2242.446947
71.541565,88,2242.485918
-174.9614,507,2242.534969
164.68721,36,2242.586193
-10.478175,212,2242.6022
172.03535,58,2242.861084
104.01628,180,2242.963352
145.94986,38,2242.983059
111.45174,59,2243.068174
-114.6815,369,2243.078271
98.833786,164,2243.105442
200.4357,27,2243.125254
63.26569,235,2243.135084
103.805084,81,2243.236824
156.76845,42,2243.384536
158.28276,37,2243.412835
-415.60822,48,2243.421332
138.82306,93,2243.443541
105.19025,39,2243.474837
-388.30353,45,2243.577172
137.8219,41,2243.646028
135.09276,77,2243.83117
95.48052,77,2243.880294
-84.08579,227,2243.880341
175.70985,51,2243.937321
117.22848,60,2244.071699
174.10837,52,2244.14658
-94.86588,480,2244.165501
104.54844,40,2244.257937
133.70308,42,2244.278056
25.96038,210,2244.297554
-246.45699,659,2244.577217
132.70236,54,2244.577265
161.56525,83,2244.622114
157.64027,38,2244.660209
147.16026,65,2244.887735
82.32511,64,2244.898163
117.374435,46,2245.037653
63.771286,99,2245.126151
-545.18713,165,2245.176601
180.75883,43,2245.323381
175.60858,36,2245.47445
116.17428,94,2245.503161
99.619545,50,2245.525649
72.2377,227,2245.652261
148.48387,36,2245.661745
205.49747,23,2245.70913
154.9331,40,2246.759965
165.7049,48,2246.822699
61.68591,70,2247.058352
136.49147,40,2247.089375
156.38693,175,2247.211472
93.68004,119,2247.2433
173.33582,54,2247.264307
31.755905,283,2247.289735
37.257977,342,2247.321542
45.187084,169,2247.400977
164.15895,42,2247.401025
157.05101,34,2247.516657
169.15608,48,2247.593202
-367.21783,47,2247.635999
185.84895,27,2247.73105
154.73038,77,2247.928814
81.800354,53,2248.019057
70.93927,220,2248.088382
156.15913,63,2248.137389
19.687994,375,2248.192119
-758.43353,616,2248.217141
163.43088,36,2248.290385
128.7018,45,2248.445174
95.98647,91,2248.452886
171.53496,34,2248.484113
164.24435,37,2248.771339
-600.1158,425,2249.044756
36.151917,208,2249.102246
154.77727,86,2249.22079
181.54166,56,2249.250838
12.866921,242,2249.268292
-1081.7198,598,2249.434065
127.5884,54,2249.477089
199.8157,27,2249.683538
165.095,46,2249.797839
191.34105,31,2249.931404
-445.9338,115,2250.133075
174.01576,45,2250.148782
131.10608,54,2250.569287
114.139046,57,2250.577543
44.859406,182,2250.678316
-99.98798,291,2250.797626
-64.29011,467,2250.850251
-483.45316,345,2250.926119
107.71764,44,2251.031109
154.8932,79,2251.193302
-2.889729,382,2251.260322
17.016764,258,2251.295124
75.59994,75,2251.38871
49.44174,129,2251.589342
141.09262,43,2251.610303
96.14776,101,2251.649575
147.28027,36,2251.689425
-63.529663,472,2252.616132
98.674385,76,2252.911742
127.91968,54,2253.195228
-1382.1251,1600,2253.206794
105.21392,67,2253.235324
43.88133,281,2253.246989
117.31732,139,2253.4385
40.67533,91,2253.447658
98.83386,78,2253.477123
-381.71463,62,2253.544405
79.72513,174,2253.563129
130.98569,98,2253.584934
166.5368,50,2253.737951
171.40657,42,2253.854848
-379.76898,70,2253.925887
157.92657,82,2254.021904
134.7498,64,2254.182801
154.92093,42,2254.342996
160.30429,36,2254.371677
133.57327,70,2254.434891
132.98912,57,2254.91658
76.77658,151,2254.958561
-142.57713,595,2255.307225
88.46519,176,2255.316174
-365.61243,47,2255.423643
119.14362,138,2255.530805
159.57721,46,2255.757966
35.735336,264,2255.772774
181.41754,50,2255.870231
63.438625,159,2255.928506
178.10678,62,2256.054683
153.79953,42,2256.085823
196.33337,29,2256.322097
-912.00867,1147,2256.365864
-494.77704,168,2256.411427
-40.771782,281,2256.444766
172.67818,41,2256.760685
132.37141,61,2256.835823
157.41315,72,2256.879766
166.06303,38,2257.180779
118.25493,60,2257.309015
122.53921,76,2257.361801
48.036583,277,2257.562664
113.881485,50,2257.571158
141.49608,35,2257.625988
-380.82703,45,2257.660723
-1211.4517,671,2257.794333
-2.436539,406,2257.802841
155.82526,36,2257.917793
-12.471406,263,2257.952671
127.15603,47,2257.952716
174.50735,54,2258.004613
127.37745,48,2258.199107
42.073048,272,2258.219349
158.56172,69,2258.385945
-1707.4163,1600,2258.426379
136.73013,61,2258.572118
98.388245,48,2258.746051
170.92401,53,2258.793534
195.03503,26,2259.00647
111.01554,111,2259.052104
154.56609,97,2259.196965
83.64241,162,2259.258108
-764.8615,650,2259.297384
69.45364,98,2259.354512
143.36954,59,2259.494172
-173.43471,456,2259.559409
179.53015,40,2259.582334
84.47389,53,2259.62209
179.84055,42,2259.638531
173.07611,37,2259.875552
95.94738,104,2259.883809
122.01968,66,2259.883851
114.69276,54,2260.052204
100.41974,57,2260.09418
179.28462,33,2260.140249
-8.899497,258,2260.176993
174.14807,37,2260.177042
81.78324,115,2260.401533
136.74739,48,2260.433874
164.6987,37,2260.470614
155.71489,79,2260.513064
149.46202,48,2260.520055
185.69907,26,2260.608769
138.05484,56,2260.868528
-456.61243,97,2260.939392
137.51086,36,2261.216688
120.54294,99,2261.271912
-80.67137,327,2261.328566
-195.04976,665,2261.345576
132.3769,119,2261.386734
155.16968,36,2261.545883
-910.4067,1456,2261.605349
144.29427,44,2261.734244
-1667.5703,1600,2261.845321
181.52756,48,2261.991827
14.852289,246,2262.015478
174.47722,59,2262.025973
-17.262436,321,2262.087473
112.51111,44,2262.099817
191.89052,48,2262.254624
155.11937,44,2262.378805
133.30426,49,2262.460526
178.16368,30,2262.544459
111.50859,73,2262.74299
145.3098,38,2262.861959
35.951332,185,2262.891643
110.59652,69,2263.047398
-9.809686,235,2263.151858
123.94497,56,2263.18498
110.736855,162,2263.38078
-64.034065,376,2264.921725
145.9233,52,2264.929518
67.59064,179,2264.956717
137.86996,36,2265.041104
-881.2605,662,2265.049694
145.53065,83,2265.205538
-382.5557,37,2265.214614
-456.35587,148,2265.388899
145.16373,49,2265.418439
-368.99033,30,2265.452104
-43.371796,338,2265.477037
123.082375,67,2265.485924
157.383,140,2265.518179
92.676094,186,2265.71408
-199.94235,782,2265.749626
131.96034,50,2265.818981
110.57898,54,2265.819036
169.67377,44,2265.834886
128.75096,44,2265.873552
136.33482,108,2265.907809
117.76227,133,2265.99852
-4.014673,284,2266.053219
192.51973,27,2266.062949
-433.26846,49,2266.129364
138.7388,42,2266.168305
127.89544,44,2266.256207
87.328514,146,2266.37628
169.89226,58,2266.52213
58.185017,136,2266.547631
135.20503,38,2266.562678
164.59532,52,2266.580422
125.420334,86,2266.73437
198.54706,30,2266.779259
95.992195,63,2266.875136
97.85623,184,2266.947414
143.69016,51,2266.979147
155.20892,61,2267.043182
118.429214,57,2267.199179
109.989426,43,2267.2363
-395.07654,45,2267.326035
169.02162,70,2267.352382
136.03256,50,2267.598135
108.85622,47,2267.607295
106.14212,41,2267.67938
149.37505,112,2267.884257
31.026915,249,2268.114192
144.92717,73,2268.187057
-12609.329,1600,2268.203153
168.76428,92,2268.41266
85.94262,84,2268.553543
181.4074,62,2268.61491
102.27052,75,2268.788399
107.84894,48,2268.78845
176.72247,31,2268.79751
-583.1757,286,2268.807991
147.94142,41,2268.928805
33.004505,195,2269.155489
-400.84842,48,2269.171337
178.12845,50,2269.188976
187.09189,61,2269.289824
-408.5095,46,2269.300767
173.92386,144,2269.323602
-292.03336,271,2269.480134
185.64177,34,2269.602973
160.151,39,2269.611179
160.67307,57,2269.652573
84.251724,64,2269.677486
113.72535,66,2269.712858
208.3094,27,2270.773528
172.40388,46,2270.938247
188.6363,46,2270.97935
177.32603,60,2271.118841
198.97891,27,2271.196712
142.58336,83,2271.440503
-305.18646,436,2271.498074
152.45218,51,2271.521275
-370.45355,47,2271.567271
155.26187,80,2271.575607
-973.0664,1600,2271.698253
-209.25827,631,2271.83097
69.427414,162,2271.958664
141.12553,50,2271.966741
113.82637,62,2272.019714
-584.7525,677,2272.133537
28.328493,246,2272.225051
139.04254,37,2272.255016
112.37519,62,2272.322353
-431.6938,43,2272.350215
202.64977,28,2272.456115
-360.74048,25,2272.465842
98.45777,127,2272.77107
161.77159,46,2272.796301
-492.41638,185,2273.3336
-373.38574,58,2273.483444
127.558136,115,2273.73787
180.77087,81,2273.737942
-409.72073,47,2273.808353
129.56409,189,2273.853772
135.49495,38,2273.863649
194.53853,30,2274.035866
129.44601,40,2274.20322
165.26624,36,2274.213031
-86.67856,416,2274.223548
8.809325,505,2274.263407
86.97918,210,2274.285914
22.400513,298,2274.296905
172.85326,34,2274.376888
180.64465,30,2274.521925
132.93497,57,2274.845037
126.5723,51,2274.862416
158.21068,64,2274.999502
99.95727,59,2275.032007
91.43969,87,2275.158553
-360.95648,25,2275.270461
137.80804,48,2275.308074
108.663185,77,2275.339588
-1274.2302,1457,2275.339648
48.734627,285,2275.496325
194.65874,32,2275.650972
145.11333,43,2275.688959
126.47285,38,2275.708278
92.90648,63,2275.764032
181.68668,47,2275.764075
188.32158,30,2275.783938
-671.34247,160,2275.901403
-70.46624,210,2275.994776
176.3327,33,2276.079791
132.42212,40,2276.142245
115.01517,47,2276.212484
152.17796,58,2276.236942
134.14058,35,2276.298609
62.989185,153,2276.306844
113.24058,51,2276.492905
144.29639,37,2276.509069
91.98018,58,2278.300747
-2847.6726,1600,2278.418225
181.11118,55,2278.468981
145.39374,101,2278.484557
91.032936,159,2278.569142
171.84998,38,2278.607727
194.97795,36,2278.700411
148.19681,114,2278.729972
-11.409698,382,2278.814516
114.72837,54,2278.893542
101.96537,146,2278.934408
170.77226,34,2278.975473
157.27902,37,2279.11453
170.72165,36,2279.183928
40.01577,243,2279.199278
127.19639,60,2279.215049
122.02003,98,2279.261129
90.74576,226,2279.26915
104.78442,93,2279.300051
152.72357,38,2279.517107
90.58449,75,2279.534379
109.82284,71,2279.679913
143.04045,51,2279.714675
84.28086,74,2279.878518
99.491585,54,2279.970371
184.32556,91,2280.00868
116.3555,103,2280.038622
158.87422,39,2280.038664
77.247086,77,2280.163419
142.65327,39,2280.267457
143.51411,50,2280.267504
12.755458,167,2280.31052
133.5853,38,2280.326201
157.72766,43,2280.369228
190.80205,27,2280.485976
167.92343,45,2280.514032
190.63434,30,2280.554819
180.28397,31,2280.621834
143.02046,39,2280.646296
-325.5629,754,2280.746786
116.29809,60,2280.746836
102.2587,44,2280.837976
-186.93407,302,2281.01116
187.71776,64,2281.01909
153.7414,65,2281.071419
131.19183,36,2281.299884
98.78833,65,2281.509741
140.28271,37,2281.577073
121.51965,110,2281.594458
-1.5538062,306,2281.602453
150.34027,88,2281.742811
128.52286,143,2281.860311
152.24228,47,2281.955107
-167.65555,289,2281.963536
-13801.339,1600,2281.986996
-883.3001,1600,2282.110965
139.80377,199,2282.206242
38.982937,97,2282.290486
168.15732,52,2282.409752
108.36085,57,2282.426798
98.52006,126,2282.623634
111.1269,102,2282.711197
164.01219,35,2282.719108
-436.56107,146,2282.809487
51.215244,280,2282.866509
178.9456,71,2282.89204
-388.40118,95,2282.912042
-373.24878,775,2282.934608
111.36415,57,2283.127324
174.27562,54,2283.52087
161.7852,39,2283.559464
155.29842,37,2283.568668
155.0842,62,2283.608744
51.527023,136,2283.739518
130.98363,69,2283.775387
166.59386,63,2283.836944
114.110146,65,2283.883806
123.51464,43,2283.93444
74.001396,49,2284.03748
107.07002,51,2284.047368
173.79321,61,2284.370749
124.7521,46,2284.494531
104.277916,93,2284.506939
149.23592,80,2284.604512
160.58604,74,2284.645047
145.40382,124,2284.653664
112.426315,80,2284.807726
147.46388,35,2284.826608
113.95705,49,2285.099091
-384.33582,71,2285.210337
120.8852,87,2285.230388
126.66613,59,2285.420708
187.90312,29,2285.489798
15.2145195,300,2285.611312
161.03006,52,2285.740441
122.5521,37,2285.792967
132.94632,74,2285.832433
201.53224,29,2286.02702
195.24109,28,2286.067043
98.813126,59,2286.076414
175.97394,54,2286.135184
67.179,166,2286.259279
165.94827,51,2286.284691
135.47394,65,2286.565896
101.147026,65,2286.575817
15.471322,218,2286.779065
175.37233,28,2286.787752
123.95975,94,2286.859418
131.53091,245,2286.859463
159.14023,82,2286.89431
77.17912,114,2286.925792
189.60028,56,2287.015781
198.57446,32,2287.032459
197.06085,27,2287.137514
160.67348,38,2287.16903
92.65276,113,2287.16909
163.85295,32,2287.282658
196.9487,53,2287.320723
-217.96678,721,2287.438715
141.48132,72,2287.445772
130.94293,37,2287.469423
163.27316,41,2287.479168
-2444.4026,1600,2287.520606
144.85168,97,2287.578816
174.06459,32,2287.700313
137.53604,51,2287.734673
137.53178,45,2287.846473
59.915695,91,2287.907236
121.87342,109,2287.923724
151.65163,39,2288.234452
189.42067,65,2288.259109
177.98131,51,2288.313717
132.08124,111,2288.332361
183.79361,83,2288.49685
102.64661,127,2288.700345
149.73438,37,2288.77695
142.21011,61,2288.776998
114.34608,71,2288.777005
171.3835,35,2289.817876
86.4626,100,2289.947495
178.1174,43,2289.966991
43.891624,126,2290.097723
114.1434,60,2290.11482
190.32294,35,2290.114864
57.471455,228,2290.132984
130.67807,45,2290.344291
170.04803,50,2290.402125
-154.60364,660,2290.4195
198.31662,37,2290.436918
144.59474,40,2290.444488
158.55296,38,2290.462597
108.41402,56,2290.631064
172.47595,32,2290.653986
176.68321,30,2290.756506
119.54062,37,2290.756549
158.37268,35,2290.772333
-65.35543,303,2290.922616
159.78383,39,2290.975849
148.62772,66,2291.016303
139.60223,47,2291.032644
134.89209,41,2291.108488
143.70107,73,2291.108536
167.66582,42,2291.116887
161.07364,44,2291.147055
-288.89557,758,2291.165454
141.14665,36,2291.236648
195.69456,30,2291.284177
139.46887,38,2291.428972
167.62901,36,2291.454216
151.3382,64,2291.576397
140.33897,50,2291.585135
191.9288,43,2291.594152
119.82318,50,2291.696757
191.82089,29,2291.820764
139.09357,55,2292.039923
173.57451,85,2292.121233
155.41907,75,2292.203817
165.54771,51,2292.231101
145.4578,69,2292.253289
92.71077,149,2292.340076
153.4958,43,2292.575467
148.84839,49,2292.65299
-795.42773,1600,2292.662499
80.13496,80,2292.891289
98.45696,66,2292.927476
-375.77567,555,2293.016458
58.304256,247,2293.129015
154.98204,52,2293.20872
123.44651,40,2293.394149
153.86336,89,2293.547329
-50.033405,147,2293.572102
197.61263,30,2293.572162
187.82362,41,2293.622759
125.976105,68,2293.825935
-27.170143,303,2293.922038
119.58244,53,2293.978651
190.7102,42,2294.007742
134.9365,49,2294.058679
-181.24467,501,2294.168781
-21.393776,299,2294.258024
179.74713,34,2294.47827
134.2279,57,2294.496474
-244.51103,735,2294.566737
104.11739,55,2294.733338
141.39001,39,2294.817663
150.34782,43,2294.909128
148.24008,37,2295.025251
-1851.5322,1600,2295.031927
170.01483,35,2295.187176
92.00806,145,2295.21934
162.42995,57,2295.263369
180.39503,30,2295.575824
104.9905,55,2295.616631
-25.815195,220,2295.672455
68.323166,73,2295.767731
132.94272,76,2296.004109
59.808712,64,2296.105104
-56.056904,248,2296.132615
172.38632,51,2296.169711
-396.11536,79,2296.303639
-388.18558,44,2296.342286
-460.1202,320,2296.440521
146.92339,44,2296.44885
162.99306,120,2296.583978
131.6872,70,2296.689974
145.49634,54,2296.74228
142.95409,51,2296.750315
-1032.449,1600,2296.977937
31.067797,194,2296.977998
-170.56673,544,2296.978015
176.82996,56,2297.051758
179.69186,50,2297.111842
-1070.4734,1600,2297.211034
179.77591,59,2297.255299
-35.091595,476,2297.270005
160.36435,39,2297.317769
177.98814,29,2297.363642
159.80376,75,2297.382347
-110.24266,430,2297.539133
125.80314,70,2297.57077
168.8798,32,2297.580446
122.759796,54,2297.652584
97.64826,39,2297.676295
106.461914,56,2297.704863
-712.06714,397,2297.846806
169.00673,46,2298.059845
182.70338,29,2298.067892
101.25161,66,2298.090774
129.13974,63,2298.143342
93.018074,68,2298.207534
47.339016,259,2298.268685
26.819172,233,2298.33973
170.03123,46,2298.511823
-167.42929,531,2298.538345
172.11378,60,2298.546424
125.156906,149,2298.566055
153.68364,60,2298.831373
108.42099,79,2298.902073
83.77977,52,2298.930398
-132.3069,307,2298.930442
181.47939,51,2298.947652
91.499664,95,2298.972099
36.592564,241,2298.992373
156.64586,31,2299.07216
154.89566,51,2299.323307
144.6689,99,2299.339057
160.17064,55,2299.370107
141.47775,52,2299.370154
127.529755,73,2299.471237
46.1417,178,2299.501228
-43.454865,197,2299.627323
102.860886,53,2299.744632
101.6363,57,2299.931408
130.42235,73,2299.957946
78.57146,74,2300.10112
36.585346,320,2300.109205
-128.68944,409,2300.254308
124.82841,69,2300.293064
72.42119,138,2300.475757
209.36858,31,2300.503841
124.279305,74,2300.708705
62.50701,209,2300.816064
68.93341,131,2300.848982
-484.2973,88,2300.972859
61.84364,111,2300.98215
203.92169,29,2301.046337
-425.82053,76,2301.070896
155.40625,63,2301.206227
-383.0596,46,2301.33792
173.05731,54,2301.393746
192.8487,25,2301.401513
110.10622,50,2301.428962
126.85251,76,2301.438251
-446.06055,50,2301.458599
179.06413,29,2301.690381
-44.4929,333,2301.785325
145.95992,38,2301.825204
128.91226,143,2301.835639
115.164154,218,2302.173659
119.172935,41,2302.173728
181.07556,44,2302.336901
116.766045,64,2302.559775
151.29701,78,2302.641257
117.350494,126,2302.696635
191.93535,29,2302.897681
88.67765,182,2303.185664
169.56349,34,2303.194366
-155.42671,542,2303.349858
-18.156258,215,2303.389007
81.73662,134,2303.39608
138.02682,88,2303.444335
190.68175,33,2303.452316
206.38335,26,2303.574094
17.058033,324,2303.603806
188.81747,27,2303.630689
193.42836,28,2303.837005
181.0009,54,2303.897271
183.28229,31,2303.897323
33.19018,271,2304.026392
136.97987,63,2304.035936
137.80342,77,2304.354137
125.39565,236,2304.48693
177.05734,51,2304.506392
60.984276,222,2304.558421
159.40681,73,2304.589613
-307.78146,820,2304.761756
155.47679,39,2304.962287
8.832807,200,2305.025704
78.39439,65,2305.132116
146.04652,37,2305.384944
135.68097,31,2305.524307
136.24052,101,2305.559096
183.69197,69,2305.844167
120.93069,41,2306.010433
111.46842,158,2306.069859
168.04782,54,2306.20618
198.96733,30,2306.206231
-31.50105,239,2306.390217
116.121025,84,2306.390268
194.47517,29,2306.424024
91.16744,221,2306.424068
-171.90155,738,2306.434163
-62.17055,285,2306.445183
36.214275,241,2306.475022
190.81198,27,2306.513998
180.95149,44,2306.669559
145.5135,33,2306.70223
149.9088,37,2307.571298
138.0655,41,2307.619988
50.148182,211,2307.645201
138.82024,36,2307.645259
74.99581,84,2307.691309
57.801983,204,2307.775482
108.04879,55,2307.789891
129.88611,69,2307.842421
110.00405,42,2307.954153
-385.93152,49,2308.055804
120.024826,99,2308.11853
177.27592,56,2308.131858
148.35126,36,2308.138596
-793.11676,1600,2308.138635
135.84238,67,2308.213435
180.10121,27,2308.260083
159.40317,39,2308.26013
134.25945,62,2308.285131
134.9843,92,2308.296266
171.9091,31,2308.382443
29.915943,138,2308.436331
130.2214,38,2308.518512
142.55666,38,2308.588599
115.803314,59,2308.719205
155.79887,47,2308.742899
176.31546,29,2308.808592
112.56195,74,2308.870206
132.6255,52,2308.919853
46.554855,177,2308.926635
165.74348,31,2309.053071
79.97657,125,2309.090922
114.73764,89,2309.130421
196.88771,29,2309.146193
142.56015,69,2309.287801
203.24757,27,2309.303355
153.19243,74,2309.303413
179.46536,50,2309.319777
152.3471,82,2309.633764
120.783424,72,2309.787304
173.6103,39,2309.798254
134.31726,42,2309.811562
-382.53223,53,2309.924539
91.43875,81,2310.045842
-397.30457,47,2310.310028
204.61838,28,2310.326596
171.19975,53,2310.515302
133.6775,64,2310.538565
175.90465,71,2310.611341
194.36649,29,2310.657837
37.50687,274,2310.753421
152.55174,38,2310.783359
196.40775,33,2310.921964
142.47424,177,2311.083033
103.323074,52,2311.168099
165.7613,32,2311.225979
121.02649,50,2311.250031
152.37946,67,2311.319818
68.23432,76,2311.498522
60.32286,101,2311.512804
-955.58594,883,2311.533066
143.36873,65,2311.824066
107.95233,65,2311.900712
164.35706,52,2311.995505
165.58578,69,2312.103693
144.28491,59,2312.44146
145.83652,92,2312.542196
148.25195,180,2312.672281
-1704.5117,1600,2312.72525
182.81012,28,2312.789712
-422.93,119,2312.864351
169.12178,96,2312.898519
18.882586,367,2313.126382
67.031166,195,2313.177384
136.70285,65,2313.325627
-1239.9941,1447,2314.020967
-1168.139,577,2314.05874
157.78004,35,2314.103246
174.87006,43,2314.143215
120.81567,43,2314.290646
116.411934,38,2314.479287
172.78935,59,2314.603773
-132.84026,619,2314.639405
160.34285,39,2314.687464
181.51855,59,2314.736758
108.22134,147,2314.832358
102.09148,158,2314.862334
-570.45734,348,2314.965845
138.46829,38,2314.985055
173.12642,34,2315.026438
117.39095,43,2315.067549
196.51862,29,2315.125884
135.16212,42,2315.158046
179.4367,34,2315.218681
13.911699,395,2315.304416
176.03156,33,2315.386412
181.90735,50,2315.495421
121.214645,45,2315.605113
116.72291,59,2315.6872
-346.69135,791,2315.70627
93.237976,54,2315.727854
166.49867,50,2315.885474
204.4156,29,2315.980916
136.78114,150,2316.021641
152.4779,56,2316.166343
165.90352,49,2316.193626
178.0546,49,2316.373622
194.26045,26,2316.455874
-26.395535,296,2316.467123
90.54916,56,2316.558917
181.87296,69,2316.639739
60.935974,158,2316.761896
153.14044,36,2316.761945
144.5231,66,2316.769928
179.86288,28,2316.798511
185.61684,42,2316.828333
173.2618,57,2316.868789
-52.882996,353,2316.91275
156.17847,45,2316.9996
143.33029,34,2317.137122
175.26944,57,2317.256899
179.4554,34,2317.408354
109.41645,87,2317.464891
108.69802,65,2317.533683
163.66505,37,2317.760195
-753.74304,278,2317.788909
143.52,50,2317.828035
110.90406,140,2317.907478
137.67802,61,2318.032412
134.81383,106,2318.15027
-31.112629,292,2318.264415
102.29662,198,2318.421432
145.84335,62,2318.429879
111.278206,57,2318.507975
107.308815,97,2318.628138
93.58657,239,2318.712529
-499.35663,438,2318.844704
119.24083,57,2318.860609
185.07391,29,2318.928056
105.62641,59,2318.958667
153.45532,55,2319.042463
179.60368,28,2319.170465
151.71721,44,2319.187978
125.91029,43,2319.196346
85.65638,139,2319.354083
118.15493,62,2319.419574
133.81819,32,2319.436322
77.14981,208,2319.765085
139.61868,37,2319.799147
107.11658,75,2319.949289
-44.677807,345,2320.002708
192.7523,25,2320.002752
157.8887,38,2320.068081
159.69397,54,2320.092514
81.38805,65,2320.242151
189.61241,37,2320.287671
190.06398,44,2320.295494
171.19353,41,2320.319113
-446.23868,790,2320.343323
131.34767,54,2320.499118
157.33089,39,2320.556516
176.0217,38,2320.638164
101.23918,54,2320.737245
144.50792,36,2320.797851
103.90438,89,2320.813087
27.17831,307,2320.903466
64.02012,184,2320.988044
175.51776,61,2321.128812
122.50851,43,2321.16432
116.89725,54,2321.301796
-878.53894,410,2321.47167
118.60523,134,2321.557966
104.53026,66,2321.567055
178.26286,49,2321.683221
80.03476,167,2321.819062
142.08952,48,2321.958404
93.05831,59,2322.309781
175.07098,40,2322.412064
82.69399,83,2322.763019
162.85745,39,2322.773846
129.59991,41,2322.870638
-4897.987,1600,2323.294914
13.937712,195,2323.351009
172.20131,80,2323.514349
72.03207,199,2323.588489
156.9422,44,2323.751198
-70.24506,285,2323.899081
158.57307,77,2324.040599
143.81184,62,2324.140006
39.954865,255,2324.192067
-344.85107,64,2324.274335
194.86891,28,2324.553307
136.99596,84,2324.622833
136.48552,54,2324.706485
173.1968,36,2324.860548
140.23741,80,2324.910089
79.20206,213,2324.928829
147.55627,36,2325.034529
-2419.2603,1600,2325.125871
160.43074,40,2325.219887
131.97462,35,2325.238493
-112.177124,458,2325.257141
132.26416,137,2325.333144
195.27159,33,2325.413577
136.68767,45,2325.422762
155.16331,65,2325.475486
102.86396,110,2325.599479
166.63266,31,2325.607468
168.00552,32,2326.243942
186.1557,26,2326.30495
-952.21246,552,2326.367351
165.42624,55,2326.373967
177.40747,61,2326.56508
180.71837,86,2326.602595
122.90091,40,2326.670879
-484.4369,270,2326.780853
96.05399,74,2326.831038
196.84363,27,2326.840299
203.86751,30,2326.932437
139.58113,148,2326.948972
-1082.248,565,2327.0406
181.54015,30,2327.064036
200.95383,27,2327.073451
171.16487,33,2327.11746
116.82292,186,2327.242136
159.18391,41,2327.264642
103.218216,128,2327.327679
126.93842,93,2327.334796
167.91855,51,2327.359142
103.11945,46,2327.443144
136.00377,41,2327.443198
214.06332,26,2327.466043
155.41959,66,2327.580918
205.38704,29,2327.588122
191.77592,35,2327.628378
210.81985,26,2327.660017
179.73654,36,2327.738251
183.6559,46,2327.846312
164.90115,40,2327.919109
184.91075,27,2327.965294
-392.4677,58,2328.051925
165.50052,32,2328.098179
122.73107,95,2328.144414
187.74013,31,2328.158795
188.41699,28,2328.302422
151.42282,36,2328.316824
170.19876,94,2328.397474
92.24534,112,2328.497083
180.36679,29,2328.613179
-567.6685,617,2328.627553
117.503,60,2328.762047
137.04796,62,2328.794574
170.70868,30,2328.997653
98.13269,69,2329.037086
-805.15454,1600,2329.078246
99.54019,66,2329.149351
177.74849,31,2329.241061
135.0093,142,2329.247828
183.34813,71,2329.352246
167.47319,33,2329.403271
181.28535,61,2329.514525
127.45813,36,2329.530272
3.0073113,400,2329.539208
192.33708,27,2329.612156
108.79755,52,2329.639237
202.52684,27,2329.742559
134.11249,35,2329.786152
214.21738,27,2329.82285
171.00826,41,2329.969348
64.70852,273,2330.077324
35.168087,256,2330.12444
159.87749,53,2330.158222
-1038.3,1600,2330.171909
123.66645,49,2330.198599
-515.4269,1276,2330.248243
151.787,38,2330.366671
128.96777,34,2330.418098
-27.314207,405,2330.440894
167.62538,36,2330.450502
150.18562,46,2330.608938
157.51933,35,2330.642639
160.61342,78,2330.81519
178.95988,30,2330.848933
-395.51282,70,2331.010574
45.955273,79,2331.049364
112.40722,133,2331.891142
112.86968,46,2331.90844
23.496328,270,2331.916664
77.193535,86,2332.053918
178.35576,48,2332.15396
136.38437,35,2332.189118
172.23285,63,2332.236912
74.60325,209,2332.334881
191.64992,29,2332.550519
97.89575,49,2332.560096
140.55354,67,2332.56842
27.20063,298,2332.58577
164.47104,50,2332.617733
-280.2203,804,2332.85693
147.91562,35,2332.867082
-399.2119,46,2332.924264
147.8687,36,2333.114953
136.85579,126,2333.115003
110.4003,74,2333.132448
46.426476,173,2333.242565
162.63701,46,2333.288404
178.08876,29,2333.39246
-477.15085,104,2333.401733
137.24199,34,2333.437985
173.56389,34,2333.571584
206.26309,39,2333.763954
-373.41412,36,2333.916388
147.47101,50,2333.916435
128.43477,63,2334.001938
112.36982,100,2334.10037
167.84937,39,2334.154735
108.731514,189,2334.296598
-121.42064,515,2334.309287
151.82477,33,2334.415557
205.2634,28,2334.572019
135.05939,78,2334.667326
-17.309544,365,2334.707271
150.34062,87,2334.754623
-1001.2517,1600,2334.832216
147.65909,32,2334.879422
122.19222,59,2334.976763
151.37968,80,2335.067894
82.63755,126,2335.378767
177.91348,33,2335.397952
-384.4831,56,2335.53367
138.75699,35,2335.737114
-197.92134,531,2335.829265
139.848,43,2335.943517
86.16069,62,2336.327655
182.13449,42,2336.349711
101.26367,56,2336.370412
80.28217,191,2336.522845
112.68969,43,2336.761857
156.39037,51,2337.003232
157.42432,81,2337.129477
74.71243,109,2337.331424
2.9935265,285,2338.377715
100.00634,61,2338.386279
-461.24936,293,2338.486923
110.53046,69,2338.565713
179.28194,49,2338.602067
167.8313,48,2338.877191
184.31168,36,2338.893153
130.81056,47,2338.95122
-31.435019,324,2339.138922
122.94567,35,2339.17335
-153.40741,400,2339.242353
-450.45035,117,2339.314575
137.44122,40,2339.456025
159.6535,36,2339.456068
-560.697,1286,2339.513122
137.0188,43,2339.590117
190.16692,32,2339.719994
108.83583,50,2339.732136
-340.8958,52,2339.944235
154.43402,72,2340.046478
89.06794,64,2340.107408
190.40163,33,2340.360478
157.72032,63,2340.433992
131.65509,56,2340.480294
88.09256,199,2340.535232
167.67561,44,2340.893896
122.47545,67,2340.902922
176.55782,60,2340.919971
188.43007,29,2341.118726
64.3953,190,2341.235716
132.3504,104,2341.318873
122.08656,58,2341.382084
128.75188,69,2341.453162
30.08827,216,2341.453205
-74.92596,755,2341.453213
193.97504,28,2341.462086
167.60179,51,2341.53644
-584.3715,339,2341.598722
175.00485,57,2341.789771
115.19608,58,2341.933215
139.32181,67,2342.003769
189.63329,63,2342.048529
186.52213,35,2342.296431
-377.7743,996,2342.890795
107.895195,95,2342.890844
28.861418,174,2342.94663
125.71943,62,2343.417948
148.34174,61,2344.464012
47.74403,205,2344.554598
80.70951,190,2344.584635
-3506.3481,1600,2344.771015
-413.54642,963,2344.895959
149.00615,117,2344.921996
137.7807,62,2344.991839
141.99542,48,2345.001713
136.04344,55,2345.096618
106.44076,59,2345.320329
41.037,311,2345.330951
100.16799,96,2345.357684
182.3269,29,2345.367387
184.95764,44,2345.416192
-597.9659,351,2345.559775
159.02426,75,2345.70546
172.33165,42,2345.76052
130.61458,92,2345.770019
177.091,38,2345.780377
144.64215,53,2345.873078
174.11412,36,2345.903585
114.591286,68,2345.977887
123.29945,46,2346.135602
-3210.0522,1600,2346.182751
-386.1627,43,2346.182799
119.07588,42,2346.372946
-475.38794,343,2346.443055
169.98824,35,2346.525201
134.11235,72,2346.597571
189.88754,46,2346.640039
115.036514,93,2346.660763
185.59998,31,2346.690724
196.95715,32,2346.833954
167.98602,50,2346.90995
152.99562,34,2346.95819
182.56836,41,2347.040481
-173.77612,525,2347.088194
110.978935,137,2347.140085
30.254635,200,2347.18463
161.8661,67,2347.184679
178.48322,33,2347.235986
189.96855,31,2347.391276
50.633114,273,2347.433771
121.572235,33,2347.449779
-1141.1732,947,2347.493215
174.20042,36,2347.526644
146.53484,61,2347.546571
114.31013,86,2347.63588
161.14969,33,2347.675186
43.301823,175,2347.691619
133.04562,31,2347.701075
170.73886,32,2347.766945
128.0227,70,2347.767006
-3133.5535,1600,2347.767022
151.67447,45,2347.838438
126.721466,142,2347.846972
159.18465,35,2347.932183
139.34766,34,2347.967161
152.60104,36,2348.070937
113.62508,50,2348.110666
113.18681,38,2348.153318
103.85404,63,2348.280648
161.20595,100,2348.357919
165.12222,85,2348.395465
102.09276,42,2348.403716
161.01967,64,2348.440091
132.19635,71,2348.524493
98.12143,58,2348.563934
148.95204,91,2348.571693
128.18607,38,2348.648628
33.38725,222,2348.648676
129.13966,39,2348.707004
190.38048,41,2348.714863
-985.9739,1600,2348.737927
-392.87933,46,2348.79585
137.3556,38,2348.81843
143.98853,36,2348.841745
203.69444,28,2348.865911
195.81955,30,2348.883231
133.08421,38,2349.000113
201.76602,33,2349.049356
69.926315,169,2349.106382
119.350395,72,2349.129455
83.5503,131,2349.168862
146.58272,45,2349.211626
139.6853,121,2349.218284
175.42049,58,2349.332588
-755.01556,280,2349.340413
170.67407,34,2349.398282
209.34312,28,2349.445869
161.57889,36,2349.630491
96.163666,261,2349.63054
203.02922,26,2349.655709
135.91092,131,2349.762555
128.44646,49,2349.787985
140.53885,111,2351.317663
100.087234,70,2351.333378
146.3172,37,2351.367037
140.04623,112,2351.437723
184.88988,32,2351.486144
109.206184,40,2351.53055
108.22145,177,2351.554618
152.53947,61,2351.563822
-181.52312,535,2351.692344
167.8861,32,2351.743631
192.354,36,2351.814399
87.499084,61,2351.823894
108.45226,154,2351.838737
132.18011,35,2351.83878
115.609726,56,2351.879937
97.95594,76,2351.965835
126.181946,86,2351.998257
204.97473,34,2352.006527
132.64964,34,2352.097154
192.28146,25,2352.165497
110.39576,49,2352.197037
150.60284,34,2352.27402
116.64136,61,2352.297123
-0.37666777,261,2352.321865
182.21289,40,2352.412846
148.97221,61,2352.697701
147.53404,39,2352.761339
103.57329,68,2352.853793
149.13914,150,2352.908177
132.27928,38,2353.031467
49.620667,145,2353.202365
47.36287,343,2353.270698
-71.45185,375,2353.309614
177.16975,37,2353.330603
84.729,188,2353.440363
128.4417,83,2353.458434
-1100.2739,1600,2353.519255
129.20415,36,2353.58678
145.79837,44,2353.586857
172.51952,91,2353.696024
209.15727,26,2353.696071
147.56956,52,2353.784819
80.55777,192,2353.995153
134.16586,36,2354.034814
141.36028,82,2354.20772
171.83667,70,2354.240048
79.34732,51,2354.255713
78.8634,74,2354.27274
154.33781,35,2354.313494
-117.12425,384,2354.329609
-408.2156,79,2354.405823
15.285213,247,2354.451398
182.28238,35,2354.491399
165.6188,35,2354.553249
161.36772,65,2354.582504
129.99458,45,2354.613538
100.91672,39,2354.621602
188.24112,28,2354.670969
184.47762,43,2354.671015
163.4118,30,2354.905025
146.4932,35,2354.943703
144.36554,57,2355.002427
79.964424,98,2355.018738
79.09797,72,2355.061666
-727.36115,385,2355.077121
199.63039,30,2355.178279
145.75218,94,2355.326423
158.69559,55,2355.340778
10.023935,128,2355.416455
117.41382,59,2355.459956
141.66597,126,2355.600257
-34.72007,490,2355.609304
165.63211,34,2355.678044
128.36026,83,2355.716225
138.43724,103,2355.858187
162.94325,33,2355.865999
140.17853,40,2355.994876
148.98175,54,2356.028303
131.92653,94,2356.065719
143.23099,99,2356.122291
182.00748,52,2356.138855
138.90837,49,2356.259425
183.58102,33,2356.267356
153.34203,58,2357.887059
174.46663,35,2357.894995
169.56078,40,2357.951929
127.150345,64,2358.008287
124.754616,114,2358.147657
203.24544,28,2358.167824
52.095455,231,2358.207246
123.00153,110,2358.270763
181.27744,31,2358.396811
76.01436,64,2358.404662
187.21176,28,2358.606997
146.37733,39,2358.697824
122.32188,64,2358.767576
-104.96577,659,2358.923505
127.596664,35,2358.974696
65.5128,113,2359.053428
-60.87273,555,2359.210151
157.03043,57,2359.218233
127.33491,43,2359.261581
137.08748,42,2359.2958
-321.62622,555,2359.364777
181.86276,52,2359.462598
118.47064,113,2359.497905
165.27185,44,2359.572352
174.04156,45,2359.630622
167.03674,56,2359.661981
-397.55414,46,2359.678857
160.13521,37,2359.678902
-1709.9615,968,2359.882844
104.4196,51,2359.882891
194.54784,28,2359.912665
89.97931,218,2359.946113
83.01417,247,2359.965871
124.27573,41,2360.00339
89.6658,82,2360.168143
-93.10326,421,2360.176861
163.62454,36,2360.20839
192.00986,31,2360.22021
154.0006,34,2360.28362
179.2748,38,2360.489003
153.67264,74,2360.48905
156.66447,37,2360.506085
178.18356,46,2360.549458
66.778114,146,2360.809106
146.4898,44,2360.839725
106.00631,44,2360.839772
143.66699,44,2360.855882
119.423485,97,2360.993721
-84.901344,394,2361.050381
71.32849,149,2361.091233
191.96109,32,2361.099104
101.6557,199,2361.183608
188.86432,45,2361.215951
207.15466,29,2361.222917
88.767845,120,2361.237434
193.53091,29,2361.316499
157.02773,34,2361.367557
203.51341,28,2361.409631
208.3524,35,2361.516998
181.16895,45,2361.571218
106.66643,107,2361.675238
152.06477,57,2361.686566
110.241974,74,2361.902732
59.241325,64,2361.910814
124.151184,70,2361.920374
-17.632793,248,2361.928552
174.34781,34,2361.947889
169.58237,52,2362.077125
90.31303,67,2362.460644
169.1033,66,2362.469118
144.61195,71,2362.487584
97.85862,86,2362.589474
65.26787,80,2362.710114
82.88509,48,2363.095165
74.67434,54,2363.118503
79.72799,81,2363.336654
95.46142,208,2363.397419
-440.0354,167,2363.479095
151.12144,54,2363.56935
201.2004,28,2363.651311
201.08034,29,2363.801659
166.12035,87,2363.920599
146.84079,50,2364.157597
-162.92162,508,2364.206105
-122.84982,402,2364.206171
58.9217,83,2364.251171
193.8928,29,2364.504431
182.96858,33,2364.541834
178.74118,58,2364.563954
153.1908,49,2364.669977
6.253007,209,2364.845792
-398.59213,45,2364.937936
63.314724,354,2365.010597
144.14342,37,2365.034639
-566.1587,882,2365.189166
144.87607,43,2365.261941
151.37646,79,2365.326615
-206.84538,468,2365.466048
172.21619,32,2365.483312
142.64026,33,2365.564493
204.26286,27,2365.575117
59.190613,272,2365.593499
116.955734,61,2365.603233
186.21422,30,2365.761788
131.12961,85,2365.817555
197.55524,28,2365.874931
176.17593,47,2366.014946
131.47507,45,2366.025069
172.76808,41,2366.203006
44.03695,300,2366.667675
27.665379,226,2366.701679
19.938793,123,2366.74542
56.88536,135,2366.745494
104.587875,111,2367.079593
92.891884,143,2367.121056
108.21211,47,2367.175022
124.575424,66,2367.329942
112.5785,43,2367.483384
44.659966,353,2367.569354
165.8714,50,2367.605139
143.60974,72,2367.690028
-801.7739,750,2367.811796
182.20216,55,2367.945567
109.88135,44,2367.969063
-708.7587,1388,2368.035554
-1868.2491,1600,2368.100158
138.40242,37,2368.108039
98.75929,226,2368.199569
123.09426,74,2368.288604
-395.35962,48,2368.328604
150.86877,38,2368.336778
153.09924,33,2368.360204
172.76164,45,2368.63529
171.81285,42,2368.682563
44.59356,73,2368.978593
132.59431,66,2369.061886
179.62636,30,2369.150223
104.735695,104,2369.150265
186.5792,31,2369.241999
153.63316,33,2369.4178
147.19098,47,2369.559393
152.07547,39,2369.596723
178.45105,32,2369.762498
87.15233,243,2369.863542
-24.760874,428,2369.8636
182.2244,31,2369.943116
203.5833,27,2370.278001
-122.13345,314,2370.393065
106.04234,53,2370.478308
24.036373,252,2370.517949
155.53925,90,2370.579508
127.26952,65,2370.597455
74.596504,197,2370.785576
195.76918,30,2370.785619
-1390.2538,1600,2370.855555
175.57678,36,2370.880508
147.58049,74,2370.964749
210.16914,26,2371.009366
169.2939,49,2371.018286
172.1457,30,2371.162926
147.5849,46,2371.196885
203.31169,30,2371.237152
55.47177,148,2371.24619
182.12184,31,2371.287191
-338.9856,49,2371.297077
95.913765,54,2371.475426
176.66147,30,2371.475475
151.74458,36,2371.484548
150.37659,36,2371.580776
178.32414,45,2371.614162
-396.77792,40,2371.624699
179.20824,56,2371.624746
156.37122,37,2371.791117
-558.95123,843,2371.830552
-289.26968,738,2371.859342
184.2515,50,2371.916706
-372.8011,59,2371.98204
-12.035789,313,2371.999287
180.0132,46,2372.019006
155.98317,49,2372.042297
178.43071,29,2372.075598
194.93895,39,2372.187543
152.21059,68,2372.199817
62.486137,205,2372.242677
131.6896,38,2372.296605
183.6986,42,2372.341732
146.70166,34,2372.349512
192.16597,28,2372.399921
180.14684,60,2372.399963
176.44131,101,2372.650173
99.51958,76,2372.660713
170.23837,44,2372.676105
76.03448,90,2372.940203
121.4418,70,2372.940259
163.72842,53,2373.069758
105.3714,126,2373.359396
100.32386,78,2373.542383
-18.467733,248,2373.600826
61.265343,119,2373.600883
142.41682,43,2373.933136
166.62514,39,2373.972545
192.03452,29,2374.207413
-187.422,836,2374.207481
-372.49347,66,2374.226317
-18.390411,228,2374.354924
121.24953,52,2374.475754
192.63632,41,2375.50941
98.679306,57,2375.642201
192.84894,30,2375.642249
95.42502,198,2375.71987
127.031494,54,2375.755067
214.81311,38,2376.002989
135.04294,34,2376.078089
-613.25183,262,2376.161428
-308.1324,1023,2376.215506
-192.31569,773,2376.345458
127.71297,40,2376.37583
143.9162,100,2376.453498
200.19452,29,2376.627167
145.01616,44,2376.635232
-9.440507,355,2376.710829
164.30827,69,2376.730348
-115.86004,649,2376.998032
158.36693,94,2377.048667
179.91351,49,2377.208789
61.32312,63,2377.252205
140.00261,60,2377.297608
-59.45534,468,2377.334874
187.2765,28,2377.334925
95.57374,82,2377.42454
147.91827,48,2377.48152
104.48557,106,2377.481581
63.720318,125,2377.584334
-374.88364,49,2377.670642
148.29123,43,2377.734899
143.68317,40,2377.785442
48.24347,288,2377.832518
157.1021,65,2377.892723
175.84268,28,2377.915303
115.52654,54,2377.954926
107.820435,78,2378.034556
134.43452,58,2378.086275
167.5578,42,2378.093675
181.88269,43,2378.152028
78.95304,102,2378.161784
148.45119,54,2378.283627
136.74397,53,2378.367541
145.91403,31,2378.424042
155.41557,67,2378.468951
134.07033,63,2378.499881
139.04243,50,2378.51514
-455.40717,59,2378.653268
177.64076,34,2378.784935
33.943073,337,2378.801653
91.458,88,2378.846219
177.05507,42,2378.870414
148.96565,59,2378.870459
64.41787,112,2378.978694
152.48805,68,2378.985407
200.03146,28,2379.063928
122.778275,103,2379.147705
163.51067,47,2379.178709
127.88258,44,2379.219895
-639.09546,570,2379.380977
211.20438,27,2379.400471
-399.24313,55,2379.425189
144.16963,71,2379.562658
119.305954,109,2379.661191
170.84311,38,2379.731071
141.8042,41,2379.731117
117.33501,48,2379.778304
126.62041,40,2379.878659
152.69022,34,2380.002393
198.95047,29,2380.009226
-424.39398,38,2380.032149
115.53273,179,2380.11262
109.50781,43,2380.215851
189.10663,25,2380.222695
135.36702,73,2380.236325
-389.1906,43,2380.320279
165.80016,32,2380.346258
188.12411,24,2380.407293
70.489265,164,2380.513192
123.060905,47,2380.578733
106.68001,52,2380.643054
188.81364,42,2380.68234
-98.86076,238,2380.749893
-399.70422,98,2380.766511
67.98144,212,2380.818891
-47.216034,300,2381.236882
183.90189,33,2381.277642
164.35213,50,2381.284723
148.7861,82,2381.35393
126.3801,42,2381.484529
188.7232,31,2381.492492
89.82651,67,2381.737582
-36.574223,302,2381.844754
115.29253,70,2381.852959
201.8127,30,2381.978406
141.02054,68,2382.03765
-1585.2115,1600,2382.091936
151.20723,38,2382.159717
-1384.0479,1043,2382.233522
118.64892,94,2382.241407
168.35524,33,2382.35435
0.7935407,162,2382.434438
94.652855,82,2382.505949
146.1178,52,2382.575919
-446.6726,80,2382.626588
-330.2422,1066,2382.779132
67.751396,187,2382.786185
56.691063,180,2382.802312
-202.50331,801,2382.820093
165.34857,32,2382.88462
150.01068,87,2382.930907
116.319984,77,2382.966782
191.1816,49,2382.96683
157.74712,42,2383.141045
168.37625,35,2383.16362
190.42256,28,2383.194927
50.290085,153,2383.266366
210.26535,28,2383.360495
102.07644,77,2383.40001
102.88594,82,2383.433913
155.63097,69,2383.483376
154.03978,47,2383.542145
117.90665,47,2383.574592
126.54506,47,2383.649284
61.369385,176,2383.658739
-62.36338,345,2383.85771
87.73753,49,2383.908212
66.05816,113,2383.908265
123.83129,69,2384.010084
118.13693,46,2384.155772
133.22325,88,2384.224514
132.83566,67,2384.235735
152.29794,47,2384.422813
173.731,61,2384.592798
132.79893,52,2384.600749
149.66698,77,2384.72997
160.49425,35,2384.890814
119.90813,74,2384.907118
208.29518,35,2385.018032
-512.41547,254,2385.096832
85.7075,82,2385.247204
-83.86028,535,2385.281375
23.767097,213,2385.349292
60.30532,67,2385.388797
175.19386,27,2385.564646
208.00266,26,2385.597279
156.98286,81,2385.704673
134.56409,64,2385.782186
85.95605,102,2385.792447
167.68637,49,2385.979819
154.21939,104,2386.053599
43.490623,223,2386.053649
-740.48267,614,2386.07096
146.21703,49,2386.088696
85.67881,61,2386.269744
192.64062,32,2386.319505
178.35788,48,2386.369141
145.06425,44,2386.417871
-425.48544,80,2386.434531
41.771797,278,2387.771457
-168.90732,334,2387.84308
45.396637,239,2388.176688
137.1721,49,2388.231199
126.735176,90,2388.600313
181.65108,34,2388.614914
111.190414,126,2388.66752
147.35309,40,2388.713886
120.72578,76,2388.71398
149.62329,88,2388.726173
57.082096,111,2388.857059
41.97304,103,2388.872914
113.25132,36,2389.010358
160.17618,55,2389.085275
50.833046,249,2389.166313
144.51418,78,2389.292559
33.771275,203,2389.340703
136.81628,41,2389.363061
175.28702,33,2389.43741
150.70616,93,2389.453223
90.419945,50,2389.508501
191.6513,28,2389.684551
190.34708,45,2389.734662
177.12238,48,2389.905681
-137.79665,709,2389.953761
144.39064,40,2390.020998
78.339485,73,2390.041222
131.15138,40,2390.329186
49.463364,219,2390.515934
121.96049,155,2390.542855
135.2783,83,2390.610924
111.88673,72,2390.610971
186.25682,29,2390.754718
126.800896,44,2390.958284
-375.09235,50,2391.007386
183.02745,34,2391.023234
75.04092,60,2391.023278
-215.4003,838,2391.053233
-143.97824,732,2391.280625
153.73714,35,2391.322161
166.94466,43,2391.393524
101.11596,51,2391.39357
173.0794,51,2391.451841
138.21458,35,2391.582512
198.96577,26,2391.614796
206.20338,26,2391.668664
83.973595,292,2391.735956
128.15991,228,2391.766883
135.25398,45,2391.774873
53.687164,261,2391.874147
151.89656,40,2391.91431
177.13417,43,2391.967229
183.72752,29,2392.117671
173.71362,44,2392.146414
164.76958,69,2392.250378
143.08623,67,2392.49346
139.26762,34,2392.541811
155.9117,51,2392.557986
111.75766,98,2392.600347
74.01736,151,2392.608656
-1514.6769,1600,2392.67829
122.78434,45,2392.855293
52.4748,136,2392.870686
139.26344,37,2392.973555
109.815575,47,2392.981913
129.82916,57,2393.000363
154.6022,59,2393.074879
130.3408,51,2394.788103
130.86021,39,2394.815715
150.49611,52,2394.815764
139.19102,56,2394.99002
97.99259,206,2395.278928
180.73483,47,2395.278971
117.30588,81,2395.347323
40.263096,59,2395.365942
108.9541,53,2395.511914
119.99904,39,2395.662055
123.55991,44,2395.713478
94.9873,197,2395.85895
175.80022,48,2396.129562
97.11755,99,2396.314364
156.88484,87,2396.368175
61.881622,134,2396.668899
-99.830734,459,2396.677883
156.73311,42,2396.716576
161.93173,43,2396.775539
118.20586,72,2396.820868
81.48613,121,2396.876589
142.96054,117,2396.980273
-391.86053,45,2397.243289
168.9787,65,2397.32917
152.01128,37,2397.67908
90.797035,113,2397.727057
137.49806,55,2397.762262
101.104965,111,2397.907258
106.42275,123,2397.915196
7.266333,325,2397.922837
-396.42502,42,2398.120135
90.263565,45,2398.276245
113.97113,56,2398.372975
142.15117,95,2398.848111
114.78567,91,2398.976769
-125.62275,614,2399.109722
65.60141,120,2399.348732
105.13873,64,2399.393545
125.050026,80,2399.663435
-626.7855,1095,2399.811782
55.843754,283,2400.049715
156.93762,68,2400.215617
45.278503,146,2401.113053
186.97311,29,2401.249423
138.6017,39,2401.440853
-63.341408,344,2401.505414
167.44768,33,2401.514665
44.23881,180,2401.617109
105.72117,97,2401.632354
-316.9801,723,2401.668075
126.60821,44,2401.80998
-2211.3518,1600,2401.830529
110.99845,37,2401.940996
174.50801,45,2401.984475
143.67107,40,2401.994816
-150.2444,430,2401.994862
92.98861,69,2402.081184
168.46587,44,2402.18075
148.64558,85,2402.218425
178.87514,30,2402.246967
131.67177,57,2402.279421
139.13817,43,2402.294142
138.994,38,2402.31537
203.20995,28,2402.315417
199.02415,29,2402.522593
125.554184,39,2402.544247
174.42453,31,2402.570634
120.78141,33,2402.588819
164.30948,47,2402.641489
125.00235,58,2402.673862
88.00945,90,2402.744582
154.34885,55,2402.760914
187.1546,28,2402.808067
-127.62249,636,2402.832476
151.55115,46,2402.908343
-370.32916,43,2402.908389
176.02742,37,2402.950958
202.40356,29,2403.139167
138.7252,46,2403.289938
155.64236,36,2403.437926
150.23985,81,2403.514946
123.32405,118,2403.615498
162.77818,105,2403.709736
166.87718,83,2403.719752
205.6259,31,2403.822423
-1432.0071,1600,2403.908951
86.596855,63,2404.22896
-672.4221,1537,2404.407569
118.59865,72,2404.496263
-332.51324,498,2404.760619
101.586494,88,2404.871848
131.2811,83,2404.981407
145.57678,54,2405.009188
57.903584,148,2405.062716
61.737843,114,2405.147213
69.01054,119,2405.305421
15.1111765,230,2405.335469
130.78743,71,2405.383939
61.65084,251,2405.383991
121.164085,48,2405.383998
-985.76855,1600,2405.440651
91.43384,57,2405.669157
170.04898,46,2405.690145
134.834,65,2405.724122
211.13808,27,2405.769184
135.69214,39,2405.788989
100.944855,112,2405.808524
184.95276,39,2405.843467
-596.3262,1457,2405.853932
148.58826,48,2405.94503
150.74124,62,2406.010881
174.39932,109,2406.021426
172.23076,32,2406.079803
132.41174,40,2406.132647
80.28431,95,2406.145318
128.14174,36,2406.198012
212.70877,25,2406.308047
126.49204,64,2406.379205
179.11948,31,2406.47508
155.92342,40,2406.628482
105.60679,110,2406.628529
108.9144,66,2406.665063
105.346825,49,2406.675478
138.3784,33,2406.730082
90.45983,95,2406.894107
136.49564,104,2406.91561
166.7941,77,2406.929702
187.48373,31,2406.973202
152.2976,66,2407.013835
182.76602,30,2407.065259
142.37117,42,2407.084443
204.14651,26,2407.262333
164.1336,39,2407.352323
131.64532,50,2408.311244
114.01172,135,2408.353889
35.98934,83,2408.482568
134.06793,56,2408.590021
106.78816,65,2408.609107
-352.6254,44,2408.621138
204.02576,26,2408.679502
150.67139,38,2408.859699
197.31227,32,2408.94071
154.44008,35,2408.962371
170.97601,33,2408.998125
129.57573,105,2409.043426
195.33328,55,2409.133682
-387.22406,43,2409.375396
141.34866,37,2409.448867
102.90174,55,2409.527615
150.05775,40,2409.55553
171.26468,76,2409.65477
76.446396,208,2409.738534
161.55997,82,2409.818498
168.6808,31,2409.842052
182.98213,28,2409.896644
56.77127,168,2409.921143
149.22984,36,2410.188854
108.25508,87,2410.218995
150.61888,76,2410.448488
112.16717,112,2410.572649
199.60956,38,2410.619549
111.30287,47,2410.694283
71.75762,143,2410.771402
97.47793,98,2410.810872
-51.930782,307,2410.917747
135.97289,46,2410.953864
169.05923,34,2410.971817
181.14372,28,2411.085316
178.31499,28,2411.107326
182.17429,29,2411.219397
-402.9489,60,2411.341323
175.56075,32,2411.458268
121.094925,39,2411.489859
163.65292,30,2411.579198
186.90399,30,2411.711341
145.51822,79,2411.735061
98.44665,87,2411.795192
141.9947,68,2411.857805
179.92064,47,2411.906616
-50.300297,514,2411.984647
206.56483,30,2412.078756
125.634735,48,2412.17462
-25.7323,401,2412.29868
132.67773,48,2412.322333
179.35219,31,2412.330818
149.94078,82,2412.437473
115.68077,41,2412.524483
200.46243,39,2412.654326
104.081154,53,2412.786376
199.60155,33,2412.802135
159.92209,67,2412.870441
140.66414,70,2413.083402
43.39517,257,2413.173719
90.687096,139,2413.296829
-93.45371,380,2413.502229
175.6392,35,2413.53299
66.51987,91,2413.582232
161.43402,67,2413.589852
-583.19104,969,2413.628638
160.4832,60,2413.813563
-48.32176,420,2413.925593
-837.6652,1600,2413.93349
179.79532,46,2413.966937
79.89388,49,2413.982901
93.26571,49,2414.023674
136.41772,38,2414.126293
186.32812,35,2414.226092
132.805,41,2414.602166
127.76902,41,2414.639885
145.65149,40,2414.716629
189.89143,31,2414.747684
157.51166,38,2414.895985
143.03165,37,2414.946306
137.55035,44,2415.021586
134.2558,41,2415.074358
149.54271,36,2415.233161
150.00392,42,2415.233207
179.18692,40,2415.356898
195.87497,44,2415.44107
166.64194,35,2415.535742
147.04924,41,2415.720833
127.500854,39,2415.875629
126.711914,36,2416.019265
189.92299,29,2416.12433
87.3162,81,2416.154433
125.20813,108,2416.168373
39.654823,361,2416.59149
112.337494,73,2416.776942
114.98484,89,2416.795613
204.18639,43,2416.957784
115.76617,92,2416.957833
-1397.2583,1600,2417.131858
138.5948,48,2417.184949
-19.692472,462,2417.200759
-23.098383,394,2417.219286
-246.32825,1013,2417.219332
179.24539,35,2417.256307
-1423.4421,1082,2417.331009
188.25912,29,2417.421266
184.67801,53,2417.629691
118.50201,47,2417.629738
135.12605,44,2417.678097
149.54765,33,2417.69209
112.9029,88,2417.939685
169.07405,31,2417.951388
50.735973,93,2417.982436
169.37958,35,2418.205232
138.58183,72,2418.24567
138.2522,89,2418.318963
141.60217,40,2418.529931
186.06586,32,2418.554254
97.50818,79,2418.797202
203.33221,30,2418.797245
73.707245,112,2418.818976
-72.91603,353,2418.980213
167.00084,34,2419.066758
55.38438,185,2419.066804
159.08957,40,2419.117634
182.45941,38,2419.284062
201.15335,31,2419.318422
-487.1388,65,2419.346248
197.74706,30,2419.360824
154.88461,38,2419.627895
153.93587,73,2419.660516
103.283,140,2419.660564
147.16106,56,2420.571223
91.98425,76,2420.715703
164.2128,42,2420.931752
175.98216,62,2420.941242
-918.18494,734,2421.147676
187.06842,25,2421.155257
179.05275,33,2421.212457
-237.47284,980,2421.263227
143.30804,74,2421.355307
147.96321,38,2421.462769
171.57309,44,2421.500483
182.63501,39,2421.572343
-105.89863,470,2421.660688
40.050476,201,2421.70172
138.20909,47,2421.72601
182.97798,35,2421.776897
127.22449,44,2422.003609
-561.70197,465,2422.409674
-710.5284,602,2422.545153
162.59007,74,2422.592868
-376.01486,983,2422.658264
123.46897,43,2422.947798
88.66116,76,2423.025955
27.20855,212,2423.14113
47.482525,227,2423.572002
141.65263,55,2423.57205
129.28511,74,2423.601067
39.78212,243,2423.649314
141.9042,39,2423.886909
200.02072,32,2423.904305
53.271572,296,2423.921723
173.05884,46,2423.945108
129.807,47,2423.981105
176.52705,30,2424.154678
183.34132,36,2424.189469
122.85443,41,2424.332058
144.59677,47,2424.347749
138.76828,58,2424.42454
139.64388,39,2424.507807
29.792814,242,2424.52517
178.78822,41,2424.563147
126.33965,38,2424.677276
202.08832,27,2424.763708
-735.114,1317,2424.938789
199.05815,28,2424.962796
125.82622,44,2424.990979
-432.6782,52,2425.030781
175.83221,33,2425.086262
173.70079,35,2425.342335
137.74898,39,2425.424818
89.42494,51,2425.443231
196.41112,34,2426.490078
-1892.7899,1600,2426.970862
55.838074,113,2427.111932
200.39865,29,2427.22826
159.75974,119,2427.263393
108.19873,88,2427.272419
176.77153,34,2427.410486
-487.2715,1135,2427.745013
159.23753,61,2427.935506
152.26826,36,2428.042592
-294.2082,273,2428.129799
43.391964,106,2428.179843
-348.6176,688,2428.285223
110.461975,47,2428.308785
183.22145,51,2428.576049
143.29248,59,2428.582905
128.58922,65,2428.798964
94.23208,101,2428.834958
164.8903,33,2428.834999
174.96152,36,2428.864371
-254.72661,648,2428.919424
136.7773,41,2429.110075
168.82169,36,2429.110117
86.50993,61,2429.304009
170.65515,59,2429.377162
101.99126,46,2429.47091
106.93807,47,2429.482939
-3145.4216,1600,2429.491253
195.70787,27,2429.695749
-380.01355,42,2429.814555
157.2341,55,2429.905342
-98.74755,344,2430.027297
144.03094,85,2430.043469
187.35204,41,2430.192366
175.79953,42,2430.517693
116.64761,144,2430.596667
105.85628,122,2430.898638
-155.54526,654,2430.924211
24.225573,313,2431.043653
-391.55573,44,2431.083301
199.75626,28,2431.407622
148.34105,81,2431.465248
138.28473,37,2431.562929
122.52727,143,2431.664262
-11.85858,297,2431.728982
189.40279,29,2431.768278
58.087116,174,2431.938814
209.1068,32,2432.038774
54.008293,79,2433.520031
147.814,37,2433.925255
7.3051357,232,2433.973573
-91.619,599,2434.011499
-266.66867,788,2434.154428
40.50302,188,2434.162039
156.19016,119,2434.162082
92.73922,140,2434.287706
137.14935,40,2434.321044
120.91342,46,2434.330466
47.497753,218,2434.428385
147.51405,37,2434.506622
118.63962,51,2434.641576
194.37,27,2434.689116
87.138176,50,2434.793398
160.06366,53,2434.863139
179.14948,52,2435.03995
60.27983,77,2435.095193
162.38478,35,2435.227551
98.101,51,2435.227601
120.77885,67,2435.470351
184.30925,30,2435.746938
192.30745,62,2435.81855
133.15762,80,2435.828449
22.78543,285,2435.95935
150.19861,37,2436.143098
1.9684339,320,2436.275784
123.286194,48,2436.355073
21.82039,344,2436.421416
178.0288,34,2436.521932
151.497,54,2436.55767
58.967068,193,2436.658847
131.34256,38,2436.695422
91.86356,90,2436.833759
-1110.9302,1600,2436.874152
-909.2782,1600,2436.916624
144.91762,46,2437.129653
99.037125,75,2437.305618
165.04028,42,2437.32724
173.37103,36,2437.33511
184.63191,28,2437.406365
169.33087,68,2437.4348
190.50803,31,2437.627603
-1978.4736,1575,2437.662396
127.202126,77,2437.707539
153.74416,44,2437.754907
173.29872,35,2437.77882
196.08963,35,2437.815862
128.34715,51,2437.870251
109.49148,135,2438.046793
189.86772,37,2438.05886
171.20691,34,2438.146458
140.91167,40,2438.1698
122.623695,46,2438.192947
133.93556,51,2438.398952
-32.349823,295,2438.425435
98.364075,189,2438.466924
128.01164,39,2438.474932
105.943794,65,2438.493493
182.64314,46,2438.53634
179.46484,45,2438.619323
115.47462,84,2438.771595
212.71153,38,2438.858948
155.16063,35,2438.901849
141.70087,61,2439.015851
131.31456,83,2439.058978
177.26125,30,2439.091087
189.92363,47,2439.113047
198.95274,29,2439.167163
181.25522,31,2439.381218
203.74371,29,2439.696313
128.1621,52,2439.718672
56.950817,108,2440.962044
195.45956,33,2440.98099
72.23952,108,2441.150545
-996.8354,1600,2441.15059
-146.13953,598,2441.18098
69.89073,370,2441.566808
135.92068,95,2441.583246
159.89514,43,2441.629916
117.29165,147,2442.414718
-9.261857,348,2442.593387
57.56888,154,2442.624613
186.80276,41,2442.730137
88.11388,131,2442.767918
-990.6615,1600,2442.775676
-84.64714,293,2442.857286
163.98154,45,2442.957203
127.15123,34,2443.051168
48.33385,182,2443.22267
142.95897,49,2443.247283
152.57002,40,2443.272585
177.38559,63,2443.288791
52.58316,81,2443.393878
64.90932,214,2443.444318
112.741394,57,2443.509968
137.5487,41,2443.605717
180.48354,52,2443.649011
-13.96765,288,2443.705804
151.12569,60,2443.739874
149.05276,36,2443.805515
141.0237,64,2443.815474
134.68304,59,2443.872939
139.70229,42,2443.953174
133.42755,47,2444.036067
-288.90808,349,2444.064116
181.18936,40,2444.1541
71.246284,53,2444.268208
114.65741,75,2444.337611
176.91736,43,2444.426291
68.46046,232,2444.517623
124.4659,44,2444.609812
162.87003,40,2444.648402
92.85521,81,2444.695771
143.63968,40,2444.844426
204.29552,27,2444.922029
191.96965,39,2444.929835
115.691154,48,2445.055788
123.74315,201,2445.097544
174.64915,31,2445.185433
117.465836,100,2445.239598
122.92049,55,2445.294438
147.19098,39,2445.36488
104.36937,54,2445.373072
32.225983,187,2445.409362
-389.43924,42,2445.636077
167.15225,34,2445.655711
104.617874,100,2445.889366
-4.8304987,286,2446.061021
187.48753,61,2446.100344
56.561592,108,2446.996569
98.96932,272,2447.063577
210.4821,29,2447.07437
-356.15887,1098,2447.093233
148.2027,51,2447.201747
-9.4639635,185,2447.390119
127.17301,42,2447.437763
174.86798,57,2447.526663
196.2289,29,2447.608903
166.6198,79,2447.615455
131.79886,73,2447.639346
167.2637,31,2447.67082
158.25224,39,2447.83861
141.75533,35,2447.919556
113.25984,112,2448.081357
-387.69818,41,2448.154339
7.3584394,435,2448.184238
117.97608,41,2448.250875
151.66214,76,2448.277131
-16.113186,292,2448.285119
-939.0296,940,2448.344695
187.49881,32,2448.427212
115.59585,107,2448.452117
112.95404,44,2448.499602
-387.97284,41,2448.576372
141.89516,39,2448.658435
179.56303,31,2448.695431
188.48099,30,2448.763693
168.75586,38,2449.008109
145.93057,90,2449.052208
106.13292,74,2449.125563
121.22422,38,2449.125668
156.30664,49,2449.16338
202.0378,28,2449.414705
137.51389,44,2449.609169
137.41933,52,2449.662759
154.48856,36,2449.791122
127.97299,42,2450.039725
20.754427,215,2450.334318
31.52617,200,2450.554923
85.64808,56,2450.595104
-1511.01,1600,2450.76401
82.47149,184,2450.887128
-547.1358,188,2450.971342
146.42456,51,2451.053729
-132.9105,568,2451.094062
177.78717,53,2451.110423
186.04758,29,2451.210139
202.71503,24,2451.259174
201.28275,32,2451.381983
154.8128,38,2451.41312
154.25087,37,2451.566576
-476.6708,95,2451.602271
159.75208,34,2451.71683
11.157416,403,2451.844541
64.5854,127,2451.992638
170.94965,48,2452.035697
107.755844,85,2452.11684
-71.62985,267,2452.150388
188.73763,31,2452.252142
112.26398,65,2452.280478
150.52536,34,2452.321128
189.16917,28,2452.359399
78.68752,66,2452.398609
183.96509,31,2452.415579
194.87964,30,2452.503237
196.71297,31,2452.862184
106.78195,42,2452.909367
158.10718,36,2452.960891
112.82604,34,2453.190144
95.74831,68,2453.206606
138.63583,39,2453.282027
160.6946,56,2453.655332
-125.88718,657,2453.695152
159.25926,66,2453.718076
192.63574,29,2453.885952
178.01923,32,2453.948072
131.19655,36,2454.002674
-1336.5499,861,2454.069572
120.536644,114,2454.195015
170.18884,38,2454.19506
127.97945,38,2454.378475
-4151.327,1600,2454.386453
131.3516,50,2454.408866
-2136.0764,1600,2454.431602
-349.46133,512,2454.485858
79.05176,240,2454.681959
-562.9539,267,2454.682009
156.72621,33,2454.702585
120.19363,37,2454.70949
160.99612,45,2454.742439
-288.25577,913,2454.742529
131.66722,55,2454.841699
127.9706,44,2454.860476
-1345.8921,1600,2454.868337
180.13527,31,2454.951508
153.78186,35,2454.985438
172.40695,40,2455.050955
78.119354,104,2455.057589
-27.756447,278,2455.128633
83.893196,69,2455.288887
148.96844,66,2455.300616
159.12875,39,2455.308663
-371.4684,49,2455.357351
139.45619,78,2455.403358
147.0913,65,2455.411251
116.89563,45,2455.422873
75.575,76,2455.49454
202.34277,27,2455.539813
38.876087,197,2455.581753
-383.3095,38,2455.622663
182.02657,30,2455.666514
148.88123,48,2455.710844
43.609882,186,2455.755429
171.017,33,2455.791336
177.685,33,2455.830722
128.6936,47,2455.83077
25.595457,98,2455.88772
142.34439,43,2455.952878
169.5649,34,2455.952925
130.83531,39,2456.037028
173.93246,30,2456.077636
54.227367,96,2456.179335
168.33205,33,2456.228498
83.85636,52,2456.261605
-314.039,538,2456.292142
-385.58444,42,2456.300424
149.96942,50,2456.300469
161.74545,34,2456.358237
134.14897,40,2456.368167
174.55595,33,2456.498864
180.80495,29,2456.530238
187.89459,29,2456.593425
156.08983,41,2456.632607
135.77565,41,2456.69567
162.12152,34,2456.799757
142.7808,37,2456.886881
55.896244,272,2457.110353
-539.5705,242,2457.14401
-348.90546,81,2457.297817
123.3708,55,2457.345743
114.372025,138,2457.381538
198.7629,34,2457.381586
75.170746,260,2457.548525
171.97249,35,2457.655078
141.30331,50,2457.689532
-382.48816,87,2457.830053
101.701164,70,2458.419191
78.62905,98,2458.673105
119.09895,79,2458.697393
90.68161,181,2458.769008
127.9983,62,2458.844528
112.79051,96,2458.943678
176.30414,35,2458.959911
81.867325,245,2458.987279
130.11261,101,2459.015568
126.84412,35,2459.057673
167.74207,89,2459.127092
-56.121292,382,2459.243157
137.40054,71,2459.267089
23.0978,372,2459.311785
148.97618,41,2459.344853
101.05114,47,2459.428932
96.31969,64,2459.467124
136.63249,69,2459.492372
162.50916,36,2459.530807
165.20609,42,2459.604942
144.66632,39,2459.620657
143.0725,99,2459.640501
205.05017,29,2459.667399
145.62871,42,2459.799949
155.8157,59,2459.806741
186.76604,39,2459.915023
53.595043,353,2460.027893
159.57172,33,2460.062924
117.82358,58,2460.085851
201.85124,33,2460.16723
120.36892,51,2460.202678
89.385826,146,2460.280563
101.70667,42,2460.393256
131.79585,52,2460.445709
118.70353,37,2460.602139
104.08548,71,2460.68325
145.13908,41,2460.772253
150.26689,39,2460.812428
172.80626,34,2460.912524
153.16435,35,2461.031031
-289.72473,538,2461.101459
196.47887,31,2461.109255
130.58388,50,2461.244274
76.90578,125,2461.316032
178.8237,34,2461.419804
146.45393,45,2461.440078
111.398315,58,2461.455611
98.62166,230,2461.463419
144.22197,38,2461.653625
143.71036,65,2461.670852
139.33614,44,2461.837165
191.69028,50,2461.875459
194.8299,28,2461.927539
87.78841,262,2461.927586
128.15247,37,2462.192293
91.74516,93,2462.223708
140.57315,36,2462.231822
176.13448,41,2462.274166
100.37251,97,2462.299895
164.01941,37,2462.595977
125.41974,103,2462.689103
-18.578583,395,2462.939261
132.8146,72,2463.142055
137.11224,131,2463.220193
125.996124,94,2463.420136
159.3482,36,2463.434673
155.6534,180,2464.852318
-371.3509,847,2464.925553
166.00296,44,2464.925601
138.02997,49,2464.981882
147.78004,77,2464.989732
100.72331,214,2465.074972
113.84097,138,2465.188827
119.663536,36,2465.19865
183.04756,30,2465.206917
162.89323,49,2465.310342
184.63332,33,2465.325946
145.16077,44,2465.335455
150.19048,70,2465.404387
-2347.8735,1600,2465.563408
-391.1831,46,2465.689408
135.5819,62,2465.706756
186.28796,31,2465.958037
100.93315,95,2465.965396
131.16716,122,2466.181184
120.02331,70,2466.268133
-1127.9543,1600,2466.311836
120.660774,48,2466.364953
129.9444,99,2466.381451
202.258,37,2466.505709
151.21242,34,2466.603498
141.87563,42,2466.728795
7.9283,417,2466.728839
128.2975,101,2466.808601
-235.73029,496,2466.837894
134.4794,60,2466.872001
-1346.086,550,2466.917768
184.49979,30,2467.041495
148.97025,60,2467.062121
182.03181,31,2467.146641
181.18982,29,2467.15659
169.84329,33,2467.351456
122.61464,81,2467.365944
178.92604,32,2467.470895
29.581589,237,2467.482814
109.19192,136,2467.549086
43.589466,270,2467.795411
207.2872,36,2467.823349
154.71602,36,2467.84608
97.18066,82,2467.862538
162.49251,34,2468.030207
65.06384,124,2468.134943
154.15205,51,2468.145431
165.49983,35,2468.226451
199.36859,28,2468.345007
132.84834,46,2468.385803
166.25777,46,2468.396079
109.029,43,2468.606974
120.03676,95,2468.624289
159.28395,37,2468.755613
139.92384,82,2468.955675
113.29026,78,2468.993235
-400.92786,42,2469.008157
170.04686,66,2469.023258
110.45611,46,2469.15164
181.42708,32,2469.310884
166.09242,31,2469.323078
119.8759,39,2469.323125
123.191635,60,2469.708258
-390.56955,42,2469.733716
173.09218,30,2469.768708
180.38934,31,2469.768765
200.01747,47,2470.240673
-1425.1464,1050,2470.270988
132.19778,86,2470.47643
-558.9615,511,2470.593871
23.087517,306,2470.66052
110.8997,79,2470.709785
-1066.878,1169,2470.911428
170.42937,41,2471.227595
172.53111,32,2471.238546
121.428734,68,2471.260777
168.0282,44,2471.321134
98.02992,116,2471.3212
189.93802,28,2471.506973
72.116104,82,2471.507021
141.92136,38,2471.57625
129.63101,48,2471.658298
108.645325,47,2471.727917
142.34164,58,2471.825192
10.259756,353,2471.853884
151.32921,43,2471.890501
156.68901,38,2471.919073
-1163.4696,1600,2471.975294
24.383127,304,2472.044317
86.921104,48,2472.100446
71.200874,162,2472.127319
152.11845,40,2472.29591
198.62047,30,2472.377438
193.31725,39,2472.410903
94.72694,50,2472.448297
-1.1428425,148,2472.469311
194.28456,26,2472.548952
164.78644,58,2472.697991
-389.35278,43,2472.872071
153.15862,48,2472.894765
166.81415,36,2472.946634
130.8798,51,2473.013438
-72.93573,447,2473.186271
185.08458,31,2473.206093
139.4027,38,2473.206137
64.285904,148,2473.272342
181.30762,33,2473.2802
131.79166,60,2473.429698
209.78928,24,2473.42974
129.11925,101,2473.429747
163.79823,85,2473.500488
197.87215,33,2473.510062
197.40793,33,2473.580616
143.58714,39,2473.649122
162.12975,35,2473.753087
163.40388,36,2473.7629
154.76917,39,2473.792039
176.67538,31,2473.80341
82.178604,230,2473.916743
132.22171,87,2473.993289
199.31682,29,2474.031573
177.48665,31,2474.039425
113.10681,66,2474.11453
146.44258,38,2474.146234
-1166.3671,682,2474.214223
195.99951,29,2474.346989
129.1039,52,2474.448986
123.28697,92,2474.491407
113.47419,60,2474.633216
98.37141,49,2474.683542
-24.154644,300,2474.707259
147.43285,65,2474.796086
116.11055,52,2474.835149
144.55171,38,2474.843562
174.5098,33,2474.946282
172.77946,32,2474.979253
202.14583,28,2475.052473
161.54207,33,2475.127503
188.78854,34,2475.289867
171.85202,38,2475.289915
114.21166,85,2475.490185
135.91159,79,2475.560826
143.31004,71,2475.686377
169.87251,32,2475.77413
158.65944,35,2475.869689
3.3106978,183,2476.09029
136.40466,42,2476.217193
175.66444,74,2476.311923
-1242.6399,1600,2476.489053
-643.9285,312,2476.652899
150.93625,37,2476.652977
157.2392,36,2476.817409
82.80371,187,2476.948764
138.25908,37,2477.093402
151.25165,36,2477.248568
39.401855,188,2477.515464
159.97218,57,2477.543522
145.25027,90,2477.555128
-3.9008372,369,2477.565739
144.4134,65,2477.675987
133.00307,35,2477.854381
27.667667,193,2477.91121
150.11292,40,2477.936333
186.00577,29,2477.947442
133.1879,36,2478.226967
102.872925,93,2478.38338
85.6357,134,2479.072774
60.34277,145,2479.160993
140.97775,135,2479.371509
-659.9628,455,2479.378528
82.24833,119,2479.41459
114.65681,38,2479.51912
135.25345,68,2479.69059
162.09721,39,2479.773662
113.35852,45,2480.16177
116.74526,55,2480.621605
-17.619623,380,2480.849027
186.2615,28,2480.858634
174.72646,38,2481.183813
97.95973,210,2481.212753
-1271.8623,1025,2481.253803
159.58293,53,2481.330457
-393.2254,49,2481.655985
152.8758,60,2481.767747
159.27245,53,2481.783608
-208.24692,651,2482.034399
107.33198,49,2482.096733
89.77903,48,2482.242522
133.90663,52,2482.261091
23.616123,307,2482.388412
145.72218,40,2482.468673
199.21294,32,2482.572725
125.446266,55,2482.572798
141.99223,36,2483.486784
-1364.2487,1600,2483.541643
162.25331,35,2483.722907
199.43977,29,2483.769933
161.06123,38,2483.839088
129.28065,34,2483.866529
132.12679,89,2484.329076
151.33917,49,2484.337017
-27.76528,460,2484.453836
142.79256,77,2484.500707
79.351395,94,2484.607602
135.81873,38,2484.672744
89.9497,58,2484.858535
-388.40527,41,2484.870352
198.04782,33,2484.906006
175.12253,36,2485.182075
126.30123,71,2485.306573
-185.5527,553,2485.402132
163.38121,34,2485.479501
-47.391483,383,2485.618832
108.80527,44,2485.692769
-1069.0101,1600,2485.780231
162.65292,34,2485.805589
209.0489,27,2485.978953
92.62062,188,2486.208678
163.16454,45,2486.262641
69.49261,94,2486.3444
169.44275,51,2486.344448
87.24029,50,2486.494653
181.87776,35,2486.683447
95.40539,48,2486.683488
121.78686,189,2486.683496
0.32795036,309,2486.781195
87.7273,56,2486.885455
-517.67236,382,2486.936761
166.64572,39,2487.051359
171.44293,45,2487.109412
118.45401,39,2487.133654
130.87523,67,2487.133712
-1575.2053,1600,2487.155034
-1220.6289,1337,2487.16252
169.30997,33,2487.249311
184.60956,48,2487.335087
141.34825,176,2487.361233
16.685675,258,2487.370661
161.88023,35,2487.450821
177.80171,80,2487.450878
192.30481,33,2487.463712
193.61081,35,2487.480722
115.907646,44,2487.589046
154.43002,47,2487.701554
180.33029,30,2487.737867
107.08385,65,2487.774403
-405.76965,45,2487.79113
115.70068,45,2487.801512
126.20492,53,2487.8397
169.26039,48,2487.894239
186.24959,33,2487.894286
189.85008,32,2488.035814
108.10707,62,2488.058598
176.9768,40,2488.078815
92.39137,67,2488.078875
172.58331,35,2488.144064
190.75548,39,2488.173234
119.20583,32,2488.212716
161.85416,42,2488.251132
167.62656,42,2488.313321
171.50931,33,2488.372756
141.33421,67,2488.429186
148.49739,37,2488.540642
139.41597,40,2488.610979
198.02362,31,2488.619951
192.57848,57,2488.643754
109.84916,46,2488.698363
128.71428,74,2488.814383
160.46065,35,2488.883636
142.3717,44,2489.148203
106.872215,77,2489.199686
146.93843,59,2489.19973
138.02226,37,2489.257811
-2018.2474,1600,2489.377158
115.031006,143,2490.496756
145.0608,43,2490.633286
191.21602,47,2490.66444
105.612,158,2490.717179
161.96742,40,2491.004111
96.81856,170,2491.042975
118.15318,45,2491.09385
-579.61804,401,2491.168406
166.4268,81,2491.168448
158.565,67,2491.378025
175.37297,34,2491.400334
172.98592,34,2491.515308
168.03796,35,2491.524018
76.4012,212,2491.702654
115.24651,51,2491.88103
-2008.5547,1600,2491.892842
181.35344,41,2491.91711
112.389854,189,2492.001562
185.16586,28,2492.158771
144.36447,86,2492.192006
175.5475,34,2492.201607
124.384125,76,2492.231897
147.80809,36,2492.251225
163.72006,40,2492.371153
-23.012896,266,2492.411524
189.57222,28,2492.496969
167.18419,95,2492.603773
29.433176,249,2492.6535
128.40308,62,2492.717241
195.73607,29,2492.74412
92.86985,54,2492.849634
139.31935,51,2492.859195
198.47508,32,2492.877619
-457.0019,203,2492.917175
184.28857,35,2492.951218
75.66493,81,2492.970834
56.983955,89,2492.987096
139.98138,38,2493.083976
42.997948,368,2493.164371
170.68512,34,2493.182045
168.48048,32,2493.358579
117.121765,51,2493.368833
167.05916,60,2493.378829
84.41171,76,2493.387329
131.6152,53,2493.416925
199.7123,33,2493.460697
169.06726,33,2493.721076
153.57559,44,2493.754496
148.6625,49,2493.815947
169.94917,41,2493.83955
102.73531,77,2493.851359
119.53935,106,2493.924016
-1057.0087,1600,2493.94344
132.8649,36,2494.155439
125.737976,49,2494.172813
165.58267,36,2494.172856
172.78806,31,2494.227667
184.19533,31,2494.442226
171.91061,34,2494.543999
-1105.2256,1600,2494.564051
95.67914,48,2494.626574
116.21976,77,2494.652771
149.13326,89,2494.682625
46.96781,146,2494.714253
204.90215,26,2494.794733
182.5501,30,2494.917804
-351.90674,54,2495.114167
116.86764,142,2495.124454
104.5974,48,2495.138407
41.792404,235,2495.205152
109.59053,57,2495.311237
164.67052,38,2495.320302
162.4776,58,2495.395265
120.174225,210,2495.395323
173.39832,31,2495.434598
130.31354,35,2495.497259
165.67175,33,2495.732725
135.47966,43,2495.744684
147.01427,35,2495.756133
153.67664,34,2495.777044
127.48715,36,2495.847006
-50.075447,406,2495.996282
188.56787,30,2496.00474
98.99107,97,2496.226896
107.05796,53,2496.238408
128.41046,59,2496.258554
121.42757,43,2496.731694
118.87743,67,2496.788464
140.11507,73,2497.022672
50.09946,213,2497.089885
20.674429,257,2497.275513
147.92368,56,2497.286388
183.48404,30,2497.388095
74.9923,55,2497.575742
138.32724,37,2497.674528
176.14503,34,2497.751107
136.77628,52,2497.816348
139.64136,43,2498.027853
175.9219,35,2498.118609
-706.9085,367,2498.135359
9.6591625,217,2498.237149
166.19717,39,2498.247365
151.66006,39,2498.544737
123.70234,37,2498.621851
57.77356,93,2498.647797
93.20635,61,2498.673513
88.28758,208,2498.722101
129.7106,55,2498.793589
129.3866,74,2498.881049
205.83063,36,2498.902797
154.17688,44,2499.070982
178.30449,37,2499.100739
107.800606,39,2499.194874
200.47748,31,2499.205676
13.5037775,367,2499.205725
137.29713,59,2499.253344
143.93019,35,2499.262545
50.279,246,2499.314683
172.1348,32,2499.523358
170.8244,32,2499.578791
152.6094,38,2499.578843
-11.086176,296,2499.599969
188.34613,30,2499.625309
110.36214,48,2499.758472
162.68672,33,2499.914197
185.12724,32,2499.94019
152.97604,43,2499.96098
151.55203,97,2500.047063
100.79923,144,2500.12503
71.25941,57,2500.14296
74.47072,50,2500.235615
174.4036,33,2500.259662
183.98276,30,2500.436131
124.04778,51,2500.549763
149.49208,72,2500.616051
136.45236,38,2500.616096
148.9897,37,2500.627063
149.89153,54,2500.665017
183.41736,35,2500.788102
82.89136,122,2500.806306
150.52827,36,2500.916792
183.15082,31,2500.936464
187.6231,29,2500.956854
107.26726,117,2501.131121
155.38283,35,2501.17255
163.97592,39,2501.193672
111.81464,64,2501.289243
171.21388,38,2501.335709
90.339355,70,2501.347361
186.95763,37,2501.527394
64.96866,58,2501.565655
183.50826,31,2501.671923
149.23506,48,2501.855721
-286.26044,271,2501.969394
203.47063,38,2502.076943
169.85854,32,2502.176236
97.04174,105,2502.282528
112.10229,74,2502.30003
157.67165,104,2502.625292
-613.16724,958,2502.661348
179.60428,40,2502.677058
103.05821,142,2502.734819
146.08954,59,2502.829865
180.69676,29,2502.888831
121.96869,39,2503.024524
114.87879,49,2503.636676
169.53143,30,2503.678461
158.56944,43,2503.758024
94.79595,74,2503.979506
108.96073,47,2504.032057
166.40253,35,2504.074273
15.238806,268,2504.140403
194.61398,27,2504.261534
127.06846,39,2504.446857
192.57266,32,2504.500019
111.29722,82,2504.531023
-1450.8673,1600,2504.653657
41.880383,290,2504.693235
179.47571,30,2504.891316
132.72942,44,2505.162115
75.1687,88,2505.285905
145.984,53,2505.518337
180.14337,28,2505.623319
53.670357,96,2505.631492
-798.38214,599,2505.852101
33.42835,329,2505.968015
139.86856,43,2505.96807
153.4245,45,2506.1041
72.502655,77,2506.489326
106.19372,72,2506.666767
99.41776,78,2506.844168
128.29938,198,2506.913038
131.0029,49,2506.988859
169.19087,37,2507.050601
148.3367,36,2507.24364
172.24084,33,2507.382717
157.63734,32,2507.422238
-1620.0659,1600,2507.456037
108.360954,124,2507.478239
-425.11136,310,2507.562954
178.28279,28,2507.744541
126.47795,35,2507.886955
78.45353,49,2507.939063
-615.5113,391,2508.148441
-1280.5122,1600,2508.170197
-39.863274,271,2508.206038
-91.75311,510,2508.227234
-47.645992,335,2508.227283
173.70724,32,2508.239322
183.51546,29,2508.478695
197.69641,29,2508.531038
174.934,73,2508.561705
149.62651,37,2508.581153
150.68661,61,2508.617948
149.48686,39,2508.66929
52.157913,110,2508.703539
16.299034,243,2508.703584
180.74484,42,2508.714536
168.53944,35,2508.984262
185.49852,42,2509.093206
140.9981,38,2509.126904
145.58318,65,2509.278706
156.57454,38,2509.499323
165.78183,82,2509.56804
121.69248,52,2509.625089
128.27385,41,2509.704983
175.88773,31,2509.853116
82.83234,272,2509.943048
181.80739,31,2509.982632
138.4467,54,2510.195665
140.1047,35,2510.264087
93.61308,155,2510.376607
94.02044,282,2510.389583
141.74693,41,2510.429064
-4.8290997,261,2510.466954
98.39437,45,2510.512926
145.23994,82,2511.799439
154.90408,40,2511.864991
176.91388,31,2511.873291
30.47582,236,2511.98644
103.17798,61,2512.017046
209.85278,27,2512.072109
143.43687,36,2512.221491
113.482124,70,2512.326701
184.91986,28,2512.350646
130.0227,42,2512.411866
41.976738,235,2512.411918
166.14235,40,2512.64225
183.78256,33,2512.678405
153.3415,33,2512.750792
147.10902,41,2512.838206
174.56769,50,2512.881004
173.75624,35,2513.060203
114.553955,48,2513.16352
179.14201,29,2513.20835
175.27657,37,2513.244762
25.656677,334,2513.309652
196.44002,28,2513.463458
-116.49531,317,2513.546055
-228.39552,364,2513.568316
-1353.6815,916,2513.675224
146.31148,60,2513.839809
-1108.7181,1600,2513.983523
136.17462,40,2513.992945
151.59189,37,2514.064019
156.06766,58,2514.078841
83.6307,127,2514.118265
-29.13876,242,2514.143717
-457.71082,84,2514.195287
95.64912,217,2514.306389
118.31999,44,2514.522605
149.40393,61,2514.609912
116.766464,81,2514.680646
147.51285,65,2514.791978
181.3981,35,2514.969963
159.82126,66,2514.978499
165.60197,36,2515.180471
-931.4367,1600,2515.198051
91.76772,101,2515.198097
187.07538,28,2515.519047
137.79109,75,2515.527445
156.50117,38,2515.635442
124.57484,70,2515.763422
123.38809,78,2515.871634
138.33772,60,2515.886882
172.04366,35,2515.917392
197.8029,26,2515.943716
181.57124,33,2516.282943
148.42183,38,2516.358824
129.3394,37,2516.721346
98.96307,40,2516.833506
5.9841113,322,2517.07923
-661.1322,504,2517.117516
149.28679,55,2517.434579
122.63108,69,2517.476623
-508.33093,310,2517.487703
131.14899,52,2517.726721
-149.31532,542,2517.79897
150.29893,34,2517.903432
108.55353,77,2517.979369
31.620995,313,2518.066514
106.67307,209,2518.265635
161.34145,34,2518.277514
157.06593,50,2518.292387
166.83908,39,2518.425733
139.1104,59,2518.470257
-7.7302594,237,2518.83821
147.26062,33,2518.873014
123.08902,106,2518.892255
156.42888,36,2518.921716
65.22021,68,2519.044384
6.6519823,121,2519.104993
187.0336,29,2519.25794
190.41371,38,2519.304663
154.56042,56,2519.326882
139.94601,74,2519.347597
129.09714,43,2519.378497
131.27307,52,2519.411647
167.16818,31,2519.465113
133.28903,34,2519.618093
-806.956,347,2519.657751
28.544346,324,2519.666574
195.02338,35,2519.699382
134.67873,40,2519.707144
127.765526,107,2519.786218
143.73375,44,2519.803748
145.21658,43,2519.879252
154.55948,70,2520.058712
165.80864,51,2520.065506
202.16656,33,2520.074835
156.5897,42,2520.074879
140.28378,43,2520.074887
116.019135,47,2520.212129
145.2599,78,2520.347214
167.68506,32,2520.347263
190.94649,32,2520.355437
105.27231,43,2520.43947
44.63932,117,2520.642756
162.15596,42,2520.670239
148.2752,75,2520.670286
131.86017,48,2520.723543
197.64563,31,2520.940796
72.83773,187,2520.964196
91.40971,80,2521.108125
198.2834,30,2521.236861
164.36153,66,2521.252971
-1194.675,769,2521.313292
63.19021,134,2521.362108
179.05264,32,2521.520545
129.02515,48,2521.536254
190.57764,32,2521.596515
-423.2159,61,2521.948541
-553.42584,978,2521.948631
129.2694,84,2522.085611
82.68797,56,2522.107073
97.05784,149,2522.140226
176.714,61,2522.262025
66.45341,240,2522.274514
148.61348,42,2522.384126
164.04366,36,2522.451459
148.97464,39,2522.502296
136.91275,164,2522.517252
197.6637,58,2522.528196
136.03831,106,2522.608736
112.73535,39,2522.779013
148.16495,38,2522.91683
129.67093,68,2522.94901
134.83186,70,2522.960909
-62.32384,283,2523.032646
132.74046,39,2523.047291
74.11668,55,2523.149411
81.31987,66,2523.264127
164.4773,34,2523.336402
186.9227,47,2523.536655
145.04762,47,2523.548472
-662.17413,463,2523.590818
164.76682,37,2523.601488
-449.55838,49,2523.65166
122.968124,51,2523.660048
132.93044,144,2523.667532
-449.4145,76,2523.675727
158.63539,51,2523.830905
190.48302,32,2523.894676
108.16247,47,2523.997437
139.38986,38,2524.005897
170.6706,151,2524.083252
125.93461,52,2524.145519
175.53745,34,2524.145566
-462.07205,967,2524.448632
69.06967,120,2524.54455
98.85517,118,2524.72349
137.09438,91,2524.756588
125.43457,74,2524.845961
-451.4216,84,2525.008792
138.60948,100,2525.066239
107.77133,50,2525.113252
44.61617,102,2525.211764
158.35081,34,2525.267882
153.72287,48,2525.303005
169.44913,32,2525.336019
-450.39688,57,2525.344284
91.01813,59,2525.552575
119.82402,36,2525.575732
136.60686,36,2525.635138
153.09897,36,2525.679688
54.805866,211,2525.789553
-468.13507,1183,2525.789603
132.23279,58,2525.954799
117.56396,46,2526.117832
124.213455,57,2526.17166
-121.19762,274,2526.337734
160.70065,38,2526.354378
184.5189,36,2526.491096
171.10878,28,2526.64319
146.00233,38,2526.711767
-30.627333,305,2526.759123
75.05025,62,2526.787323
175.4972,33,2526.812162
52.46424,233,2526.863556
194.10005,26,2527.06379
-1088.6522,1244,2527.096603
82.1461,141,2527.191977
108.879135,68,2527.277765
150.16284,36,2527.375056
74.54885,69,2527.415429
-296.67276,769,2527.415472
198.36569,33,2527.464754
165.74464,43,2527.464795
137.10762,83,2527.501264
83.82071,189,2527.501307
-582.82556,361,2527.556931
160.43735,39,2527.738317
137.04538,103,2527.759037
114.54336,39,2527.795293
174.96706,33,2527.843518
186.05272,31,2528.009391
123.271126,50,2528.201644
71.63691,115,2528.231404
152.78441,119,2528.353952
174.79907,46,2528.383691
187.2916,27,2528.412322
130.86655,127,2528.499579
133.77531,126,2528.531044
-308.4355,819,2528.577077
-2.884681,379,2528.577122
140.29636,44,2528.69544
127.28788,37,2528.701855
168.19511,64,2528.721999
184.88982,32,2528.772905
119.1908,42,2528.822543
127.9018,43,2528.920848
64.50465,136,2528.931545
31.949429,266,2528.953674
178.76346,32,2529.010794
102.972305,52,2529.021605
120.301865,38,2529.041862
-20.63597,393,2529.106434
167.05016,86,2529.117507
36.199875,206,2529.257019
-109.7056,392,2529.317949
184.88066,31,2529.333032
131.19092,38,2529.341321
140.8871,40,2529.400207
105.35956,69,2529.43557
152.35931,68,2529.477873
127.03156,43,2529.508925
177.94876,33,2529.598856
159.02203,34,2529.714593
167.85463,35,2529.78578
187.39061,30,2529.838059
115.18188,76,2529.974412
114.22223,109,2529.997817
192.12404,29,2530.030898
-609.5849,282,2530.123915
170.02606,142,2530.190713
187.9651,29,2530.235473
141.79378,41,2530.360832
100.02368,80,2530.371032
114.484276,69,2530.416569
171.6237,37,2530.545447
99.01666,192,2530.933926
214.46103,22,2530.933995
47.568817,178,2531.129882
73.94181,238,2531.137349
112.87952,49,2531.173888
173.29068,31,2531.193558
177.01497,33,2531.263442
194.80373,32,2531.444862
149.91144,39,2531.561941
150.8578,70,2531.671886
178.16711,32,2531.688955
154.98172,89,2531.689013
110.30665,143,2531.73589
-4.938406,230,2531.745988
133.95569,123,2531.75571
120.35933,41,2532.029231
116.04833,44,2532.037526
131.3093,45,2532.061216
154.64038,52,2532.159033
183.49742,55,2532.193492
115.992775,63,2532.257654
126.40094,140,2532.310872
155.15047,50,2532.461373
77.95071,172,2532.537556
140.04753,47,2532.568946
183.81393,34,2532.595989
136.5377,56,2532.73186
189.55748,34,2532.749224
123.881744,43,2532.902926
131.003,84,2532.92146
186.64273,56,2533.049878
77.29256,122,2533.06641
146.99156,50,2533.160047
194.0789,33,2533.182494
-81.10802,343,2533.198175
61.859715,197,2533.206286
156.34924,75,2533.233137
151.86533,68,2533.333542
189.18336,32,2533.341357
162.71811,32,2533.455857
130.22408,69,2533.503068
151.99277,47,2533.556605
-239.50336,464,2533.632876
172.05835,32,2533.707481
138.95793,58,2533.70753
171.5432,63,2533.726477
163.45508,34,2533.778103
88.249,63,2533.847595
135.82927,102,2533.892575
-444.12878,84,2533.892616
126.75488,44,2533.906826
-410.1739,79,2533.975063
118.50868,35,2533.99107
163.12595,38,2534.138578
-26.567848,442,2534.146275
135.18138,56,2534.171976
159.63629,41,2534.231889
-631.23517,577,2534.304563
136.09511,85,2534.31884
136.96568,57,2534.346172
158.48767,46,2534.34622
208.54012,30,2534.386593
96.0226,74,2534.479088
130.22058,89,2534.486904
152.32411,35,2534.513611
108.377686,45,2534.513656
146.26105,36,2534.672538
188.60243,34,2534.751584
-404.83444,55,2534.751625
166.74052,32,2534.765567
123.13271,41,2534.812176
126.38193,40,2534.827908
199.2269,30,2534.904881
211.44127,26,2534.955998
149.9989,39,2535.047116
114.86458,39,2535.123613
117.2854,48,2535.168262
181.09718,32,2535.183805
115.71476,46,2535.249224
82.425735,167,2535.297122
195.50343,30,2535.353296
199.63184,27,2535.386639
197.55591,32,2535.447122
120.09863,142,2535.454926
171.30869,31,2535.500404
-201.87213,714,2535.539394
177.7535,30,2535.539437
-507.20526,445,2535.673285
183.1711,29,2535.68072
190.47118,30,2535.741058
130.75427,48,2535.941361
161.46889,56,2536.004322
118.27878,76,2536.012188
93.70632,235,2536.263605
107.50351,64,2536.312867
171.55971,32,2536.356096
138.345,135,2536.642967
126.73141,51,2536.676509
-118.31757,322,2536.839928
31.432985,318,2536.978078
-659.9724,1338,2537.149537
117.73542,103,2537.173137
164.65582,47,2537.205558
148.6027,68,2537.2056
60.380478,182,2537.234077
-500.31,277,2537.353197
183.7853,27,2537.412781
93.30828,202,2537.451791
117.871124,69,2537.506755
138.95795,38,2537.530425
144.23872,43,2537.538339
147.35522,39,2537.652823
127.8844,38,2537.704323
124.36723,37,2537.738528
159.07828,35,2537.810737
163.93788,40,2537.819262
141.78018,39,2537.836185
162.3185,93,2537.876786
161.46518,44,2538.000665
182.24673,34,2538.008481
154.32726,42,2538.043378
167.94078,34,2538.08469
-115.298195,549,2538.164646
166.11076,35,2538.313807
114.97012,41,2538.331473
167.28346,42,2538.331512
124.997696,65,2538.347578
90.18566,79,2538.439216
140.71654,37,2538.602378
113.09903,45,2538.6809
121.33873,127,2538.870577
71.52682,107,2538.912013
128.02245,68,2538.965834
97.08486,85,2539.012499
120.569695,110,2539.019017
129.62505,67,2539.126189
178.14938,30,2539.24315
104.383354,58,2539.372599
154.06932,70,2539.423176
136.02206,54,2539.450689
176.33887,37,2539.552807
173.36449,31,2539.715307
-138.16867,633,2539.883486
116.93116,39,2540.021162
110.98648,170,2540.045448
165.20895,38,2540.171738
-540.497,383,2540.198599
117.79256,39,2540.319368
199.18794,29,2540.39908
135.11287,63,2540.531
126.951454,40,2540.632009
154.16808,70,2540.749866
99.89019,49,2540.796062
-106.59325,533,2540.857824
-667.0955,577,2540.877432
-4430.28,1600,2540.884245
-390.80466,46,2540.908754
-171.19518,614,2540.977504
125.218,40,2541.078886
117.070564,56,2541.461606
-606.7723,269,2541.490983
173.79265,45,2541.574082
116.65106,42,2541.582252
170.76318,34,2541.706985
168.2661,57,2541.785711
65.84692,72,2541.811415
206.68916,35,2541.85202
100.12289,75,2541.866739
-56.47774,267,2541.929203
73.186066,279,2541.979356
148.42117,50,2541.987313
103.5175,71,2542.027051
179.20668,29,2542.113118
113.6025,40,2542.151118
109.04946,48,2542.192992
102.31277,87,2542.199783
110.508446,43,2542.212944
-421.8492,67,2542.256442
175.30121,34,2542.256507
174.72632,30,2542.272951
89.61129,68,2542.462757
127.352776,40,2542.487277
175.3698,49,2542.487323
-633.11414,480,2542.511606
191.5162,33,2542.519261
115.710304,39,2542.554455
93.98154,48,2542.57878
166.24153,59,2542.602142
178.19823,35,2542.751088
194.84178,28,2542.784562
144.45836,36,2542.784609
-111.632324,416,2542.826129
151.82521,37,2542.826171
105.8255,51,2542.928594
-400.15054,45,2542.944039
98.36351,87,2542.944086
177.6706,34,2543.09016
136.06203,44,2543.099589
122.40716,65,2543.123658
174.56822,40,2543.27153
147.95631,66,2543.367615
197.97997,36,2543.409144
-148.20706,436,2543.417052
87.67147,179,2543.437249
63.108532,65,2543.468105
126.174034,88,2543.509602
130.9915,88,2543.509645
143.46088,70,2543.524108
129.50739,60,2543.631703
182.43086,37,2543.672886
171.11996,36,2543.702795
-425.3903,57,2543.744803
184.01306,40,2543.744865
163.00691,37,2543.808309
88.31193,208,2543.875423
102.18433,49,2544.020807
64.77177,70,2544.028766
161.50568,65,2544.045674
161.73123,39,2544.053727
153.6974,38,2544.164377
121.426956,73,2544.312155
155.11256,42,2544.357421
179.0863,37,2544.460101
140.61322,109,2544.561373
-449.98874,68,2544.583969
193.10793,33,2544.621087
-387.79742,80,2544.674668
-659.26904,271,2544.674715
127.52114,58,2544.781084
55.68395,174,2544.829042
166.62198,34,2544.845321
173.60922,36,2544.890631
-10.798292,223,2544.903801
200.79721,34,2544.961633
196.68019,35,2544.969684
92.941864,155,2545.049964
153.60796,39,2545.214318
127.16804,76,2545.258644
140.57907,38,2545.291489
152.41466,67,2545.377479
125.321465,49,2545.45347
163.42781,32,2545.469423
155.17587,91,2545.525627
131.14551,43,2545.711425
181.25027,37,2545.735371
-410.22464,122,2545.880821
80.80119,143,2546.096083
80.78153,320,2546.221592
104.43084,62,2546.221635
95.91011,128,2546.255685
117.237335,70,2546.26371
88.49581,116,2546.3794
169.98776,41,2547.35701
-67.22602,387,2547.376024
64.04556,181,2547.486081
98.334236,60,2547.521257
159.90825,66,2547.687679
45.416256,265,2547.743879
131.76472,41,2547.846934
-137.23138,394,2547.941857
191.06242,37,2547.973629
93.20937,131,2548.051244
149.96072,34,2548.210901
89.68094,131,2548.403018
149.313,37,2548.487834
120.31709,72,2548.529892
-384.7337,103,2548.629179
45.321,175,2548.835696
81.231094,48,2548.843935
116.71705,53,2548.929165
164.51984,70,2548.936159
163.37013,39,2548.936203
149.76567,37,2549.141901
140.69614,35,2549.228116
-65.41298,308,2549.297992
-880.451,1600,2549.339255
22.872541,206,2549.348055
120.56201,71,2549.533097
182.4135,49,2549.556531
191.91576,28,2549.589048
153.81468,34,2549.626104
141.1298,47,2549.692974
197.7084,38,2549.83699
169.12132,35,2549.871169
-1595.5491,1600,2549.928138
64.272415,52,2550.10615
178.02089,34,2550.134652
-599.9164,292,2550.376584
193.48535,34,2550.396273
128.15778,144,2550.413542
138.95874,71,2550.42232
147.2986,40,2550.484846
208.96213,28,2550.715769
162.26685,36,2550.726191
145.0413,38,2550.734865
160.55428,68,2550.9584
140.52112,38,2551.043462
156.7518,40,2551.071259
-654.40607,549,2551.078792
-638.46155,507,2551.094143
-68.96219,271,2551.1024
93.7239,210,2551.30135
118.51994,71,2551.335764
134.8158,112,2551.344388
168.96849,56,2551.426624
174.15094,42,2551.426666
152.18413,49,2551.510939
198.0901,31,2551.586483
-429.9662,1202,2551.615358
167.23708,34,2551.6154
162.66806,66,2551.634749
102.32294,49,2551.699366
-401.16318,39,2551.743227
134.58528,43,2551.857349
79.49939,103,2551.907093
202.75304,29,2551.934553
144.385,43,2551.934599
46.235867,67,2551.96849
-95.83271,369,2551.988099
106.604576,50,2552.030638
147.18968,60,2552.12544
193.56015,29,2552.180125
174.96707,31,2552.197361
144.96452,45,2552.229337
170.79257,35,2552.261053
88.3518,155,2553.101311
192.46864,29,2553.148341
197.73029,30,2553.205336
117.932274,85,2553.220746
184.6415,39,2553.323331
196.93285,36,2553.330313
137.61165,64,2553.330357
117.46301,69,2553.330365
-412.29355,64,2553.490759
204.59976,26,2553.532002
154.83453,42,2553.539808
-345.74567,801,2553.547674
105.63138,47,2553.596516
150.1665,38,2553.633719
115.78941,58,2553.778383
183.67276,27,2553.793304
96.68751,90,2553.802342
142.09294,41,2553.957877
150.60213,60,2553.964458
118.835266,80,2553.964498
136.18886,61,2554.032058
97.9195,189,2554.218573
179.90202,31,2554.281147
106.01175,102,2554.343818
79.22142,48,2554.352803
82.18173,106,2554.386488
64.237114,72,2554.527371
162.41013,36,2554.614772
154.79883,54,2554.69342
-628.7496,535,2554.751867
172.16435,31,2554.760116
141.10033,107,2554.803392
184.14384,37,2554.911102
177.82465,28,2554.919062
123.03268,74,2554.955715
46.603325,150,2554.969407
166.77568,36,2555.224982
130.15247,60,2555.225028
97.48888,116,2555.24259
114.636986,133,2555.242635
167.79637,66,2555.268739
158.40944,41,2555.284008
179.21982,40,2555.541117
126.44434,81,2555.541157
162.62843,47,2555.597102
133.0806,42,2555.597151
121.947876,44,2555.627193
135.82614,50,2555.634798
20.629768,249,2555.752064
165.84048,33,2555.854952
162.95905,42,2555.869913
140.30797,39,2555.901975
176.29124,38,2555.92697
121.0873,40,2555.952114
56.16672,142,2556.015874
31.13384,378,2556.115418
184.82243,37,2556.150575
-547.68835,306,2556.218335
136.35715,88,2556.239536
145.87706,49,2556.29984
131.56061,37,2556.317164
163.44456,52,2556.349488
154.32349,40,2556.477235
-183.23482,719,2556.501901
156.77728,35,2556.531663
145.37154,34,2556.628759
118.03614,46,2556.691302
120.12263,100,2556.753227
157.72487,36,2556.762229
142.93831,58,2556.762266
191.59483,26,2556.827186
130.0881,52,2556.908766
117.371445,148,2556.933662
200.96889,30,2556.993277
195.98921,42,2557.018295
160.53448,35,2557.042785
54.23565,121,2557.094029
113.1879,113,2557.125219
139.4045,76,2557.133571
115.724815,50,2557.236873
190.8341,43,2557.273927
178.26285,34,2557.282095
45.137665,267,2557.381644
181.13843,45,2557.495786
-799.0575,640,2557.505435
-211.78949,343,2557.537904
146.33624,52,2557.644499
136.62778,44,2557.723224
125.12501,58,2557.73245
189.10974,35,2557.763856
41.728348,99,2557.811343
137.15417,49,2557.885878
115.95985,98,2557.92153
138.40956,39,2558.036089
114.5974,70,2559.480391
92.80428,168,2559.506612
119.49244,40,2559.608793
119.550285,122,2559.641807
149.96712,69,2559.692944
142.54933,67,2559.710753
107.626526,51,2559.737378
130.31738,64,2559.73744
83.38167,160,2559.737458
146.4247,89,2559.771465
-407.08752,55,2559.897265
193.54315,29,2559.982073
103.96962,77,2560.143136
160.17348,35,2560.172604
139.006,58,2560.181947
-842.6409,1600,2560.259767
146.34451,70,2560.329016
68.13005,78,2560.360325
122.91933,62,2560.465921
166.16354,42,2560.473556
164.83853,42,2560.514351
52.743114,271,2560.521644
43.587494,105,2560.576448
149.56541,74,2560.753128
115.939026,43,2560.802613
92.86231,145,2560.837047
152.26096,64,2560.852277
104.69151,50,2560.956837
128.64911,57,2560.956882
144.3256,63,2560.995229
36.6704,182,2561.087634
114.313156,35,2561.119752
145.9228,35,2561.136449
187.31883,29,2561.190698
171.1913,37,2561.256263
196.70682,36,2561.291921
46.240055,70,2561.309697
5.6676493,231,2561.337338
123.588234,66,2561.33738
-6.8217363,216,2561.337388
153.41217,40,2561.422107
127.38353,57,2561.602954
144.81088,50,2561.621684
149.8351,43,2561.631634
104.67856,163,2561.649912
149.35555,51,2561.73798
161.08466,47,2561.747647
165.04912,51,2561.756442
172.59155,31,2561.889585
-8.752749,210,2561.969763
187.99953,29,2561.993423
176.91568,32,2562.002761
72.084885,84,2562.054026
100.799866,48,2562.054068
80.073555,74,2562.054075
139.08554,57,2562.107419
126.57023,52,2562.174517
190.99892,25,2562.254705
80.66822,80,2562.271002
156.53375,39,2562.286244
32.87584,223,2562.28629
189.42612,49,2562.396004
136.46385,36,2562.396047
177.12317,29,2562.404351
-1003.3328,1600,2562.411994
94.1946,54,2562.484962
159.31703,85,2562.570279
115.06455,66,2562.578272
62.469425,81,2562.644451
165.44492,52,2562.668419
119.63004,57,2562.728739
133.08846,56,2562.739584
172.92197,33,2562.755071
110.81465,53,2562.81761
200.50816,30,2562.817657
146.06262,36,2562.954398
153.29944,36,2563.009309
99.94552,79,2563.032558
189.91025,28,2563.042323
41.8696,82,2563.051036
171.04897,34,2563.091609
-395.68848,48,2563.115222
152.62079,60,2563.22103
201.65079,29,2563.269873
109.978325,50,2563.428632
160.57045,55,2563.428679
174.01915,66,2563.46141
113.76805,55,2563.501401
197.7869,27,2563.661799
106.992676,157,2563.792059
152.83655,83,2563.898343
162.97066,58,2563.955853
177.7899,31,2564.032794
110.95405,56,2564.098742
166.36467,48,2564.385389
-432.04395,81,2564.729074
108.572044,64,2564.796432
176.9278,30,2564.96468
103.758705,50,2564.998801
-6.8145137,233,2565.039248
39.237164,198,2565.177553
158.00952,53,2565.221009
-34.908646,226,2565.392891
156.61052,62,2565.486094
-43.790047,370,2565.501928
114.6415,46,2565.535397
-1049.3632,861,2565.562391
-93.63839,323,2565.835443
172.63399,41,2565.866772
164.7285,39,2565.874546
114.75064,49,2565.911473
180.23566,56,2565.95137
-705.67316,1064,2565.983021
-45.592045,561,2566.013641
89.51675,125,2566.047412
-86.464355,241,2566.072126
199.03716,32,2566.105112
-42.152916,350,2566.16839
152.29007,44,2566.230383
-109.86149,158,2566.230428
-434.90045,61,2566.356731
154.08961,35,2566.373244
136.39824,61,2566.388898
136.09892,56,2566.42264
155.53424,52,2566.454508
154.18803,37,2566.461126
124.00055,50,2566.461165
150.4933,37,2566.530399
123.52363,71,2566.578838
101.36322,148,2566.586762
121.45514,49,2566.627862
176.75423,32,2566.63935
213.85934,24,2566.666481
202.30981,39,2566.683006
173.1717,36,2566.692725
123.88278,39,2566.755286
188.82954,37,2566.77124
161.53932,36,2566.771285
192.11447,34,2566.908652
188.65134,30,2566.923721
16.4624,211,2566.923767
184.00433,40,2566.961512
108.81832,59,2567.008504
171.87877,36,2567.04894
177.31668,39,2567.070413
104.02773,50,2567.14212
124.01312,60,2567.142168
201.40955,31,2567.1677
145.5686,73,2567.176884
132.03459,40,2567.225362
103.641975,68,2567.23491
130.72412,44,2567.318014
132.44266,39,2567.395839
122.7066,43,2567.404672
121.31942,64,2567.447259
152.20691,36,2567.472391
121.46587,56,2567.472436
164.33566,36,2567.535765
89.33562,50,2567.55992
-777.34216,779,2567.585157
190.87079,55,2567.64003
69.47739,135,2567.688498
158.50827,37,2567.785993
113.17672,55,2567.859614
141.9566,53,2567.887987
114.001114,45,2567.934907
-26.016983,95,2567.934952
87.96888,53,2568.075032
142.70944,41,2568.111054
108.60276,97,2568.117633
161.06223,36,2568.142103
-378.43994,666,2568.151462
-100.722946,121,2568.224123
128.8603,38,2568.239244
192.86177,32,2568.339823
153.80878,80,2568.347346
181.52235,28,2568.456193
-400.79474,39,2568.464715
122.66839,48,2568.507496
113.22009,90,2568.627699
33.610718,136,2568.662132
145.6397,38,2568.662173
139.5344,72,2568.721971
139.55988,52,2568.945062
146.76782,43,2568.987025
-114.83043,387,2569.11521
0.60851,200,2569.124094
54.38108,204,2569.271818
113.74539,42,2569.286629
151.7091,76,2569.28667
112.77002,103,2569.324124
80.12027,89,2569.46991
61.122562,158,2569.476786
106.78185,44,2569.501329
104.728355,46,2569.676286
76.14635,50,2569.691512
120.979675,50,2569.706529
143.30623,75,2569.972367
137.92163,55,2570.017644
171.47151,43,2570.081209
160.79738,50,2570.104326
202.64847,26,2570.219753
159.64157,52,2570.315322
164.60046,38,2570.369104
155.03667,60,2570.409866
123.75604,51,2570.497891
193.27661,30,2570.65869
110.884865,44,2570.726488
176.70467,34,2570.916967
80.18869,76,2570.917009
-73.622856,278,2570.948797
136.4127,36,2571.004107
107.992386,184,2571.161345
127.47981,89,2571.199634
132.52043,38,2571.249401
-471.85568,1070,2571.295932
150.83461,59,2571.380245
164.44057,52,2571.414003
-56.410473,369,2571.464189
192.0761,31,2571.495331
87.311935,50,2571.558291
9.937226,213,2571.603524
-35.516415,380,2571.633247
69.637,188,2571.692477
44.985237,227,2571.752496
162.23967,35,2571.760464
146.3258,54,2571.833465
53.325428,81,2571.833519
176.41222,33,2571.857637
104.86931,43,2571.887661
65.08282,93,2572.022889
190.91231,38,2572.056021
177.05522,36,2572.113605
142.79268,37,2572.144814
174.6958,34,2572.154004
101.24261,77,2572.235066
130.37854,62,2572.325621
40.312756,91,2572.413167
120.2144,40,2572.4724
152.07614,47,2572.497922
133.89572,70,2572.619393
-495.19797,60,2572.633076
20.15826,155,2572.686388
134.09833,43,2572.767437
140.33842,56,2572.786869
-73.40743,454,2572.850734
140.0264,49,2572.901945
135.09665,39,2572.947344
101.94767,62,2572.979193
107.736626,44,2573.054546
111.05985,49,2573.181663
195.08725,46,2573.28531
176.71619,33,2573.333034
57.067734,208,2573.438518
-475.99307,59,2573.463237
159.39604,40,2573.493998
202.0041,28,2573.655234
92.22904,54,2573.751139
174.34229,35,2573.765517
-369.47757,77,2573.886549
72.89656,150,2574.056325
216.33788,26,2574.094309
62.42479,61,2574.145141
131.66052,65,2574.274436
-315.4062,759,2574.281115
182.9896,42,2574.431786
-18.898685,123,2574.441357
151.33344,40,2574.465914
-127.717575,309,2574.513663
172.18019,34,2574.552832
74.89517,62,2574.55289
157.78242,34,2574.695481
204.98866,30,2574.695525
141.48271,42,2574.766201
179.78383,33,2574.809913
179.26256,45,2574.871919
198.71413,29,2574.932912
118.74031,148,2575.75973
173.38493,34,2575.854659
158.24725,38,2576.037111
124.70417,68,2576.044881
1.6612456,313,2576.246446
174.8643,33,2576.295582
131.63463,71,2576.312261
135.20126,102,2576.423338
167.16074,52,2576.453562
-59.277275,434,2576.523065
155.54568,36,2576.611471
151.18607,58,2576.724714
140.16077,38,2576.740498
191.93393,30,2576.774315
106.28767,59,2576.782449
79.32198,54,2576.901324
26.108912,168,2577.025414
181.85301,33,2577.04451
148.55898,53,2577.044554
-37.271767,431,2577.055357
-11.729002,256,2577.139864
188.00362,30,2577.157822
112.0612,51,2577.164516
140.4343,49,2577.185995
64.900314,232,2577.226408
154.06924,38,2577.34313
184.54153,36,2577.343175
121.54125,45,2577.417521
151.63669,35,2577.417567
164.95375,51,2577.461248
194.50696,36,2577.476798
193.54984,28,2577.556579
-536.56934,981,2577.572367
166.6648,32,2577.589948
114.14064,55,2577.659996
134.47192,69,2577.698516
-189.4033,690,2577.716631
130.80135,49,2577.795112
121.57958,51,2577.852919
136.91922,56,2577.852964
176.12779,34,2577.852972
190.03691,40,2577.888587
176.24648,32,2577.910247
180.04161,32,2577.952124
173.82225,33,2577.973779
171.59914,31,2578.048557
169.24066,35,2578.141885
113.473175,43,2578.245904
146.46634,36,2578.254311
106.12426,137,2578.263556
121.36936,43,2578.271757
145.89523,36,2578.280122
157.37488,53,2578.297575
167.3162,35,2578.3471
108.93971,120,2578.436335
135.16643,41,2578.473392
123.441444,38,2578.560524
145.93373,40,2578.569965
164.41872,34,2578.60833
112.21444,48,2578.623771
192.38184,41,2578.752502
112.022255,155,2578.797803
79.13512,119,2578.814122
178.08954,32,2578.875181
98.869736,57,2578.924431
186.57547,30,2579.000072
175.09908,31,2579.043553
116.75684,63,2579.058128
133.35536,70,2579.126752
184.5875,28,2579.155488
119.64091,44,2579.230653
178.73917,34,2579.330915
206.95087,37,2579.33896
134.4517,39,2579.437497
141.0473,79,2579.445936
-168.55002,340,2579.454282
146.77231,41,2579.481775
183.19048,30,2579.581813
116.76323,45,2579.597297
117.96188,123,2579.597344
142.53844,37,2579.645079
188.93205,29,2579.722086
74.62788,93,2579.753369
159.58282,40,2579.779633
192.00754,30,2579.829935
140.19379,45,2579.929324
174.8228,39,2579.94487
159.22609,32,2579.960424
121.77136,66,2579.968698
-22.166616,214,2579.978137
188.9382,30,2579.97818
203.21503,28,2580.049954
-390.1359,45,2580.129703
144.88406,37,2580.269119
175.80817,38,2580.346329
153.85599,40,2580.433285
117.24628,109,2580.441295
164.69073,67,2580.466967
-386.16034,612,2581.416826
-418.22397,51,2581.530967
160.00005,69,2581.573126
128.93765,89,2581.645982
167.6113,35,2581.700749
74.95902,91,2581.857498
159.5901,34,2581.920419
116.51588,160,2581.929713
127.43544,45,2581.938465
-1448.19,1600,2581.98248
87.5237,174,2582.047693
131.26164,63,2582.221173
175.21301,38,2582.244015
116.5757,47,2582.24406
175.75594,32,2582.303305
80.269745,56,2582.376192
32.653057,237,2582.532118
143.38824,38,2582.540842
150.66235,38,2582.540885
161.21512,72,2582.556985
175.24437,35,2582.81755
-437.5162,70,2582.851548
36.4498,70,2582.915429
186.4519,28,2583.062093
-438.44257,67,2583.072209
179.98117,34,2583.345197
113.78362,46,2583.430607
-605.2447,433,2583.549498
179.60725,34,2583.609111
117.197845,155,2583.740503
164.44127,36,2583.820703
45.167522,293,2583.837638
-445.58856,632,2583.944968
154.43689,37,2584.024864
115.93306,79,2584.040373
188.3969,32,2584.074883
137.08629,63,2584.099583
169.52216,43,2584.291476
152.07217,35,2584.307451
145.00873,44,2584.45646
115.220276,43,2584.647585
71.37581,239,2584.806826
-47.607662,292,2584.83937
123.84433,83,2584.965847
164.20723,39,2585.162389
-1865.4781,1600,2585.169299
95.13002,98,2585.251862
-512.3924,308,2585.261061
-106.632095,387,2585.286716
109.11673,59,2585.294566
130.1028,50,2585.375616
-238.27972,432,2585.375662
67.863754,197,2585.434
140.39299,97,2585.449022
200.65901,25,2585.49098
143.96896,41,2585.634022
-354.80124,49,2585.659471
145.55733,44,2585.796037
50.51324,82,2585.831496
178.7599,58,2585.847096
75.28604,83,2585.847142
103.34347,65,2585.904156
129.15811,41,2585.952433
137.877,68,2586.031221
199.64502,32,2586.039179
162.39893,49,2586.039222
154.74489,40,2586.149785
-415.48938,115,2586.190887
162.28531,46,2586.27151
124.62788,45,2586.318187
104.83688,62,2586.339766
80.879845,62,2586.339812
51.55785,127,2586.697656
194.70004,64,2586.937867
167.54263,46,2586.944698
-1103.4484,1600,2587.167828
107.25077,59,2587.184974
190.34279,32,2587.211312
145.25009,126,2587.297301
160.1694,36,2587.467196
144.58662,41,2587.547634
-505.41174,405,2587.599497
170.53532,37,2587.84927
39.1126,91,2587.926799
117.06547,176,2587.934835
-31.23619,173,2587.978361
35.21449,65,2587.986767
39.7928,199,2587.996238
158.9633,54,2588.028146
169.49167,32,2588.189519
178.38403,30,2588.23061
114.18477,59,2588.310029
101.56186,56,2588.429221
138.24857,74,2588.509887
143.80042,63,2588.529068
-9.391207,197,2588.529113
128.87357,51,2588.59768
148.82327,40,2588.633395
141.05606,59,2588.705138
170.00325,30,2588.753525
183.97444,31,2588.779455
143.09525,44,2588.886859
93.831375,324,2588.886905
200.84048,28,2588.944071
99.628365,47,2588.987595
176.55838,34,2589.044624
207.74889,27,2589.111758
116.70844,60,2589.129631
132.61295,43,2589.138781
70.27935,98,2589.249561
142.96507,37,2589.258819
158.7999,52,2589.431918
149.39853,38,2589.464108
114.2915,46,2589.516137
25.625582,275,2589.563675
178.60849,53,2589.608076
158.55524,34,2589.804809
130.01666,43,2589.830389
138.83751,61,2589.952814
156.49426,52,2590.001627
-533.6417,429,2590.091253
92.31221,140,2590.091301
76.86262,98,2590.101317
206.07024,35,2590.112553
-466.02463,1092,2590.237982
82.38928,51,2590.281728
177.53616,33,2590.398698
117.644165,42,2590.467552
97.425125,100,2590.477027
133.95337,45,2590.505029
-514.0178,70,2590.570681
155.90694,68,2590.694344
138.42526,37,2590.723638
73.972885,61,2590.759915
152.66296,35,2590.759957
168.00543,34,2590.78432
172.36989,32,2590.830752
123.59027,38,2590.982088
157.67589,37,2591.009902
176.14151,33,2591.01888
152.30844,36,2591.042557
170.3921,36,2591.07066
-69.91182,583,2591.102349
179.74384,46,2591.203506
208.95384,31,2591.323949
135.02882,53,2591.445754
146.84706,44,2591.461579
133.00764,55,2591.470928
179.79388,36,2591.496163
116.51912,55,2591.496209
180.82593,32,2591.697825
73.93184,206,2591.69787
203.57796,33,2591.747341
110.07868,51,2592.24191
114.49469,112,2592.25679
197.14795,27,2592.393536
179.45969,36,2592.449588
122.31469,86,2592.465163
118.10595,68,2592.506577
-1753.9658,1600,2592.671666
202.95872,32,2592.683931
192.27867,32,2592.822112
89.76477,55,2592.885996
150.70392,122,2593.017976
166.5898,35,2593.027336
78.90086,250,2593.093997
104.02168,65,2593.155826
137.77637,39,2593.185457
182.10039,36,2593.210289
192.55814,28,2593.252839
126.904976,117,2593.261101
128.7349,87,2593.279209
165.89961,37,2593.343376
55.888638,305,2593.387925
137.66985,59,2593.643325
113.1816,43,2593.674365
154.21686,49,2593.684244
111.85697,109,2593.705379
186.56737,48,2593.734998
118.0935,67,2593.819007
107.84471,49,2593.869576
193.05069,28,2594.03349
-551.9167,507,2594.042707
160.8991,35,2594.229331
188.88136,28,2594.298338
138.49123,57,2594.42665
80.56618,87,2594.541235
9.23708,216,2594.611243
97.26363,94,2594.645634
135.24883,40,2594.65329
-1265.9283,1600,2594.669388
109.97909,101,2594.682794
146.74896,35,2594.831005
188.51059,26,2594.831057
165.38425,50,2594.84071
148.5809,35,2594.98878
168.84491,44,2595.080456
187.08594,31,2595.14016
189.9904,32,2595.153579
113.663826,56,2595.177902
183.23735,38,2595.236931
183.54137,31,2595.482656
173.158,31,2595.51255
38.042263,135,2595.533788
132.2641,39,2595.574251
174.10825,46,2595.717136
200.71977,27,2595.772293
198.29897,38,2595.837247
152.23363,34,2595.845149
142.47467,49,2596.015555
-719.64166,700,2596.103437
73.21684,255,2596.243908
190.12936,29,2596.306676
-30.06451,129,2596.359572
155.41759,35,2596.441155
124.46387,74,2596.478252
108.456184,35,2596.580455
173.71408,33,2596.670802
191.81761,30,2596.825162
170.6139,55,2596.90162
159.05821,61,2596.96931
33.829647,249,2596.977407
152.22162,41,2596.984107
141.44656,54,2597.414855
29.388908,199,2597.545631
123.99315,90,2597.608767
114.50042,102,2597.616803
-240.16016,474,2597.667343
146.04752,35,2597.693574
174.87479,40,2597.867275
178.37181,35,2597.899465
130.76503,119,2597.923983
137.02724,40,2597.932747
131.12514,38,2597.996245
198.09511,32,2598.757527
168.61543,32,2598.783353
203.13286,35,2598.8788
-839.7004,1124,2598.929182
171.9203,36,2599.044036
-2205.9753,1600,2599.081516
81.623634,84,2599.144474
166.5713,34,2599.311424
192.24081,27,2599.348684
132.60841,55,2599.358215
142.88759,85,2599.462084
156.5931,35,2599.590554
163.371,35,2599.626833
184.70442,29,2599.687333
-233.36203,658,2599.824656
116.75526,147,2600.030217
89.47141,149,2600.245334
134.0975,56,2600.254609
129.10585,74,2600.264997
76.03121,113,2600.482459
-384.9246,690,2600.529123
149.19092,36,2600.540684
163.5265,36,2600.548578
111.19766,54,2600.698094
201.4021,42,2600.864631
124.465515,44,2600.896687
132.44716,55,2601.129827
169.01282,34,2601.129874
157.9102,38,2601.417523
144.33505,47,2601.485844
-568.6489,425,2601.618454
153.75775,36,2601.690717
101.35357,51,2601.874518
-49.016365,326,2601.907628
189.2125,42,2602.018637
86.107315,58,2602.058773
182.46109,32,2602.150926
132.14323,54,2602.298442
158.13019,41,2602.616097
109.7878,71,2602.706506
96.345535,88,2602.744573
177.44739,31,2602.853571
74.3962,261,2602.911001
193.87897,32,2603.1615
-11.799477,386,2603.471795
134.5146,101,2603.489337
-2329.438,811,2604.916528
144.98822,101,2604.931751
110.5349,65,2604.971174
113.69178,74,2605.060845
-50.13083,458,2605.084157
167.31226,44,2605.27675
115.6661,73,2605.543334
165.66261,37,2605.572084
-27.960554,339,2605.657122
-1310.6964,798,2605.774009
180.78076,31,2605.797893
189.67014,40,2605.893897
-100.62526,689,2605.998942
155.19843,42,2606.127902
182.53508,31,2606.247502
39.39319,158,2606.307825
149.52876,83,2606.428167
205.98851,40,2606.443925
-867.71545,705,2606.534784
-525.4451,1236,2606.604731
2.796752,369,2606.627222
173.68292,36,2606.706595
150.35213,38,2606.735656
197.74643,30,2606.776586
66.19688,218,2606.811103
115.68431,116,2606.811163
165.39369,73,2606.890743
191.09703,28,2606.971063
96.24872,49,2607.114296
135.64786,56,2607.262387
185.5569,34,2607.379756
151.90881,83,2607.633576
20.094374,174,2607.633623
172.05814,35,2607.660256
-436.59805,122,2607.754777
187.92482,27,2607.848734
198.28383,28,2607.85695
130.14694,164,2607.922171
51.14403,83,2607.922218
148.38441,43,2608.002197
165.18246,32,2608.010534
-1427.4996,1600,2608.036741
185.88237,34,2608.123578
125.37939,40,2608.184832
170.26892,34,2608.317263
169.50043,44,2608.371932
102.20513,63,2608.435809
182.80524,28,2608.539208
-27.617397,363,2608.555584
117.788185,43,2608.763603
150.78441,35,2608.825784
127.01897,41,2608.862028
37.38809,301,2609.04681
140.2318,89,2609.086178
106.01333,135,2609.09865
191.18532,29,2609.108032
165.70895,46,2609.217032
39.859768,301,2609.238497
40.661495,190,2609.436168
129.38658,49,2610.175248
124.889175,49,2610.307266
105.72269,69,2610.375814
-417.32803,78,2610.457649
97.34008,62,2610.532277
142.50795,48,2610.673007
186.29718,28,2610.696151
187.8228,32,2610.828041
174.44003,41,2610.986408
-1072.1439,1600,2611.029831
48.22284,125,2611.040296
181.39836,30,2611.05219
55.71587,169,2611.09615
-1123.2817,1600,2611.176358
116.20332,89,2611.176405
156.5083,35,2611.184815
93.68788,54,2611.246976
171.79318,30,2611.308422
146.19627,41,2611.533785
108.769455,52,2611.549055
141.73576,45,2611.581584
-1266.9476,1600,2611.609217
161.79721,39,2611.654405
118.184135,69,2611.675266
167.97646,48,2611.675317
139.07686,77,2611.781306
137.37941,34,2611.951901
95.8548,96,2611.951952
187.53351,33,2611.973971
163.43825,43,2612.014823
165.9595,36,2612.022911
167.20042,30,2612.031059
138.93268,36,2612.07806
140.78188,38,2612.151841
178.524,40,2612.283543
120.5409,39,2612.294289
132.87057,35,2612.328839
141.85716,40,2612.358481
134.96945,65,2612.588855
-426.8697,146,2612.63557
145.83957,69,2612.755899
87.17746,50,2612.800695
90.16538,74,2612.85967
-2266.1145,862,2613.071376
134.2652,56,2613.088633
144.64238,43,2613.161063
-147.3491,287,2613.169366
-697.5406,626,2613.185764
-424.67184,89,2613.185823
201.3448,26,2613.308596
194.55318,28,2613.385679
123.061676,38,2613.454057
117.3625,167,2613.488299
-1152.2742,1053,2613.496472
157.04326,34,2613.660148
-367.45535,62,2613.675082
99.17483,68,2613.727881
139.83118,88,2613.789762
186.48978,28,2613.890501
97.70346,183,2613.931772
165.19344,63,2614.037132
-380.7419,47,2614.167952
142.78392,34,2614.167995
112.43095,100,2614.222326
72.700005,82,2614.28444
-107.49123,193,2614.292711
144.92126,33,2614.44049
170.33022,32,2614.583553
-37.02779,315,2614.6254
174.19093,60,2614.645936
164.2607,49,2614.699174
193.75304,29,2614.774477
140.03046,59,2614.860108
130.50395,76,2614.897673
152.55864,35,2614.975572
140.00539,36,2615.038806
174.84938,30,2615.050849
-222.8347,694,2615.34026
-388.38776,49,2615.353224
64.010956,144,2615.385815
117.50974,36,2615.457954
118.51317,43,2615.512155
157.85805,32,2615.676966
137.56735,76,2615.743258
112.34281,90,2615.788852
174.02824,41,2615.863978
190.34917,27,2615.967189
120.611496,40,2616.426231
126.34044,100,2616.49784
62.091637,281,2616.69257
91.19129,193,2616.692627
57.15743,91,2616.739638
-285.7188,447,2616.739707
-24.467012,405,2616.753746
199.93298,34,2616.813488
155.7727,46,2617.00239
130.52583,106,2617.029517
193.48541,30,2617.038099
120.22153,48,2617.160539
166.4599,57,2617.2614
97.3646,48,2617.261459
-23.446857,369,2617.303288
107.56494,57,2617.303365
167.80179,35,2617.364257
197.25432,32,2617.379729
139.67848,38,2617.43368
144.30893,67,2617.442348
186.83257,28,2617.573799
-15.681867,283,2617.591854
165.05818,38,2617.661073
175.85738,32,2617.680099
150.679,40,2617.738518
191.29309,52,2617.818761
128.32822,67,2617.847938
-37.738605,509,2617.912172
170.06332,44,2617.973518
210.11438,35,2617.98301
115.30079,70,2618.06996
106.621376,46,2618.085402
174.94939,38,2618.13849
103.81802,59,2618.331413
121.767494,59,2618.39361
-369.67026,84,2618.446801
-863.71515,449,2618.472465
189.91402,61,2618.472506
142.8358,52,2618.505528
118.22798,53,2618.569144
181.42834,36,2618.621845
47.16137,155,2618.660571
-82.818504,332,2618.703936
198.91751,36,2618.758515
-373.8628,47,2618.766736
177.01855,33,2618.766794
112.5744,40,2618.790487
156.9595,54,2618.880443
170.47783,38,2618.922046
159.61113,35,2618.976151
65.63951,115,2618.984225
149.22444,39,2619.062903
88.93033,63,2619.062945
-406.02295,43,2619.104447
106.728775,47,2619.136147
150.73174,35,2619.151635
191.3686,52,2619.200089
154.06987,39,2619.29055
140.17328,44,2619.326372
163.4318,38,2619.362841
128.39201,39,2619.371125
160.1291,43,2619.442939
197.61955,28,2619.515475
123.01666,76,2619.521925
83.93801,51,2619.550343
182.27342,32,2619.576177
105.71631,118,2619.593538
162.99945,32,2619.768688
173.22049,60,2619.912595
150.54407,42,2620.009554
111.15983,62,2620.101859
121.3474,70,2620.270712
125.17508,43,2620.350006
164.29549,36,2620.381793
147.1231,87,2620.41998
65.84361,133,2620.430272
185.6216,28,2620.549206
176.75504,35,2620.695955
124.18407,93,2620.74211
142.56447,38,2620.78727
34.50937,184,2620.842721
178.61546,74,2620.852741
185.78017,34,2620.87731
-643.7908,517,2620.885005
103.22396,174,2620.995512
139.84628,43,2621.058946
201.79558,32,2621.096556
146.18413,50,2621.152232
163.34375,52,2621.21099
82.948105,193,2621.228125
-121.92818,632,2621.277021
140.12424,52,2621.292191
149.52988,37,2621.353958
179.87999,33,2621.362226
147.64145,69,2621.434823
133.24918,65,2621.52581
162.69827,58,2621.616333
165.71405,52,2621.624285
97.71779,111,2621.7377
119.25672,76,2621.836047
186.41249,36,2621.908231
86.687065,72,2623.141631
165.95467,63,2623.176676
128.08556,101,2623.229374
83.01343,57,2623.264369
170.72223,36,2623.264416
118.71526,117,2623.287079
100.162476,226,2623.345529
-165.4357,232,2623.440984
167.46892,35,2623.534745
169.06627,34,2623.563434
98.40875,54,2623.642879
172.11673,66,2623.696458
170.73917,33,2623.696505
193.20299,27,2623.786365
163.51218,37,2623.861474
155.55246,73,2623.906129
165.96669,34,2623.982919
194.35677,33,2624.028437
197.17233,31,2624.107555
195.46606,36,2624.223124
182.03835,32,2624.223175
188.78981,30,2624.345451
90.53106,231,2624.511439
137.35426,46,2624.546205
-32.209385,258,2624.604363
82.55392,146,2624.616788
193.12393,30,2624.61683
-1345.5071,1600,2624.677515
149.70093,98,2624.906063
151.32228,35,2624.928838
122.91812,84,2624.998327
121.53649,47,2625.033205
183.148,48,2625.084391
68.14102,64,2625.124317
202.96753,25,2625.253496
194.56631,36,2625.253554
191.90356,28,2625.384205
139.02806,72,2625.63066
-413.5849,69,2625.713073
-362.4086,81,2625.962753
26.617819,278,2625.986086
130.3715,84,2626.45604
-60.19364,213,2626.541384
53.03323,247,2626.564515
95.41581,144,2626.616343
191.53458,28,2626.67583
109.607544,98,2626.829102
106.474396,96,2626.829151
-48.998123,334,2626.865792
186.83092,29,2626.865841
118.881424,175,2626.887659
72.11644,166,2626.947139
173.73776,29,2627.165682
56.274723,160,2627.210988
156.86919,40,2627.218769
148.20142,36,2627.218811
141.28114,76,2627.235416
126.22591,74,2627.243179
179.68596,42,2627.282087
60.342415,59,2627.392004
157.47438,33,2627.588835
170.01642,36,2627.598548
141.41484,44,2627.609756
145.75995,47,2627.703954
56.010338,81,2627.748699
170.79703,48,2627.881947
179.38666,40,2627.98132
187.60507,33,2628.001833
-465.01544,89,2628.094125
179.41824,33,2628.2173
125.04497,70,2628.257603
128.3678,56,2628.274706
194.83636,28,2628.372074
156.92137,39,2628.379976
200.14557,27,2628.474541
126.84733,128,2628.518526
130.06941,40,2628.679838
191.95927,30,2628.690662
192.50377,28,2628.75813
-519.28094,1136,2628.758172
182.95389,29,2629.302331
148.61661,73,2629.311358
191.14975,29,2629.37687
184.09644,29,2629.376919
202.1439,32,2629.617163
192.58672,30,2629.668638
116.86132,48,2629.784118
163.86946,98,2629.821574
202.31519,27,2629.897742
165.70456,38,2630.036028
85.5786,137,2630.051908
179.65361,30,2630.072315
214.52258,32,2630.129569
-53.954876,554,2630.274557
68.67781,226,2630.543021
135.10522,46,2630.595604
53.3491,273,2630.627108
146.87833,70,2630.804418
181.57272,28,2630.863882
161.394,32,2630.989794
144.07422,69,2631.055574
133.09908,94,2631.072274
26.99831,215,2631.253802
117.565125,48,2631.363167
115.016266,76,2631.480825
71.514435,50,2631.553818
95.046234,45,2631.779189
96.33729,78,2631.854283
119.21175,50,2631.936922
6.9471292,425,2631.936962
134.10818,57,2632.108052
91.200035,213,2632.433605
93.919975,108,2632.461454
99.15813,51,2632.53843
112.94872,45,2632.580765
-469.7616,246,2632.621877
-85.11021,298,2632.621938
94.08379,155,2632.773005
183.69833,30,2632.873244
102.96639,49,2632.932981
109.14438,51,2632.942171
-372.81168,47,2632.957236
-647.1081,1447,2632.980145
101.870674,109,2632.988343
131.2683,52,2633.020282
177.63666,37,2633.079799
159.68129,103,2633.194043
175.85283,69,2633.194102
200.99734,29,2633.228415
156.1849,35,2633.228456
170.87053,44,2633.236373
196.47256,37,2633.282498
-1696.1362,1537,2633.371989
189.14761,30,2633.442812
118.6509,72,2633.523973
93.4571,62,2633.531069
122.901115,43,2633.579062
143.98021,47,2633.579108
187.42271,30,2633.619417
93.6216,170,2633.619459
133.77916,50,2633.633809
121.621704,43,2633.633853
165.89278,43,2633.785969
149.17894,42,2633.854875
199.97055,28,2633.854921
180.80333,31,2633.864179
138.48846,90,2633.968772
114.26232,56,2634.084455
186.19405,28,2634.084502
205.00946,28,2634.09326
159.44429,65,2634.101213
191.97961,32,2634.220042
118.660965,150,2634.295236
205.69737,29,2634.334006
83.418365,177,2634.388335
130.97931,46,2634.461764
102.06534,89,2634.503092
119.63604,117,2634.518532
-1302.2148,776,2634.542502
95.05072,86,2634.554349
165.33665,36,2634.79037
195.12965,31,2634.800239
63.62609,64,2634.809663
170.44899,59,2634.809707
150.33118,39,2634.835685
150.2168,41,2634.879825
142.27663,61,2634.957791
150.22336,70,2634.957838
197.1463,29,2635.035952
187.99226,34,2635.121239
5.1930056,137,2636.041029
170.17798,48,2636.049969
87.41014,212,2636.094924
142.96126,37,2636.110968
43.540344,63,2636.176927
150.37282,37,2636.185044
66.45198,217,2636.227353
188.68796,32,2636.227401
113.767944,71,2636.235382
198.4712,32,2636.314822
100.717384,76,2636.347744
171.84332,43,2636.396582
59.011925,181,2636.404419
151.1362,39,2636.412018
165.01813,32,2636.488669
14.082234,185,2636.570117
174.22444,31,2636.593874
126.315094,39,2636.625002
133.2259,52,2636.645649
159.49268,56,2636.677885
119.5489,37,2636.693509
202.96535,29,2636.722316
159.6447,78,2636.739563
106.402275,122,2636.799331
167.25078,35,2636.874202
56.302505,58,2637.021069
137.79706,54,2637.045763
67.3398,52,2637.09232
107.84539,46,2637.092367
142.19435,61,2637.151039
71.88957,96,2637.160092
87.81558,128,2637.193947
159.4321,42,2637.201833
181.25024,40,2637.341907
149.67209,37,2637.391601
174.70609,30,2637.399518
192.82812,28,2637.415091
184.82054,46,2637.465917
121.40476,62,2637.652291
153.24213,76,2637.65893
171.21211,37,2637.690453
136.87814,65,2637.721029
138.04457,68,2637.876659
-443.07684,63,2637.891475
175.88428,34,2637.9112
150.53378,70,2638.000437
8.770217,235,2638.030743
172.60593,51,2638.030785
67.646065,54,2638.092526
98.96035,176,2638.092572
152.93878,36,2638.166258
-2157.7974,1600,2638.205184
188.64983,32,2638.272913
172.57265,51,2638.291574
-380.81567,45,2638.370423
114.46019,39,2638.385702
183.9089,28,2638.412101
179.86467,61,2638.463818
85.363815,51,2638.480624
161.82156,53,2638.564914
187.38484,28,2638.60446
118.77442,48,2638.642147
186.66667,32,2638.659173
-1405.0289,1600,2638.659216
172.294,48,2638.667114
189.91386,27,2638.691871
163.4502,41,2638.691933
132.13887,45,2638.823438
205.15572,27,2638.823485
149.06477,40,2638.887297
96.24315,192,2638.906601
163.98201,32,2638.923203
203.77399,35,2638.93151
177.49902,29,2638.931554
190.8012,32,2638.956618
196.09639,32,2639.083969
191.74716,28,2639.141569
132.47144,42,2639.156684
185.77582,30,2639.16726
214.71593,27,2639.167305
157.56581,37,2639.184442
145.81425,37,2639.202267
154.07079,38,2639.238714
189.22754,30,2639.415015
127.105865,40,2639.527753
18.55688,396,2639.5278
75.41193,112,2639.568827
154.1938,71,2639.733986
74.33932,65,2639.754358
-376.67215,82,2639.803367
124.35683,39,2639.836056
-0.5480514,147,2639.852473
152.62686,37,2639.860564
106.53947,57,2639.860607
175.86479,49,2639.915448
178.38242,29,2639.988038
206.13614,28,2640.026708
82.482735,108,2640.050345
185.41779,30,2640.075181
177.59511,31,2640.113271
147.25624,37,2640.157876
122.86429,40,2640.233357
167.04422,89,2640.542674
154.20924,65,2640.550409
145.74968,76,2640.574192
162.63712,67,2640.589634
55.64525,197,2640.638387
147.74414,83,2640.742647
144.8056,71,2640.770858
-183.53722,529,2640.78625
175.62402,31,2640.786295
146.495,37,2640.879136
130.82677,48,2641.168384
108.05063,68,2641.295388
11.238264,160,2641.488406
148.455,36,2641.577375
24.610447,278,2641.577421
95.44347,109,2641.713062
127.50335,72,2641.737321
129.18938,99,2641.778127
15.87556,233,2641.785918
139.70605,90,2641.813589
84.68818,50,2641.911031
158.94116,32,2642.044174
174.87666,43,2642.06807
110.43051,138,2642.115401
125.85173,71,2642.156831
132.6119,48,2642.204712
158.4471,36,2642.326854
191.59814,28,2642.334425
204.22017,26,2642.362068
158.04994,40,2642.386468
191.47905,33,2642.591091
167.0974,33,2642.599369
33.86455,283,2642.608635
106.713776,61,2642.690652
62.199093,211,2642.6985
131.74359,68,2642.900639
172.19505,48,2642.980261
89.48724,51,2643.019048
120.89347,45,2643.05722
19.14319,145,2643.057268
142.81912,62,2643.099748
159.11476,38,2643.204726
126.35939,37,2643.264321
37.663273,192,2643.271034
195.99736,29,2643.280516
180.91212,45,2643.368633
155.17871,40,2643.40903
135.58897,39,2643.573168
184.09488,59,2643.670292
134.64774,42,2643.737838
105.51733,60,2643.755087
134.56454,62,2643.763893
173.88608,35,2644.058058
147.97298,36,2644.058105
39.485973,212,2644.084173
113.62739,74,2644.185091
99.4486,112,2644.296423
192.28787,28,2644.304021
168.89314,32,2644.357831
105.28727,75,2644.37496
199.65927,39,2644.392743
154.67966,51,2644.633241
194.8564,28,2644.64416
143.51772,36,2644.699679
189.4143,39,2644.70849
185.60475,53,2644.768044
176.61449,70,2644.89124
129.58028,40,2645.021462
155.89713,47,2645.070841
166.1844,37,2645.18122
-916.1548,1600,2645.297745
117.15534,73,2645.336952
-119.24354,330,2645.376241
102.38733,49,2645.457398
11.831015,143,2645.77667
126.89583,62,2645.784719
115.10493,60,2645.80617
136.87527,65,2645.882128
-152.5679,622,2645.97303
55.673847,101,2645.973078
166.39282,40,2646.097
206.44496,49,2646.197836
145.24307,43,2646.996423
-359.22482,1047,2647.043692
131.11276,43,2647.08537
177.9227,33,2647.129568
66.336624,66,2647.276314
-48.91984,351,2647.299236
171.60896,39,2647.316074
175.01155,33,2647.394039
70.27597,70,2647.522804
174.85439,39,2647.597883
135.36365,70,2647.639895
104.19107,48,2647.650883
77.69964,286,2647.673428
119.678116,149,2647.738064
202.9343,28,2647.82576
-606.9828,209,2647.880376
91.869606,47,2647.894847
185.423,32,2647.902783
149.17265,34,2647.948149
-76.6066,275,2647.970781
153.06422,35,2648.104294
142.82503,91,2648.116066
186.4383,34,2648.193154
165.77162,34,2648.257317
139.7365,57,2648.403506
176.49997,32,2648.438522
166.70598,34,2648.447425
166.55684,51,2648.447466
71.73337,62,2648.471503
-512.0867,182,2648.580907
168.51482,38,2648.616063
-960.5925,1216,2648.672553
209.86569,30,2648.697393
120.22029,109,2648.740254
168.3666,32,2648.77616
126.35255,51,2648.957825
161.75084,52,2649.004599
148.02214,39,2649.021491
102.37075,85,2649.041927
91.156044,52,2649.238697
141.97441,54,2649.292807
118.0875,51,2649.348139
182.61258,30,2649.422742
117.83922,62,2649.444422
176.55055,37,2649.477606
53.04958,190,2649.5213
111.65293,37,2649.689951
159.8817,33,2649.689997
139.02727,70,2649.729747
176.94925,30,2649.796809
5.7929225,134,2649.858823
199.46806,26,2649.942832
52.552887,280,2649.982179
142.44135,97,2650.040061
95.59683,69,2650.126521
172.47401,29,2650.126572
173.67644,43,2650.126581
-406.725,51,2650.157591
107.32524,39,2650.157639
186.38254,29,2650.19223
159.50578,31,2650.237676
162.72371,37,2650.432506
166.82654,41,2650.539568
176.89183,45,2650.539626
167.78291,36,2650.553758
156.73839,51,2650.567012
135.1552,130,2650.624519
154.7151,66,2650.75245
132.65335,67,2650.798809
186.26624,31,2650.887125
160.54593,39,2650.960105
71.789604,56,2650.987279
-285.50928,982,2651.016842
54.6327,170,2651.032973
-1225.8824,1600,2651.100825
150.77661,42,2651.116661
160.24905,57,2651.159265
82.718124,68,2651.194192
166.16347,34,2651.25645
128.93982,47,2651.287655
122.48867,85,2651.33456
141.70383,66,2651.357537
181.46265,30,2651.478513
165.78897,40,2651.494542
114.11345,52,2651.49461
165.2693,38,2651.636105
72.322395,58,2651.657069
186.57077,30,2651.787901
125.3385,55,2651.83114
158.53827,36,2651.839139
164.73868,54,2651.928312
205.28125,30,2651.940921
178.82976,32,2651.987778
143.60019,63,2651.998402
148.96082,102,2652.039292
-78.35855,239,2652.268859
156.9792,45,2652.268903
162.49675,46,2652.344306
91.738,52,2652.404358
124.082184,69,2652.491026
58.313587,173,2652.608217
90.07212,88,2652.608273
147.38846,74,2652.65156
93.80693,70,2652.651607
160.44513,53,2652.755858
149.24466,40,2652.782574
100.27468,56,2655.60271
165.58862,37,2655.693234
181.4757,35,2655.711337
149.04407,33,2655.809156
176.35794,37,2655.884452
102.9937,79,2655.992836
186.78625,36,2656.06969
-395.08557,434,2656.135798
94.12702,54,2656.145838
137.48009,78,2656.154463
160.8476,36,2656.173097
156.10927,46,2656.181329
166.32712,39,2656.262486
176.2108,30,2656.43009
166.97672,51,2656.453443
168.66034,46,2656.470658
180.99739,37,2656.470705
147.36035,40,2656.480845
166.11475,38,2656.505851
134.29549,42,2656.505899
104.48038,51,2656.685244
203.97615,27,2656.693162
181.60497,34,2656.958434
133.69691,39,2657.007347
129.14445,80,2657.138701
136.17291,83,2657.138748
183.6897,30,2657.186779
95.096344,105,2657.336094
204.59111,27,2657.354119
146.59639,44,2657.531813
90.27859,136,2657.531858
134.4599,59,2657.602203
115.259254,90,2657.704453
-66.316895,398,2657.74181
194.91983,56,2657.803187
152.65143,38,2657.84519
121.71712,40,2657.861207
200.79608,29,2658.05392
120.227196,43,2658.083289
16.187086,360,2658.12063
108.08216,102,2658.185448
-512.0479,488,2658.225938
149.30849,54,2658.309276
108.067444,85,2658.324897
158.72351,32,2658.324938
168.07217,67,2658.433518
169.29579,39,2658.441589
150.19191,34,2658.503346
156.94907,65,2658.617507
99.31159,53,2658.741845
191.1027,53,2658.741889
128.69148,49,2658.819786
137.41795,136,2658.864422
-1531.2849,1600,2658.913836
103.81535,93,2658.921083
159.01294,33,2659.00054
141.10593,65,2659.01
156.58487,36,2659.024886
148.61176,34,2659.092032
144.30092,63,2659.109757
139.82286,36,2659.20336
110.42545,101,2659.224111
175.99902,53,2659.303349
186.83015,26,2659.328747
195.7061,38,2659.372557
167.82567,33,2659.720287
82.48128,65,2659.766392
142.00516,61,2659.950852
141.40767,77,2660.010592
68.456154,113,2660.131854
105.43129,47,2660.246754
-436.89847,49,2660.418354
168.46237,39,2660.493513
158.69551,55,2660.524547
54.738625,246,2660.532195
115.88408,96,2660.630549
-1268.3589,1600,2660.658731
179.6721,27,2660.753858
197.21527,29,2660.949345
-403.74106,82,2661.003318
128.06673,49,2661.003367
95.56762,48,2661.578619
122.28629,72,2661.654743
212.16284,34,2661.771707
183.94164,29,2661.77175
101.012505,54,2661.79383
205.24724,30,2661.954952
93.912155,48,2661.954999
-174.2497,237,2662.043006
190.19621,27,2662.227106
185.88287,34,2662.295118
176.92445,39,2662.449867
50.816265,72,2662.486569
191.37709,30,2662.51796
51.259663,320,2662.587745
88.03114,110,2662.679784
95.82049,60,2663.020962
-415.74365,49,2663.029214
117.62886,71,2663.078868
141.39334,78,2663.242875
208.21513,27,2663.297379
161.29735,43,2663.470426
147.20554,37,2663.549763
138.99756,67,2663.616035
52.007244,150,2663.646368
58.665134,82,2663.949167
147.07167,54,2663.974916
150.4295,43,2663.984151
-960.5772,987,2664.015356
150.06183,86,2664.230225
-13.577341,281,2664.366793
144.26283,41,2664.387796
162.2708,36,2664.41251
165.33548,40,2664.424849
189.66238,36,2664.618372
189.21875,30,2664.765575
156.31566,39,2664.829565
59.98226,79,2664.850113
98.58025,51,2664.979104
54.609444,59,2665.01522
-80.2399,349,2665.11491
180.5397,34,2665.16101
180.64128,34,2665.321941
130.1084,174,2665.350373
163.58478,37,2665.513454
97.110596,51,2665.544427
118.1749,50,2665.702159
168.03271,34,2665.871147
115.11687,56,2665.944327
141.20355,61,2665.965077
182.03815,29,2666.267718
106.07803,69,2666.267762
94.69183,57,2666.462625
122.17997,46,2666.761802
58.4861,80,2666.799817
-2030.6075,1600,2666.884107
112.79811,214,2666.894819
160.37021,77,2667.11115
146.32878,65,2667.183692
148.84775,38,2667.183774
131.95915,56,2667.509598
165.36212,35,2667.56794
99.00757,64,2667.589436
51.9954,177,2667.611372
156.74019,63,2667.801151
194.34123,30,2668.920413
140.64339,37,2669.016801
134.82117,46,2669.035628
161.6918,82,2669.085541
178.20938,33,2669.145546
-802.2432,1189,2669.153372
179.53651,29,2669.308598
121.663506,55,2669.495261
184.46828,34,2669.544715
90.122025,96,2669.636006
141.5241,39,2669.712756
112.17192,77,2669.765795
207.00557,28,2669.773397
-157.91866,380,2669.773439
142.97958,67,2669.804924
185.74434,31,2669.883022
205.13501,27,2669.986927
169.43402,38,2670.075183
176.41699,40,2670.120762
138.37514,37,2670.173816
-228.41185,247,2670.244724
164.36542,37,2670.267495
154.63962,33,2670.518806
136.9809,100,2670.553421
36.9122,170,2670.553468
97.44299,145,2670.703939
-167.43234,719,2670.736714
121.34666,69,2670.784648
125.92014,66,2670.83026
70.15652,89,2670.837415
165.60951,43,2670.957898
-145.11694,516,2670.966037
169.35559,35,2671.013443
154.79163,49,2671.092046
123.18407,44,2671.108061
174.5309,30,2671.208571
112.296364,51,2671.251075
139.23698,59,2671.354841
196.46672,26,2671.375046
132.42332,48,2671.452841
196.73198,29,2671.4899
180.2862,34,2671.548921
144.33702,67,2671.71867
-2067.9473,1600,2671.754375
128.72221,48,2671.765383
168.84134,41,2671.79015
182.65848,37,2671.800679
94.21071,71,2671.943203
180.5614,30,2672.018589
187.4712,27,2672.018631
153.39636,36,2672.099727
115.23863,184,2672.167637
150.42252,51,2672.183964
58.553726,58,2672.20784
66.82382,151,2672.248067
15.781049,313,2672.337711
152.85373,39,2672.337757
-724.4245,1205,2672.378346
128.89857,58,2672.417559
181.6717,47,2672.502273
168.03876,35,2672.514517
-1065.7932,1280,2672.638216
81.019104,55,2672.645829
171.68294,34,2672.645869
109.3251,60,2672.704112
-1339.5082,1600,2672.76798
148.0179,36,2672.809949
180.14198,46,2672.897417
172.40912,78,2672.91278
160.65599,58,2672.921248
93.80858,68,2672.978906
-422.86432,168,2672.992792
158.2672,34,2673.073658
152.38951,52,2673.093801
131.00609,45,2673.233754
-37.937626,139,2673.243228
124.206894,42,2673.299233
150.75023,35,2673.308178
167.45854,37,2673.342325
135.2893,71,2673.35547
160.59575,37,2673.433219
-609.56635,330,2673.445368
173.39241,34,2673.63769
80.09727,57,2673.649694
178.69354,32,2673.659763
113.46362,79,2673.685615
-10.810641,148,2673.702064
130.45541,58,2673.800694
187.42592,32,2673.97407
136.20766,34,2674.078227
189.93307,36,2674.078274
97.22567,90,2674.16493
185.46964,53,2674.21994
153.11073,37,2674.42046
97.86571,102,2674.465523
41.692387,190,2674.475878
180.60655,34,2675.980069
-51.556843,199,2676.00391
143.96988,95,2676.046129
139.6543,35,2676.25861
150.68045,85,2676.258701
146.65106,41,2676.334162
109.30144,47,2676.342676
152.39815,45,2676.453581
70.05317,170,2676.576384
172.85857,33,2676.640079
202.79912,36,2676.797422
145.85521,82,2676.84637
158.82684,62,2676.856646
156.03726,64,2676.960838
58.948425,113,2677.093869
35.51169,239,2677.126711
164.76392,33,2677.174578
128.93091,41,2677.193035
98.09546,72,2677.358636
131.6777,35,2677.424437
140.94238,48,2677.424522
-508.94354,193,2677.476701
204.46198,28,2677.476748
86.546,226,2677.72517
106.89218,67,2677.773377
123.98747,48,2677.800434
115.76307,71,2677.858149
101.81937,67,2678.060516
-47.71683,381,2678.101292
-403.48645,46,2678.139489
-42.185337,310,2678.24876
124.52916,48,2678.296935
122.23978,40,2678.434677
88.4897,44,2678.434719
160.32487,44,2678.506903
164.28888,34,2678.531596
-1307.6052,1600,2678.584509
111.9743,98,2678.642916
189.38991,53,2678.71228
84.2945,146,2678.747805
85.268074,115,2678.747852
168.68224,32,2678.755909
162.4814,33,2678.788264
-143.24477,216,2678.798126
79.56006,290,2678.908214
161.17995,32,2678.908274
60.80162,61,2678.925153
-15.728059,442,2678.960412
157.13936,34,2679.011281
151.77812,72,2679.030287
171.26407,58,2679.071214
148.8111,38,2679.082839
117.0143,190,2679.091427
119.20217,38,2679.091471
191.07767,34,2679.100319
153.6117,35,2679.262232
176.01897,37,2679.319878
150.77235,34,2679.3713
116.476425,78,2679.408817
154.74606,63,2679.460838
68.93557,90,2679.549633
143.18642,38,2679.572947
178.66945,32,2679.624741
112.27192,72,2679.654203
131.96693,71,2679.662708
73.18182,92,2679.670557
181.25146,35,2679.686813
207.72134,27,2679.759673
132.26814,63,2679.813669
196.28436,33,2679.910436
168.269,59,2679.91048
123.96036,44,2679.962473
155.09926,39,2679.985599
147.79759,48,2680.026134
136.50941,40,2680.129205
147.93863,99,2680.343735
185.98172,27,2680.343781
137.34064,81,2680.391297
73.93751,176,2680.432055
105.61669,185,2680.572152
120.95175,69,2680.580358
182.74991,31,2680.67852
165.44817,46,2680.710624
94.990974,103,2680.733549
139.94958,45,2680.747861
103.801025,106,2680.79444
97.89777,105,2680.810668
132.32225,37,2680.86196
152.35188,41,2680.884458
134.26128,33,2680.931764
203.72424,27,2680.941082
164.76628,32,2681.054362
164.55788,54,2681.168354
165.45053,47,2681.182722
-448.52222,119,2681.274746
